# Blender 5.1.2
# www.blender.org
mtllib SM_Fireaxe.mtl
o SM_Fireaxe
v -0.200076 0.613781 0.000576
v -0.006224 0.435888 0.035798
v -0.006224 0.590312 0.035791
v 0.048857 0.590606 0.025936
v -0.061007 0.434310 0.022857
v -0.061007 0.591910 0.022857
v 0.021357 0.435715 0.033265
v 0.021357 0.590606 0.033265
v -0.033518 0.435715 0.032542
v -0.033518 0.590606 0.032542
v -0.128758 0.427090 0.009425
v -0.128759 0.599289 0.009425
v -0.094401 0.594984 0.014648
v -0.094401 0.431257 0.014647
v -0.160752 0.420945 0.005876
v 0.195633 0.537434 0.007054
v 0.159843 0.559027 0.012357
v 0.097429 0.583832 0.019243
v 0.082043 0.449094 0.020872
v 0.214847 0.520308 0.004067
v 0.087340 0.513969 0.021839
v 0.124190 0.574048 0.017216
v 0.041412 0.592047 0.026597
v 0.042010 0.435201 0.027735
v 0.072465 0.587881 0.023367
v 0.036600 0.592186 0.012443
v 0.017995 0.591867 0.022210
v -0.006607 0.591601 0.025423
v -0.031991 0.591882 0.022219
v -0.050074 0.592576 0.012943
v 0.084822 0.513966 0.021899
v -0.210327 0.455516 0.000538
v -0.210188 0.572749 0.000538
v -0.215904 0.523821 0.000538
v -0.215762 0.502681 0.000538
v -0.198463 0.572979 0.003412
v -0.203721 0.527084 0.003108
v -0.203634 0.500520 0.003112
v -0.198693 0.455426 0.003408
v -0.200076 0.412517 0.000538
v 0.083633 0.513220 0.022071
v 0.083227 0.451427 0.020872
v 0.215474 0.513092 0.003573
v 0.215587 0.519225 0.003950
v 0.209935 0.526233 0.004548
v 0.206581 0.513386 0.005353
v 0.215901 0.513629 0.003573
v 0.202113 0.532054 0.006097
v 0.184641 0.546386 0.008221
v 0.168726 0.554284 0.011140
v 0.149772 0.565048 0.012826
v 0.031702 0.590730 0.030969
v 0.027322 0.591089 0.017493
v 0.031702 0.434020 0.029678
v 0.007622 0.590404 0.035153
v 0.005898 0.590684 0.023621
v 0.007624 0.434617 0.033871
v -0.019965 0.591648 0.033762
v -0.019462 0.590673 0.023852
v -0.020030 0.435884 0.035054
v -0.046850 0.591022 0.028357
v -0.041137 0.591230 0.017828
v -0.046852 0.434004 0.027074
v 0.040888 0.592200 0.006779
v -0.054685 0.592635 0.006560
v -0.078011 0.432903 0.018089
v -0.078012 0.594603 0.016800
v -0.111350 0.427990 0.010624
v -0.111350 0.596899 0.011914
v -0.144492 0.424082 0.007446
v -0.144492 0.602931 0.006403
v -0.175174 0.608671 0.003656
v -0.177370 0.417396 0.004383
v -0.205282 0.594622 0.000538
v -0.193524 0.594106 0.003742
v -0.213761 0.550290 0.000538
v -0.201709 0.551687 0.003169
v -0.213726 0.476947 0.000538
v -0.201660 0.476020 0.003176
v -0.205677 0.434124 0.000538
v -0.193883 0.434045 0.003725
v 0.036284 0.587369 0.011512
v 0.027322 0.587369 0.017493
v 0.017709 0.587369 0.021270
v 0.005937 0.587369 0.023611
v -0.006561 0.587369 0.024430
v -0.019423 0.587369 0.023851
v -0.031847 0.587369 0.021247
v -0.041137 0.587369 0.017830
v -0.049347 0.587369 0.012283
v -0.054330 0.587369 0.005643
v -0.056010 0.587369 0.000000
v 0.036284 0.591212 0.011512
v 0.017709 0.590882 0.021270
v -0.006640 0.590618 0.024441
v -0.031847 0.590897 0.021247
v -0.049347 0.591567 0.012283
v -0.056010 0.591852 0.000000
v 0.027626 0.592068 0.018427
v 0.006042 0.591669 0.024594
v -0.019513 0.591655 0.024834
v -0.041606 0.592221 0.018692
v 0.040430 0.591099 0.006214
v -0.054330 0.591634 0.005643
v 0.042294 0.591042 -0.000000
v 0.040292 0.587369 0.006144
v -0.006224 0.434597 0.034507
v -0.006272 0.591602 0.034502
v 0.048857 0.434424 0.024646
v 0.049125 0.435656 0.025907
v 0.049356 0.590707 0.025882
v 0.048857 0.591896 0.024646
v 0.048551 0.591902 0.024683
v 0.048361 0.591915 0.024745
v -0.061007 0.433019 0.021567
v -0.060052 0.593146 0.021991
v -0.060540 0.593159 0.021655
v -0.060743 0.593181 0.021594
v -0.061007 0.593201 0.021567
v 0.021357 0.434424 0.031974
v 0.020981 0.591893 0.032030
v -0.033518 0.434424 0.031251
v -0.033329 0.591895 0.031265
v -0.128758 0.425799 0.008587
v -0.128759 0.600387 0.008134
v -0.094401 0.596274 0.013358
v -0.094401 0.429966 0.013357
v -0.160438 0.605805 0.004938
v -0.160766 0.604964 0.005887
v -0.160168 0.420280 0.004988
v 0.195964 0.538456 0.006611
v 0.160299 0.560233 0.011486
v 0.097199 0.582562 0.020559
v 0.081106 0.450089 0.022287
v 0.212716 0.513015 0.003759
v 0.212703 0.513404 0.004353
v 0.215279 0.520507 0.003673
v 0.086666 0.512938 0.020633
v 0.124863 0.575146 0.015841
v 0.041829 0.590745 0.027819
v 0.042011 0.433910 0.026444
v 0.072274 0.589157 0.022099
v 0.084642 0.512675 0.020633
v 0.083327 0.509776 0.020872
v 0.082809 0.509785 0.022219
v -0.188840 0.610852 0.003592
v -0.188478 0.611378 0.002796
v -0.189897 0.414454 0.002895
v -0.189927 0.415024 0.003531
v 0.083824 0.511943 0.020758
v 0.081945 0.451735 0.022287
v 0.215904 0.519444 0.003573
v 0.209591 0.525380 0.004904
v 0.206237 0.512938 0.004524
v 0.215587 0.513789 0.003950
v 0.189173 0.512938 0.007000
v 0.189232 0.513499 0.008007
v 0.202837 0.532907 0.005584
v 0.184813 0.545177 0.008674
v 0.142403 0.512938 0.013450
v 0.142845 0.514061 0.014680
v 0.169417 0.555371 0.010288
v 0.149591 0.563770 0.013761
v 0.031303 0.592025 0.029741
v 0.031702 0.435311 0.030969
v 0.007431 0.591692 0.033877
v 0.007624 0.435908 0.035162
v -0.020030 0.590356 0.035051
v -0.020030 0.434594 0.033763
v -0.046234 0.592302 0.027222
v -0.046852 0.435294 0.028365
v -0.078011 0.431613 0.016798
v -0.078012 0.593313 0.018091
v -0.111350 0.429280 0.011914
v -0.111350 0.598190 0.010624
v -0.144492 0.423208 0.006610
v -0.144492 0.602006 0.007446
v -0.175510 0.608192 0.004663
v -0.177072 0.416995 0.003685
v -0.031991 0.591882 -0.022219
v -0.033329 0.591895 -0.031265
v -0.019965 0.591648 -0.033762
v -0.019513 0.591655 -0.024834
v -0.006607 0.591601 -0.025423
v -0.006272 0.591602 -0.034502
v 0.007431 0.591692 -0.033877
v 0.006042 0.591669 -0.024594
v -0.050074 0.592576 -0.012943
v -0.060052 0.593146 -0.021991
v -0.046234 0.592302 -0.027222
v -0.041606 0.592221 -0.018692
v -0.006224 0.434597 -0.034507
v -0.020030 0.434594 -0.033763
v -0.006640 0.590618 -0.024441
v 0.005898 0.590684 -0.023621
v 0.005937 0.587369 -0.023611
v -0.006561 0.587369 -0.024430
v 0.040430 0.591099 -0.006214
v 0.041735 0.587369 -0.000000
v 0.040292 0.587369 -0.006144
v 0.017709 0.590882 -0.021270
v 0.027322 0.591089 -0.017493
v 0.027322 0.587369 -0.017493
v 0.017709 0.587369 -0.021270
v -0.049347 0.591567 -0.012283
v -0.041137 0.591230 -0.017828
v -0.041137 0.587369 -0.017830
v -0.049347 0.587369 -0.012283
v 0.036599 0.592186 -0.012443
v 0.027626 0.592068 -0.018427
v 0.031303 0.592025 -0.029741
v 0.041412 0.592047 -0.026597
v 0.082043 0.449094 -0.020872
v 0.048857 0.434424 -0.024646
v 0.083327 0.509776 -0.020872
v 0.083227 0.451427 -0.020872
v 0.124190 0.574048 -0.017216
v 0.097199 0.582562 -0.020559
v 0.084822 0.513966 -0.021899
v 0.087340 0.513969 -0.021840
v 0.159844 0.559027 -0.012357
v 0.149591 0.563770 -0.013761
v 0.142845 0.514061 -0.014680
v 0.195633 0.537434 -0.007054
v 0.184813 0.545177 -0.008674
v 0.189232 0.513499 -0.008007
v 0.215587 0.519225 -0.003950
v 0.212703 0.513404 -0.004353
v 0.215587 0.513789 -0.003950
v -0.033518 0.590606 -0.032542
v -0.046850 0.591022 -0.028357
v -0.046852 0.435294 -0.028365
v -0.033518 0.435715 -0.032542
v -0.006224 0.590312 -0.035791
v -0.020030 0.590356 -0.035051
v -0.020030 0.435884 -0.035054
v -0.006224 0.435888 -0.035798
v 0.021357 0.590606 -0.033265
v 0.007622 0.590404 -0.035153
v 0.007624 0.435908 -0.035162
v 0.021357 0.435715 -0.033265
v 0.041829 0.590745 -0.027819
v 0.031702 0.590730 -0.030969
v 0.031702 0.435311 -0.030969
v 0.042010 0.435201 -0.027735
v 0.048857 0.590606 -0.025936
v 0.049125 0.435656 -0.025907
v 0.072465 0.587881 -0.023367
v 0.083633 0.513220 -0.022071
v -0.094401 0.431257 -0.014647
v -0.078011 0.432903 -0.018089
v -0.078012 0.593313 -0.018091
v -0.094401 0.594984 -0.014648
v -0.128758 0.427090 -0.009425
v -0.111350 0.429280 -0.011914
v -0.111350 0.596899 -0.011914
v -0.128759 0.599289 -0.009425
v -0.160752 0.420945 -0.005876
v -0.144492 0.424082 -0.007446
v -0.144492 0.602006 -0.007446
v -0.160766 0.604964 -0.005887
v -0.198693 0.455426 -0.003408
v -0.193883 0.434045 -0.003725
v -0.177370 0.417396 -0.004383
v -0.210327 0.455516 -0.000538
v -0.205677 0.434124 -0.000538
v -0.203634 0.500520 -0.003112
v -0.215762 0.502681 -0.000538
v -0.213726 0.476947 -0.000538
v -0.201660 0.476020 -0.003176
v -0.188840 0.610852 -0.003592
v -0.200076 0.613780 -0.000576
v -0.205282 0.594622 -0.000538
v -0.193524 0.594106 -0.003742
v -0.198463 0.572979 -0.003412
v -0.210188 0.572749 -0.000538
v -0.213761 0.550290 -0.000538
v -0.201709 0.551687 -0.003169
v -0.203721 0.527084 -0.003108
v -0.215904 0.523821 -0.000538
v -0.188478 0.611378 -0.002796
v 0.215279 0.520507 -0.003673
v 0.215904 0.519444 -0.003573
v 0.209591 0.525380 -0.004904
v 0.202113 0.532054 -0.006097
v 0.206581 0.513386 -0.005353
v 0.214846 0.520308 -0.004067
v 0.168726 0.554284 -0.011140
v 0.081106 0.450089 -0.022287
v 0.081945 0.451735 -0.022287
v 0.082809 0.509785 -0.022219
v 0.049356 0.590707 -0.025882
v 0.036284 0.591212 -0.011512
v 0.036284 0.587369 -0.011512
v 0.017995 0.591867 -0.022210
v 0.020981 0.591893 -0.032030
v -0.031847 0.590897 -0.021247
v -0.031847 0.587369 -0.021247
v -0.061007 0.591910 -0.022857
v -0.061007 0.434310 -0.022857
v -0.061007 0.593201 -0.021567
v -0.060743 0.593181 -0.021594
v -0.056240 0.592840 0.000000
v -0.060540 0.593159 -0.021655
v -0.054685 0.592635 -0.006560
v 0.040888 0.592200 -0.006779
v 0.048361 0.591915 -0.024745
v -0.078011 0.431613 -0.016798
v -0.094401 0.429966 -0.013357
v -0.200076 0.412517 -0.000538
v -0.189927 0.415024 -0.003531
v -0.175510 0.608192 -0.004663
v -0.054330 0.587369 -0.005643
v -0.054330 0.591634 -0.005643
v -0.019423 0.587369 -0.023851
v -0.019462 0.590673 -0.023852
v 0.042011 0.433910 -0.026444
v 0.031702 0.434020 -0.029678
v 0.021357 0.434424 -0.031974
v 0.007624 0.434617 -0.033871
v 0.215901 0.513629 -0.003573
v 0.042535 0.592020 -0.000000
v 0.048551 0.591902 -0.024683
v 0.048857 0.591896 -0.024646
v -0.189897 0.414454 -0.002895
v -0.033518 0.434424 -0.031251
v -0.046852 0.434004 -0.027074
v -0.094401 0.596274 -0.013358
v -0.078012 0.594603 -0.016800
v -0.111350 0.427990 -0.010624
v -0.160438 0.605805 -0.004938
v -0.144492 0.602931 -0.006403
v -0.128759 0.600387 -0.008134
v -0.111350 0.598190 -0.010624
v -0.061007 0.433019 -0.021567
v -0.175174 0.608671 -0.003656
v -0.128758 0.425799 -0.008587
v -0.144492 0.423208 -0.006610
v 0.212716 0.513015 -0.003759
v 0.206237 0.512938 -0.004524
v 0.160299 0.560233 -0.011486
v 0.169417 0.555371 -0.010288
v 0.124863 0.575146 -0.015841
v 0.149772 0.565048 -0.012826
v 0.086666 0.512938 -0.020633
v 0.084642 0.512675 -0.020633
v 0.195964 0.538456 -0.006611
v 0.202837 0.532907 -0.005584
v -0.160168 0.420280 -0.004988
v -0.177072 0.416995 -0.003685
v 0.097429 0.583832 -0.019243
v 0.072274 0.589157 -0.022099
v 0.083824 0.511943 -0.020758
v 0.215474 0.513092 -0.003573
v 0.209935 0.526233 -0.004548
v 0.189173 0.512938 -0.007000
v 0.142403 0.512938 -0.013450
v 0.184641 0.546386 -0.008221
v 0.023662 0.034493 -0.000000
v 0.044650 0.357623 0.006262
v 0.032154 0.276840 0.006262
v 0.026088 0.196058 0.006262
v 0.022508 0.034493 0.006262
v 0.021454 -0.086677 0.006262
v 0.021776 -0.207854 0.006262
v 0.022157 -0.288637 0.006262
v 0.020759 -0.369419 0.006262
v 0.016952 -0.450202 0.006262
v 0.039607 0.357623 0.012097
v 0.027670 0.276840 0.012097
v 0.022654 0.196058 0.012097
v 0.019124 0.034493 0.012097
v 0.018099 -0.086677 0.012097
v 0.018391 -0.207854 0.012097
v 0.018686 -0.288637 0.012097
v 0.017242 -0.369419 0.012097
v 0.013483 -0.450202 0.012097
v 0.031586 0.357623 0.017107
v 0.020536 0.276840 0.017107
v 0.017190 0.196058 0.017107
v 0.013740 0.034493 0.017107
v 0.012761 -0.086676 0.017107
v 0.013006 -0.207854 0.017107
v 0.013165 -0.288637 0.017107
v 0.011648 -0.369419 0.017107
v 0.007966 -0.450202 0.017107
v 0.020189 0.357623 0.021325
v 0.012311 0.276840 0.020851
v 0.010043 0.196058 0.021022
v 0.006687 0.034493 0.021028
v 0.005767 -0.086676 0.021031
v 0.005939 -0.207854 0.021041
v 0.005893 -0.288637 0.021058
v 0.004265 -0.369419 0.021067
v 0.000700 -0.450202 0.021058
v 0.007794 0.357623 0.023648
v 0.003169 0.276840 0.023276
v 0.001774 0.196058 0.023435
v -0.001454 0.034493 0.023438
v -0.002313 -0.086677 0.023445
v -0.002219 -0.207854 0.023458
v -0.002465 -0.288637 0.023472
v -0.004200 -0.369419 0.023479
v -0.007653 -0.450202 0.023472
v -0.005679 0.357623 0.024601
v -0.005858 0.276840 0.024254
v -0.006941 0.196058 0.024348
v -0.010032 0.034493 0.024352
v -0.010812 -0.086677 0.024356
v -0.010773 -0.207854 0.024365
v -0.011209 -0.288637 0.024378
v -0.013045 -0.369419 0.024384
v -0.019163 0.357623 0.023882
v -0.014914 0.276840 0.023720
v -0.015665 0.196058 0.023586
v -0.018620 0.034493 0.023593
v -0.019321 -0.086677 0.023595
v -0.019338 -0.207854 0.023605
v -0.019963 -0.288637 0.023623
v -0.021901 -0.369419 0.023632
v -0.032054 0.357623 0.021652
v -0.024292 0.276840 0.021577
v -0.023877 0.196058 0.021287
v -0.026708 0.034493 0.021300
v -0.027334 -0.086678 0.021303
v -0.027410 -0.207854 0.021321
v -0.028225 -0.288637 0.021354
v -0.030266 -0.369419 0.021371
v -0.044301 -0.526738 0.021770
v -0.042509 0.357623 0.018130
v -0.033607 0.276840 0.017913
v -0.031005 0.196058 0.017558
v -0.033733 0.034493 0.017575
v -0.034298 -0.086678 0.017580
v -0.034433 -0.207854 0.017606
v -0.035426 -0.288637 0.017652
v -0.037562 -0.369419 0.017677
v -0.042055 -0.450202 0.017651
v -0.054816 -0.526738 0.018379
v -0.051065 0.357623 0.013016
v -0.041138 0.276840 0.012784
v -0.036650 0.196058 0.012471
v -0.039302 0.034493 0.012485
v -0.039822 -0.086679 0.012490
v -0.040017 -0.207854 0.012513
v -0.041172 -0.288637 0.012554
v -0.043394 -0.369419 0.012577
v -0.047797 -0.450202 0.012553
v -0.063337 -0.526738 0.013257
v -0.056962 0.357623 0.006262
v -0.046215 0.276840 0.006262
v -0.040331 0.196058 0.006262
v -0.042940 0.034493 0.006262
v -0.043435 -0.086679 0.006262
v -0.043681 -0.207854 0.006262
v -0.044961 -0.288637 0.006262
v -0.047252 -0.369419 0.006262
v -0.051583 -0.450202 0.006262
v -0.068868 -0.526738 0.006262
v -0.044094 0.034493 0.000000
v -0.044579 -0.086679 0.000000
v -0.044836 -0.207854 0.000000
v -0.036123 -0.460849 0.021618
v -0.028186 -0.468054 0.023700
v -0.018958 -0.468067 0.024343
v -0.057177 -0.460849 0.006262
v -0.052491 -0.460849 0.012983
v -0.045144 -0.460849 0.018092
v -0.038030 -0.475240 0.021749
v -0.059705 -0.475130 0.006262
v -0.055036 -0.475152 0.013067
v -0.047768 -0.475185 0.018322
v -0.036845 -0.488459 0.021469
v -0.029536 -0.495130 0.023502
v -0.019920 -0.495088 0.024279
v -0.056686 -0.488723 0.006262
v -0.052187 -0.488673 0.012863
v -0.045327 -0.488608 0.018007
v -0.039027 -0.501807 0.021596
v -0.060637 -0.501660 0.000000
v -0.059344 -0.501658 0.006262
v -0.054656 -0.501683 0.012953
v -0.047633 -0.501723 0.018113
v -0.043211 -0.513924 0.021931
v -0.034237 -0.520298 0.023807
v -0.023802 -0.520312 0.024434
v -0.067311 -0.513924 0.006262
v -0.061933 -0.513924 0.013302
v -0.053766 -0.513924 0.018549
v -0.061243 -0.539992 0.013138
v -0.053447 -0.539913 0.018040
v -0.044373 -0.539648 0.021548
v -0.035028 -0.545120 0.023766
v -0.024956 -0.545074 0.024621
v -0.068198 -0.540011 0.000000
v -0.066820 -0.540010 0.006262
v -0.064671 -0.550615 0.013337
v -0.056481 -0.550580 0.018468
v -0.046451 -0.550296 0.021938
v -0.070381 -0.550637 0.006262
v -0.078485 -0.583015 0.009204
v -0.074301 -0.584741 0.014146
v -0.068371 -0.585882 0.017950
v -0.054005 -0.586140 0.022622
v -0.040618 -0.585719 0.024512
v -0.027368 -0.585391 0.025159
v -0.014169 -0.585177 0.024209
v -0.002162 -0.585098 0.021693
v 0.008613 -0.585065 0.017107
v 0.015265 -0.585065 0.012097
v 0.019446 -0.585065 0.006262
v -0.075564 -0.563318 0.013609
v -0.066646 -0.563283 0.019058
v -0.055029 -0.563263 0.022598
v -0.043836 -0.568857 0.024783
v -0.081235 -0.563332 0.006262
v -0.075701 -0.575024 0.015237
v -0.068447 -0.574792 0.019185
v -0.056523 -0.574735 0.022749
v -0.081311 -0.574927 0.009904
v 0.017547 0.397970 0.021285
v 0.028232 0.397944 0.017107
v 0.035816 0.397928 0.012097
v 0.040583 0.397916 0.006262
v -0.056478 0.397925 0.000000
v -0.054852 0.397929 0.006262
v -0.049331 0.397940 0.012941
v -0.041266 0.397955 0.018057
v -0.031374 0.397971 0.021611
v -0.019387 0.397996 0.023830
v -0.006764 0.398004 0.024553
v 0.005849 0.397994 0.023612
v -0.041209 -0.613781 0.000000
v -0.021360 -0.613781 0.000000
v 0.020257 -0.599419 0.006262
v 0.015704 -0.604757 0.012097
v 0.010178 -0.611381 0.016261
v 0.002783 -0.611437 0.019535
v -0.005770 -0.611510 0.021680
v -0.014152 -0.611652 0.022461
v -0.022559 -0.611857 0.021791
v -0.030967 -0.612019 0.020608
v -0.041209 -0.612111 0.019346
v 0.022930 -0.207854 -0.000000
v -0.047744 0.276840 0.000000
v -0.057954 -0.488723 0.000000
v 0.020873 -0.585065 -0.000000
v -0.080823 -0.581596 0.000000
v 0.007934 -0.613781 -0.000000
v 0.039727 0.371602 0.012097
v 0.044847 0.371597 0.006262
v -0.058056 0.371603 0.006262
v -0.052092 0.371608 0.012983
v -0.043414 0.371614 0.018098
v -0.032793 0.371622 0.021634
v -0.019793 0.371632 0.023859
v -0.006156 0.371636 0.024580
v 0.007469 0.371631 0.023632
v 0.020047 0.371621 0.021308
v 0.031581 0.371610 0.017107
v -0.046131 -0.441555 0.012556
v -0.040380 -0.441555 0.017654
v -0.034859 -0.450202 0.021353
v -0.026048 -0.450202 0.023622
v -0.016391 -0.450202 0.024377
v -0.049924 -0.441555 0.006262
v -0.045623 -0.495292 0.017998
v -0.037299 -0.495215 0.021478
v -0.010899 -0.495055 0.023496
v -0.001839 -0.495052 0.021111
v 0.006148 -0.495049 0.017107
v 0.012118 -0.495049 0.012097
v 0.015871 -0.495049 0.006262
v 0.017151 -0.495049 -0.000000
v -0.057024 -0.495369 0.006262
v -0.052474 -0.495337 0.012864
v -0.037442 -0.468038 0.021741
v -0.009152 -0.468089 0.023432
v -0.000411 -0.468091 0.021070
v 0.007238 -0.468092 0.017107
v 0.012937 -0.468092 0.012097
v 0.016519 -0.468092 0.006262
v -0.060608 -0.467861 0.000000
v -0.059387 -0.467863 0.006262
v -0.054624 -0.467909 0.013090
v -0.047134 -0.467979 0.018286
v -0.063651 -0.520169 0.013316
v -0.055182 -0.520199 0.018528
v -0.044398 -0.520250 0.021898
v -0.013093 -0.520328 0.023519
v -0.003559 -0.520328 0.021148
v 0.004910 -0.520330 0.017107
v 0.011172 -0.520331 0.012096
v 0.015109 -0.520331 0.006262
v -0.069137 -0.520145 0.006262
v -0.062104 -0.545553 0.013213
v -0.054190 -0.545482 0.018194
v -0.044822 -0.545158 0.021687
v -0.014798 -0.545032 0.023866
v -0.004103 -0.545005 0.021417
v 0.005443 -0.545008 0.017107
v 0.011892 -0.545010 0.012097
v 0.015945 -0.545012 0.006262
v 0.017328 -0.545012 -0.000000
v -0.067743 -0.545579 0.006262
v -0.077337 -0.568810 0.013677
v -0.068416 -0.568805 0.019153
v -0.056628 -0.568837 0.022727
v -0.003963 -0.568300 0.021893
v 0.007394 -0.568249 0.017107
v 0.013946 -0.568250 0.012097
v 0.018065 -0.568250 0.006262
v 0.019469 -0.568250 -0.000000
v -0.083194 -0.568920 0.006262
v 0.019573 -0.603072 0.004847
v 0.015342 -0.607584 0.009789
v 0.007934 -0.613781 0.015257
v 0.011781 -0.611895 0.012952
v 0.003223 -0.613781 0.018222
v -0.005046 -0.613781 0.020354
v -0.013026 -0.613781 0.021129
v -0.021103 -0.613781 0.020506
v -0.029159 -0.613781 0.019193
v -0.041209 -0.613781 0.017069
v -0.045560 -0.612822 0.017240
v -0.045590 -0.612838 0.012539
v 0.011758 -0.611877 -0.000000
v -0.061853 -0.599649 0.009845
v -0.060377 -0.600329 0.015375
v -0.053498 -0.601042 0.020026
v -0.041477 -0.600890 0.022121
v -0.030680 -0.600659 0.023717
v -0.019823 -0.600383 0.024290
v -0.009374 -0.600210 0.023437
v 0.000661 -0.600135 0.021124
v 0.009506 -0.600099 0.017107
v 0.015515 -0.596307 0.012097
v 0.020203 -0.593123 0.006262
v 0.040583 0.441973 0.006262
v 0.035816 0.441985 0.012097
v 0.028232 0.442001 0.017107
v 0.017547 0.442027 0.021285
v 0.005849 0.442051 0.023612
v -0.006764 0.442061 0.024553
v -0.019387 0.442053 0.023830
v -0.031374 0.442028 0.021611
v -0.041266 0.442012 0.018057
v -0.049331 0.441997 0.012941
v -0.054852 0.441986 0.006262
v 0.017741 -0.468092 -0.000000
v 0.046370 0.357623 -0.000000
v 0.033683 0.276840 -0.000000
v -0.070227 -0.526738 0.000000
v -0.048451 -0.369419 0.000000
v -0.051109 -0.441555 0.000000
v -0.058305 -0.495372 0.000000
v 0.042208 0.397912 -0.000000
v 0.016452 -0.520332 -0.000000
v 0.021479 -0.598129 -0.000000
v -0.045598 -0.612831 0.000000
v -0.084289 -0.575027 0.004995
v -0.080584 -0.581901 0.004578
v -0.029252 -0.564134 0.025104
v -0.031235 -0.569726 0.025204
v -0.029574 -0.575418 0.025279
v -0.024877 -0.579043 0.025068
v -0.018949 -0.579217 0.024541
v -0.013996 -0.575872 0.023941
v -0.012009 -0.570278 0.023443
v -0.013663 -0.564583 0.023686
v -0.018412 -0.560955 0.024408
v -0.024383 -0.560780 0.024875
v 0.021454 -0.086677 -0.006262
v 0.021776 -0.207854 -0.006262
v 0.022599 -0.086677 -0.000000
v 0.018099 -0.086677 -0.012097
v 0.018391 -0.207854 -0.012097
v 0.012761 -0.086676 -0.017107
v 0.013006 -0.207854 -0.017107
v 0.005767 -0.086676 -0.021031
v 0.005939 -0.207854 -0.021041
v -0.002313 -0.086677 -0.023445
v -0.002218 -0.207854 -0.023458
v -0.010812 -0.086677 -0.024356
v -0.010773 -0.207854 -0.024365
v -0.019321 -0.086677 -0.023595
v -0.019338 -0.207854 -0.023605
v -0.027334 -0.086678 -0.021303
v -0.027410 -0.207854 -0.021321
v -0.034298 -0.086678 -0.017580
v -0.034433 -0.207854 -0.017606
v -0.039822 -0.086679 -0.012490
v -0.040017 -0.207854 -0.012513
v -0.043435 -0.086679 -0.006262
v -0.043681 -0.207854 -0.006262
v 0.016952 -0.450202 -0.006262
v 0.016519 -0.468092 -0.006262
v 0.018135 -0.450202 -0.000000
v 0.020759 -0.369419 -0.006262
v 0.021959 -0.369419 -0.000000
v 0.022157 -0.288637 -0.006262
v 0.023341 -0.288637 -0.000000
v 0.046594 0.371596 -0.000000
v 0.044847 0.371597 -0.006262
v 0.044650 0.357623 -0.006262
v 0.032154 0.276840 -0.006262
v 0.027260 0.196058 -0.000000
v 0.026088 0.196058 -0.006262
v 0.022508 0.034493 -0.006262
v 0.013483 -0.450202 -0.012097
v 0.012937 -0.468092 -0.012097
v 0.017242 -0.369419 -0.012097
v 0.018686 -0.288637 -0.012097
v 0.039727 0.371602 -0.012097
v 0.039607 0.357623 -0.012097
v 0.027670 0.276840 -0.012097
v 0.022654 0.196058 -0.012097
v 0.019124 0.034493 -0.012097
v 0.007966 -0.450202 -0.017107
v 0.007238 -0.468092 -0.017107
v 0.011648 -0.369419 -0.017107
v 0.013165 -0.288637 -0.017107
v 0.031581 0.371610 -0.017107
v 0.031586 0.357623 -0.017107
v 0.020536 0.276840 -0.017107
v 0.017190 0.196058 -0.017107
v 0.013740 0.034493 -0.017107
v 0.000700 -0.450202 -0.021058
v -0.000411 -0.468091 -0.021070
v 0.004265 -0.369419 -0.021067
v 0.005893 -0.288637 -0.021058
v 0.020047 0.371621 -0.021308
v 0.020189 0.357623 -0.021325
v 0.012311 0.276840 -0.020851
v 0.010043 0.196058 -0.021022
v 0.006687 0.034493 -0.021028
v -0.007653 -0.450202 -0.023472
v -0.009152 -0.468089 -0.023432
v -0.004200 -0.369419 -0.023479
v -0.002465 -0.288637 -0.023472
v 0.007469 0.371631 -0.023632
v 0.007794 0.357623 -0.023648
v 0.003169 0.276840 -0.023276
v 0.001774 0.196058 -0.023435
v -0.001454 0.034493 -0.023438
v -0.016391 -0.450202 -0.024377
v -0.018958 -0.468067 -0.024343
v -0.013045 -0.369419 -0.024384
v -0.011209 -0.288637 -0.024378
v -0.006156 0.371636 -0.024580
v -0.005679 0.357623 -0.024601
v -0.005858 0.276840 -0.024254
v -0.006941 0.196058 -0.024348
v -0.010032 0.034493 -0.024352
v -0.034237 -0.520298 -0.023807
v -0.035028 -0.545120 -0.023766
v -0.024956 -0.545074 -0.024621
v -0.023803 -0.520312 -0.024434
v -0.026048 -0.450202 -0.023622
v -0.028186 -0.468054 -0.023700
v -0.021901 -0.369419 -0.023632
v -0.019963 -0.288637 -0.023623
v -0.019793 0.371632 -0.023859
v -0.019163 0.357623 -0.023882
v -0.014914 0.276840 -0.023720
v -0.015665 0.196058 -0.023586
v -0.018620 0.034493 -0.023593
v -0.044301 -0.526738 -0.021770
v -0.044373 -0.539648 -0.021548
v -0.034859 -0.450202 -0.021353
v -0.036123 -0.460849 -0.021618
v -0.030266 -0.369419 -0.021371
v -0.028225 -0.288637 -0.021354
v -0.032793 0.371622 -0.021634
v -0.032054 0.357623 -0.021652
v -0.024292 0.276840 -0.021577
v -0.023877 0.196058 -0.021287
v -0.026708 0.034493 -0.021300
v -0.054816 -0.526738 -0.018379
v -0.053447 -0.539913 -0.018040
v -0.042055 -0.450202 -0.017651
v -0.045145 -0.460849 -0.018092
v -0.037562 -0.369419 -0.017677
v -0.040380 -0.441555 -0.017654
v -0.035426 -0.288637 -0.017652
v -0.043414 0.371614 -0.018098
v -0.042509 0.357623 -0.018130
v -0.033607 0.276840 -0.017913
v -0.031005 0.196058 -0.017558
v -0.033733 0.034493 -0.017575
v -0.063337 -0.526738 -0.013257
v -0.061243 -0.539992 -0.013138
v -0.047797 -0.450202 -0.012553
v -0.052491 -0.460849 -0.012983
v -0.043394 -0.369419 -0.012577
v -0.046131 -0.441555 -0.012556
v -0.041172 -0.288637 -0.012554
v -0.052092 0.371608 -0.012983
v -0.051065 0.357623 -0.013016
v -0.041138 0.276840 -0.012784
v -0.036650 0.196058 -0.012471
v -0.039302 0.034493 -0.012485
v -0.068868 -0.526738 -0.006262
v -0.066820 -0.540010 -0.006262
v -0.051583 -0.450202 -0.006262
v -0.057177 -0.460849 -0.006262
v -0.047252 -0.369419 -0.006262
v -0.049924 -0.441555 -0.006262
v -0.044961 -0.288637 -0.006262
v -0.058056 0.371603 -0.006262
v -0.056962 0.357623 -0.006262
v -0.046215 0.276840 -0.006262
v -0.040331 0.196058 -0.006262
v -0.042940 0.034493 -0.006262
v -0.052766 -0.450202 0.000000
v -0.058384 -0.460849 0.000000
v -0.046145 -0.288637 0.000000
v -0.059803 0.371601 0.000000
v -0.058682 0.357623 0.000000
v -0.041503 0.196058 0.000000
v -0.037442 -0.468038 -0.021741
v -0.047134 -0.467979 -0.018286
v -0.054624 -0.467909 -0.013090
v -0.059387 -0.467863 -0.006262
v -0.029536 -0.495130 -0.023502
v -0.019920 -0.495088 -0.024279
v -0.038030 -0.475240 -0.021749
v -0.036845 -0.488459 -0.021469
v -0.047768 -0.475185 -0.018322
v -0.045327 -0.488608 -0.018007
v -0.055036 -0.475152 -0.013067
v -0.052187 -0.488673 -0.012863
v -0.059705 -0.475130 -0.006262
v -0.056686 -0.488723 -0.006262
v -0.060941 -0.475129 0.000000
v -0.037299 -0.495215 -0.021478
v -0.045623 -0.495292 -0.017998
v -0.052474 -0.495337 -0.012864
v -0.057024 -0.495369 -0.006262
v -0.039027 -0.501807 -0.021596
v -0.043211 -0.513924 -0.021931
v -0.047633 -0.501723 -0.018113
v -0.053766 -0.513924 -0.018549
v -0.054656 -0.501683 -0.012953
v -0.061933 -0.513924 -0.013302
v -0.059344 -0.501658 -0.006262
v -0.067311 -0.513924 -0.006262
v -0.068636 -0.513924 0.000000
v -0.044398 -0.520250 -0.021898
v -0.055182 -0.520199 -0.018528
v -0.063651 -0.520169 -0.013316
v -0.069137 -0.520145 -0.006262
v -0.070479 -0.520143 0.000000
v -0.044822 -0.545158 -0.021687
v -0.054190 -0.545482 -0.018194
v -0.062104 -0.545553 -0.013213
v -0.067743 -0.545579 -0.006262
v -0.069127 -0.545580 0.000000
v -0.046451 -0.550296 -0.021938
v -0.055029 -0.563263 -0.022598
v -0.043836 -0.568857 -0.024783
v -0.056481 -0.550580 -0.018468
v -0.066646 -0.563283 -0.019058
v -0.064671 -0.550615 -0.013337
v -0.075564 -0.563318 -0.013609
v -0.070381 -0.550637 -0.006262
v -0.081235 -0.563332 -0.006262
v -0.071769 -0.550637 0.000000
v -0.082634 -0.563329 0.000000
v 0.019446 -0.585065 -0.006262
v 0.020203 -0.593123 -0.006262
v 0.021514 -0.592386 -0.000000
v 0.015265 -0.585065 -0.012097
v 0.015515 -0.596307 -0.012097
v 0.008613 -0.585065 -0.017107
v 0.009506 -0.600099 -0.017107
v -0.002162 -0.585098 -0.021693
v 0.000661 -0.600135 -0.021124
v -0.014169 -0.585177 -0.024209
v -0.009374 -0.600210 -0.023437
v -0.027368 -0.585391 -0.025159
v -0.019823 -0.600383 -0.024290
v -0.040618 -0.585719 -0.024512
v -0.030680 -0.600659 -0.023717
v -0.054005 -0.586140 -0.022622
v -0.041477 -0.600890 -0.022121
v -0.068371 -0.585882 -0.017950
v -0.053498 -0.601042 -0.020026
v -0.074301 -0.584741 -0.014146
v -0.060377 -0.600329 -0.015375
v -0.078485 -0.583015 -0.009204
v -0.061853 -0.599649 -0.009845
v -0.062222 -0.599300 0.000000
v -0.080584 -0.581901 -0.004578
v -0.056628 -0.568837 -0.022727
v -0.068416 -0.568805 -0.019153
v -0.077337 -0.568810 -0.013677
v -0.083194 -0.568920 -0.006262
v -0.084695 -0.568969 0.000000
v -0.056523 -0.574735 -0.022749
v -0.068447 -0.574792 -0.019185
v -0.075701 -0.575024 -0.015237
v -0.081311 -0.574927 -0.009904
v -0.084289 -0.575027 -0.004995
v -0.045560 -0.612822 -0.017240
v -0.045590 -0.612838 -0.012539
v -0.041209 -0.613781 -0.017069
v -0.029159 -0.613781 -0.019193
v -0.030183 -0.613781 0.000000
v -0.021103 -0.613781 -0.020506
v -0.013026 -0.613781 -0.021129
v -0.012538 -0.613781 0.000000
v -0.005046 -0.613781 -0.020354
v -0.005046 -0.613781 0.000000
v 0.003223 -0.613781 -0.018222
v 0.003223 -0.613781 -0.000000
v 0.007934 -0.613781 -0.015257
v 0.015342 -0.607584 -0.009789
v 0.011781 -0.611895 -0.012952
v 0.015377 -0.607548 -0.000000
v 0.020572 -0.602007 -0.000000
v 0.019573 -0.603072 -0.004847
v 0.040583 0.397916 -0.006262
v 0.035816 0.397928 -0.012097
v 0.028232 0.397944 -0.017107
v 0.017547 0.397970 -0.021285
v 0.005849 0.397994 -0.023612
v -0.006764 0.398004 -0.024553
v -0.019387 0.397996 -0.023830
v -0.031374 0.397971 -0.021611
v -0.041266 0.397955 -0.018057
v -0.049331 0.397940 -0.012940
v -0.054852 0.397929 -0.006262
v 0.042208 0.441969 -0.000000
v 0.040583 0.441973 -0.006262
v 0.035816 0.441985 -0.012097
v 0.028232 0.442001 -0.017107
v 0.017547 0.442027 -0.021285
v 0.005849 0.442051 -0.023612
v -0.006764 0.442061 -0.024553
v -0.019387 0.442053 -0.023830
v -0.031374 0.442028 -0.021611
v -0.041266 0.442012 -0.018057
v -0.049331 0.441997 -0.012940
v -0.054852 0.441986 -0.006262
v -0.056478 0.441982 0.000000
v 0.015871 -0.495049 -0.006262
v 0.015109 -0.520331 -0.006262
v 0.012118 -0.495049 -0.012097
v 0.011172 -0.520331 -0.012097
v 0.006148 -0.495049 -0.017107
v 0.004910 -0.520330 -0.017107
v -0.001839 -0.495052 -0.021111
v -0.003559 -0.520328 -0.021148
v -0.010899 -0.495055 -0.023496
v -0.013093 -0.520328 -0.023519
v 0.015945 -0.545012 -0.006262
v 0.011892 -0.545010 -0.012097
v 0.005443 -0.545008 -0.017107
v -0.004103 -0.545005 -0.021417
v -0.014798 -0.545032 -0.023866
v 0.018065 -0.568250 -0.006262
v 0.013946 -0.568250 -0.012097
v 0.007394 -0.568249 -0.017107
v -0.003963 -0.568300 -0.021893
v -0.084673 -0.574908 0.000000
v 0.010178 -0.611381 -0.016261
v 0.020257 -0.599419 -0.006262
v 0.015704 -0.604757 -0.012097
v 0.002783 -0.611437 -0.019535
v -0.005770 -0.611510 -0.021680
v -0.014152 -0.611652 -0.022461
v -0.022559 -0.611857 -0.021791
v -0.030967 -0.612019 -0.020608
v -0.041209 -0.612111 -0.019346
v -0.031235 -0.569726 -0.025204
v -0.029252 -0.564134 -0.025104
v -0.029574 -0.575418 -0.025279
v -0.024877 -0.579043 -0.025068
v -0.018949 -0.579217 -0.024541
v -0.013996 -0.575872 -0.023941
v -0.012009 -0.570278 -0.023443
v -0.013663 -0.564583 -0.023686
v -0.018412 -0.560955 -0.024408
v -0.024383 -0.560780 -0.024875
vn -0.0750 0.9188 0.3875
vn -0.0383 0.9176 0.3955
vn 0.0556 0.9303 -0.3626
vn 0.1241 0.9277 -0.3521
vn -0.0047 0.9284 -0.3715
vn -0.0037 0.9193 0.3936
vn 0.0254 0.9200 0.3912
vn -0.0587 0.9287 -0.3663
vn 0.2747 0.9285 -0.2498
vn -0.1489 0.9152 0.3745
vn -0.0903 0.9204 0.3803
vn 0.1942 0.9315 -0.3077
vn -0.1241 0.3871 -0.9136
vn -0.1310 0.0014 -0.9914
vn -0.0107 0.0027 -0.9999
vn -0.0086 0.3876 -0.9218
vn -0.8652 0.2905 -0.4087
vn -0.9805 0.1965 -0.0000
vn -0.9935 0.1141 -0.0000
vn -0.9057 0.0413 -0.4218
vn -0.2661 0.3897 -0.8816
vn -0.4348 0.3898 -0.8118
vn -0.4630 -0.0000 -0.8863
vn -0.2815 0.0002 -0.9595
vn 0.4311 0.3911 -0.8131
vn 0.4558 -0.0002 -0.8901
vn 0.6893 -0.0001 -0.7245
vn 0.6388 0.3940 -0.6609
vn -0.1762 0.9326 -0.3149
vn 0.0936 0.9194 0.3821
vn 0.1134 0.9235 0.3665
vn -0.2402 0.9341 -0.2640
vn 0.2040 0.3716 0.9057
vn 0.1735 -0.3287 0.9283
vn 0.0698 -0.4193 0.9051
vn 0.2439 0.3617 0.8998
vn 0.2483 0.2459 0.9370
vn 0.2465 0.2812 0.9275
vn 0.1225 -0.4118 0.9030
vn 0.2531 0.1448 0.9566
vn 0.2717 0.1963 0.9422
vn 0.1221 -0.5075 0.8529
vn 0.5014 0.0840 0.8611
vn 0.3715 0.1846 0.9099
vn 0.1341 -0.4744 0.8700
vn 0.4583 -0.2076 0.8642
vn -0.2910 0.3733 0.8809
vn -0.2909 -0.3667 0.8837
vn -0.2149 -0.3705 0.9036
vn -0.2144 0.3761 0.9014
vn -0.1055 0.3751 0.9209
vn -0.1066 -0.3746 0.9210
vn -0.0033 -0.3786 0.9256
vn -0.0039 0.3773 0.9261
vn 0.0809 0.3781 0.9222
vn 0.0818 -0.3764 0.9228
vn 0.1538 -0.3742 0.9145
vn 0.1594 0.3785 0.9118
vn 0.2361 0.3791 0.8947
vn 0.2284 -0.3758 0.8981
vn 0.2650 -0.3827 0.8851
vn 0.2598 0.3842 0.8860
vn 0.1430 0.3670 0.9191
vn 0.2786 -0.4314 0.8581
vn 0.1673 0.3921 0.9046
vn 0.3895 -0.2111 0.8965
vn -0.1883 -0.3809 0.9052
vn -0.1881 0.3808 0.9053
vn -0.1292 0.3831 0.9146
vn -0.1290 -0.3826 0.9149
vn -0.0937 -0.3829 0.9190
vn -0.0943 0.3824 0.9192
vn -0.0576 0.4174 0.9069
vn -0.0790 -0.2828 0.9559
vn -0.0370 -0.3714 0.9277
vn -0.0278 0.4111 0.9112
vn -0.0031 0.4031 0.9151
vn 0.0050 -0.4249 0.9052
vn 0.0283 -0.4914 0.8705
vn -0.1557 -0.0197 0.9876
vn -0.1502 -0.0277 0.9883
vn -0.2353 -0.0381 0.9712
vn -0.2571 -0.0556 0.9648
vn -0.2094 -0.0073 0.9778
vn -0.2154 -0.0245 0.9762
vn -0.1458 -0.0136 0.9892
vn -0.1392 -0.0047 0.9903
vn -0.0122 0.7704 0.6374
vn -0.2564 0.0572 0.9649
vn -0.1568 0.0318 0.9871
vn -0.0440 0.4683 0.8825
vn -0.2348 0.0392 0.9712
vn -0.2152 0.0237 0.9763
vn -0.1467 0.0138 0.9891
vn -0.1559 0.0205 0.9876
vn -0.2084 0.0064 0.9780
vn -0.1402 0.0049 0.9901
vn 0.1509 0.9380 0.3121
vn 0.1509 0.9380 -0.3121
vn -0.0122 0.7704 -0.6375
vn 0.9062 0.2445 0.3450
vn 0.9062 0.2445 -0.3450
vn 0.7513 0.5209 -0.4051
vn 0.7513 0.5209 0.4051
vn 0.2617 0.1175 0.9580
vn 0.2542 0.1259 0.9589
vn 0.1280 -0.5207 0.8441
vn 0.2565 0.2212 0.9409
vn 0.3874 -0.3429 0.8558
vn 0.4794 -0.1109 0.8706
vn 0.5843 -0.0553 0.8096
vn 0.0897 0.4318 0.8975
vn -0.6458 0.3703 -0.6677
vn -0.6826 0.0067 -0.7308
vn -0.1178 0.9310 -0.3454
vn 0.0560 0.9197 0.3885
vn 0.2666 0.3839 -0.8841
vn 0.2762 0.0001 -0.9611
vn -0.2752 0.3759 0.8848
vn -0.2699 -0.3773 0.8859
vn 0.4074 0.8934 -0.1895
vn -0.0842 0.9437 0.3199
vn 0.1478 0.9183 0.3673
vn -0.3550 0.9110 -0.2098
vn -0.0341 -0.7739 0.6324
vn -0.0652 -0.4159 0.9071
vn 0.0441 0.5207 0.8526
vn 0.8678 0.3013 -0.3951
vn 0.8931 -0.0000 -0.4498
vn 0.1218 0.3885 -0.9133
vn 0.1253 0.0020 -0.9921
vn 1.0000 -0.0000 -0.0000
vn 0.9905 0.1373 -0.0000
vn 0.0312 -0.9193 0.3922
vn 0.0312 -0.9193 -0.3922
vn 0.0477 -0.9193 -0.3906
vn 0.0477 -0.9193 0.3906
vn 0.1186 0.9297 0.3487
vn -0.5268 0.8500 -0.0000
vn 0.5923 0.8058 -0.0000
vn 0.0143 0.9328 0.3602
vn 0.0934 0.9271 0.3629
vn -0.0083 0.9164 0.4001
vn 0.1199 -0.9196 0.3741
vn 0.6582 -0.6724 0.3385
vn 0.2712 -0.9093 0.3157
vn -0.0808 -0.9165 0.3919
vn -0.0924 -0.9181 0.3854
vn 0.0302 0.9249 0.3789
vn -0.0051 0.9265 0.3764
vn 0.1317 -0.9212 0.3661
vn 0.0821 -0.9188 0.3860
vn -0.0008 -0.9196 0.3929
vn -0.0431 -0.9174 0.3956
vn 0.0311 -0.9248 0.3791
vn 0.0544 -0.9225 0.3821
vn 0.1394 0.9214 0.3627
vn 0.1230 0.9276 0.3529
vn 0.0935 0.9341 0.3445
vn 0.0526 0.9226 0.3821
vn -0.0499 -0.9276 0.3703
vn -0.0056 -0.9265 0.3763
vn 0.1772 0.9541 0.2414
vn 0.0729 -0.8744 0.4797
vn 0.1191 -0.9130 0.3902
vn 0.0482 -0.9592 0.2785
vn 0.0354 -0.9722 0.2315
vn 0.4406 0.7710 0.4598
vn 0.4794 0.7405 0.4710
vn 0.3577 0.8596 0.3649
vn 0.4019 0.8055 0.4355
vn 0.0670 -0.9288 0.3644
vn 0.4268 -0.8265 0.3670
vn 0.5571 0.6418 0.5270
vn 0.5993 0.5996 0.5303
vn 0.1474 -0.9311 0.3336
vn 0.1637 -0.9466 0.2779
vn 0.2758 0.8867 0.3711
vn 0.1872 0.9124 0.3639
vn 0.9111 -0.2190 0.3492
vn 0.9758 -0.1105 0.1888
vn 0.8714 -0.4222 0.2496
vn 0.8852 -0.3153 0.3422
vn 0.4160 -0.8188 0.3957
vn 0.6352 0.5618 0.5300
vn 0.0337 -0.9675 0.2508
vn 0.0469 -0.9355 0.3502
vn 0.5154 0.7025 0.4908
vn 0.0935 0.9341 -0.3445
vn 0.1230 0.9274 -0.3532
vn 0.0302 0.9249 -0.3789
vn 0.0526 0.9226 -0.3821
vn 0.3577 0.8596 -0.3649
vn 0.2758 0.8867 -0.3711
vn 0.4406 0.7710 -0.4598
vn 0.4019 0.8055 -0.4356
vn 0.0469 -0.9355 -0.3502
vn 0.0337 -0.9675 -0.2508
vn 0.1394 0.9214 -0.3627
vn 0.1191 -0.9130 -0.3902
vn 0.0729 -0.8744 -0.4797
vn -0.9993 0.0370 -0.0000
vn -0.9929 0.1190 -0.0000
vn -0.0341 -0.7739 -0.6324
vn 0.1199 -0.9196 -0.3741
vn -0.0499 -0.9276 -0.3703
vn -0.0924 -0.9181 -0.3854
vn 0.1772 0.9541 -0.2413
vn -0.9822 0.1881 -0.0000
vn 0.1872 0.9124 -0.3639
vn 0.0935 0.9271 -0.3629
vn 0.6352 0.5618 -0.5300
vn 0.0482 -0.9592 -0.2785
vn 0.4160 -0.8188 -0.3957
vn 0.8852 -0.3152 -0.3420
vn 0.0821 -0.9188 -0.3860
vn -0.0808 -0.9165 -0.3919
vn -0.0431 -0.9174 -0.3956
vn -0.0056 -0.9265 -0.3763
vn 0.1637 -0.9466 -0.2779
vn 0.1473 -0.9311 -0.3336
vn -0.0750 0.9188 -0.3875
vn 0.1241 0.9277 0.3521
vn 0.0556 0.9303 0.3626
vn -0.0383 0.9177 -0.3954
vn -0.0047 0.9284 0.3715
vn -0.0587 0.9287 0.3663
vn 0.0254 0.9200 -0.3912
vn -0.0035 0.9193 -0.3936
vn 0.2747 0.9285 0.2498
vn 0.1942 0.9315 0.3077
vn -0.0903 0.9204 -0.3803
vn -0.1489 0.9152 -0.3745
vn -0.0008 -0.9196 -0.3929
vn -0.1242 0.3874 0.9135
vn -0.0085 0.3879 0.9217
vn -0.0107 0.0027 0.9999
vn -0.1310 0.0011 0.9914
vn -0.8652 0.2905 0.4087
vn -0.9057 0.0413 0.4218
vn -0.2661 0.3897 0.8816
vn -0.2815 0.0002 0.9595
vn -0.4630 -0.0000 0.8863
vn -0.4348 0.3898 0.8118
vn 0.4311 0.3911 0.8131
vn 0.6388 0.3940 0.6609
vn 0.6893 -0.0001 0.7245
vn 0.4558 -0.0002 0.8901
vn -0.1763 0.9326 0.3148
vn -0.2402 0.9341 0.2640
vn 0.1134 0.9235 -0.3665
vn 0.0936 0.9194 -0.3821
vn 0.6582 -0.6724 -0.3385
vn 0.2712 -0.9093 -0.3157
vn 0.9111 -0.2190 -0.3492
vn 0.9758 -0.1105 -0.1888
vn 0.2040 0.3716 -0.9057
vn 0.2439 0.3617 -0.8998
vn 0.0698 -0.4193 -0.9051
vn 0.1735 -0.3288 -0.9283
vn 0.2483 0.2459 -0.9370
vn 0.1225 -0.4118 -0.9030
vn 0.2465 0.2812 -0.9275
vn 0.2531 0.1448 -0.9566
vn 0.1221 -0.5075 -0.8529
vn 0.2717 0.1963 -0.9422
vn 0.1341 -0.4744 -0.8700
vn 0.3715 0.1846 -0.9099
vn 0.5014 0.0840 -0.8611
vn 0.4583 -0.2076 -0.8642
vn -0.2910 0.3733 -0.8809
vn -0.2144 0.3762 -0.9014
vn -0.2149 -0.3705 -0.9036
vn -0.2909 -0.3667 -0.8837
vn -0.1054 0.3754 -0.9208
vn -0.0039 0.3773 -0.9261
vn -0.0033 -0.3786 -0.9256
vn -0.1066 -0.3746 -0.9210
vn 0.0809 0.3780 -0.9223
vn 0.1594 0.3785 -0.9118
vn 0.1538 -0.3742 -0.9145
vn 0.0818 -0.3764 -0.9228
vn 0.2361 0.3791 -0.8947
vn 0.2597 0.3841 -0.8860
vn 0.2650 -0.3827 -0.8851
vn 0.2284 -0.3758 -0.8981
vn 0.1429 0.3671 -0.9192
vn 0.2786 -0.4314 -0.8581
vn 0.1672 0.3921 -0.9046
vn 0.3895 -0.2111 -0.8965
vn -0.1883 -0.3809 -0.9052
vn -0.1290 -0.3826 -0.9149
vn -0.1292 0.3831 -0.9146
vn -0.1881 0.3808 -0.9053
vn -0.0937 -0.3829 -0.9190
vn -0.0790 -0.2828 -0.9559
vn -0.0576 0.4174 -0.9069
vn -0.0943 0.3825 -0.9191
vn -0.0370 -0.3714 -0.9277
vn 0.0050 -0.4249 -0.9052
vn -0.0031 0.4031 -0.9151
vn -0.0278 0.4111 -0.9112
vn 0.0283 -0.4914 -0.8705
vn -0.1502 -0.0277 -0.9883
vn -0.1558 -0.0196 -0.9876
vn -0.2571 -0.0556 -0.9648
vn -0.2353 -0.0381 -0.9712
vn -0.2097 -0.0074 -0.9777
vn -0.1393 -0.0047 -0.9902
vn -0.1459 -0.0135 -0.9892
vn -0.2154 -0.0245 -0.9762
vn -0.0440 0.4683 -0.8825
vn -0.1568 0.0318 -0.9871
vn -0.2564 0.0572 -0.9649
vn -0.2348 0.0392 -0.9713
vn -0.1559 0.0205 -0.9876
vn -0.1467 0.0138 -0.9891
vn -0.2152 0.0237 -0.9763
vn -0.2084 0.0064 -0.9780
vn -0.1402 0.0049 -0.9901
vn 0.2617 0.1175 -0.9580
vn 0.1280 -0.5207 -0.8441
vn 0.2542 0.1259 -0.9589
vn 0.2565 0.2212 -0.9409
vn 0.5843 -0.0553 -0.8096
vn 0.4794 -0.1109 -0.8706
vn 0.3874 -0.3429 -0.8558
vn 0.0897 0.4318 -0.8975
vn -0.6826 0.0067 0.7308
vn -0.6458 0.3703 0.6677
vn -0.1179 0.9309 0.3457
vn 0.0560 0.9198 -0.3885
vn 0.2666 0.3839 0.8841
vn 0.2762 0.0001 0.9611
vn -0.2752 0.3759 -0.8849
vn -0.2699 -0.3773 -0.8859
vn 0.0143 0.9328 -0.3602
vn -0.0083 0.9165 -0.4001
vn 0.4074 0.8934 0.1895
vn -0.0843 0.9437 -0.3199
vn -0.3550 0.9110 0.2098
vn 0.1477 0.9183 -0.3672
vn 0.0311 -0.9248 -0.3791
vn -0.0652 -0.4159 -0.9071
vn 0.0441 0.5208 -0.8526
vn 0.8678 0.3013 0.3951
vn 0.8931 -0.0000 0.4498
vn 0.1218 0.3890 0.9132
vn 0.1253 0.0020 0.9921
vn 0.1317 -0.9212 -0.3661
vn 0.1186 0.9297 -0.3487
vn -0.0000 1.0000 -0.0000
vn 0.0001 1.0000 -0.0000
vn -0.0051 0.9265 -0.3764
vn 0.0544 -0.9225 -0.3821
vn 0.0354 -0.9722 -0.2315
vn 0.4794 0.7405 -0.4710
vn 0.0670 -0.9288 -0.3644
vn 0.4268 -0.8265 -0.3670
vn 0.5571 0.6418 -0.5270
vn 0.5993 0.5996 -0.5303
vn 0.8714 -0.4223 -0.2496
vn 0.5154 0.7025 -0.4908
vn -0.9991 -0.0428 -0.0000
vn -0.9930 -0.1179 -0.0000
vn -0.9706 0.2406 -0.0000
vn -0.9650 0.2622 -0.0000
vn -0.9828 -0.1846 -0.0000
vn -0.9728 -0.2317 -0.0000
vn -0.9680 -0.2509 -0.0000
vn 0.9379 0.0033 0.3468
vn 1.0000 0.0038 -0.0000
vn 1.0000 -0.0030 -0.0000
vn 0.9388 -0.0029 0.3444
vn 0.7815 0.0021 0.6239
vn 0.7839 -0.0025 0.6209
vn 0.5879 0.0010 0.8089
vn 0.5909 -0.0019 0.8068
vn 0.3875 0.0002 0.9219
vn 0.3898 -0.0013 0.9209
vn 0.1957 -0.0001 0.9807
vn 0.1970 -0.0006 0.9804
vn 0.0088 0.0002 1.0000
vn 0.0085 -0.0000 1.0000
vn -0.1807 0.0010 0.9835
vn -0.1829 0.0007 0.9831
vn -0.3715 0.0025 0.9284
vn -0.3754 0.0013 0.9269
vn -0.5749 0.0044 0.8182
vn -0.5792 0.0019 0.8152
vn -0.7767 0.0066 0.6298
vn -0.7801 0.0025 0.6257
vn -0.9371 0.0084 0.3490
vn -0.9383 0.0029 0.3459
vn -1.0000 0.0091 -0.0000
vn -1.0000 0.0031 -0.0000
vn 0.9319 -0.0231 0.3620
vn 0.9997 -0.0230 -0.0000
vn 0.9994 -0.0352 -0.0000
vn 0.9346 -0.0332 0.3540
vn 0.9336 -0.0300 0.3570
vn 0.9995 -0.0321 -0.0000
vn 1.0000 -0.0061 -0.0000
vn 0.9354 -0.0059 0.3535
vn 0.9973 0.0740 -0.0000
vn 0.8808 0.0659 0.4689
vn 0.8821 -0.0729 0.4654
vn 0.9965 -0.0839 -0.0000
vn 0.8964 -0.1013 0.4315
vn 0.9932 -0.1161 -0.0000
vn 0.9348 -0.0465 0.3521
vn 0.9987 -0.0509 -0.0000
vn 0.9377 -0.0144 0.3473
vn 0.9999 -0.0155 -0.0000
vn 0.7732 -0.0286 0.6335
vn 0.7647 -0.0234 0.6440
vn 0.7707 -0.0248 0.6367
vn 0.7747 -0.0054 0.6323
vn 0.6501 0.0485 0.7583
vn 0.6536 -0.0506 0.7552
vn 0.6886 -0.0706 0.7217
vn 0.7750 -0.0350 0.6310
vn 0.7813 -0.0118 0.6241
vn 0.5779 -0.0235 0.8158
vn 0.5645 -0.0233 0.8251
vn 0.5747 -0.0185 0.8181
vn 0.5795 -0.0047 0.8150
vn 0.4404 0.0313 0.8972
vn 0.4446 -0.0296 0.8953
vn 0.4942 -0.0434 0.8682
vn 0.5799 -0.0213 0.8144
vn 0.5874 -0.0087 0.8092
vn 0.3789 -0.0180 0.9253
vn 0.3628 -0.0205 0.9317
vn 0.3764 -0.0121 0.9264
vn 0.3803 -0.0036 0.9248
vn 0.2668 0.0175 0.9636
vn 0.2699 -0.0130 0.9628
vn 0.3336 -0.0243 0.9424
vn 0.3811 -0.0101 0.9245
vn 0.3864 -0.0055 0.9223
vn 0.1909 -0.0116 0.9815
vn 0.1773 -0.0136 0.9841
vn 0.1894 -0.0061 0.9819
vn 0.1917 -0.0021 0.9815
vn 0.1276 0.0077 0.9918
vn 0.1294 -0.0034 0.9916
vn 0.1798 -0.0105 0.9836
vn 0.1925 -0.0032 0.9813
vn 0.1950 -0.0026 0.9808
vn 0.0146 -0.0013 0.9999
vn 0.0077 -0.0013 1.0000
vn 0.0092 -0.0003 1.0000
vn 0.0091 0.0001 1.0000
vn 0.0083 0.0019 1.0000
vn 0.0092 -0.0015 1.0000
vn 0.0233 -0.0039 0.9997
vn 0.0088 0.0005 1.0000
vn 0.0084 -0.0001 1.0000
vn -0.1351 0.0469 0.9897
vn -0.0018 0.0196 0.9998
vn 0.0075 0.0063 1.0000
vn -0.1288 0.0179 0.9915
vn -0.1620 0.0153 0.9867
vn -0.1428 0.0176 0.9896
vn -0.1725 0.0063 0.9850
vn -0.1757 0.0030 0.9844
vn -0.1126 -0.0009 0.9936
vn -0.1131 -0.0072 0.9936
vn -0.1404 -0.0057 0.9901
vn -0.1783 0.0024 0.9840
vn -0.1814 0.0022 0.9834
vn -0.2874 0.0165 0.9577
vn -0.2513 -0.0259 0.9676
vn -0.3586 0.0471 0.9323
vn -0.2960 0.0757 0.9522
vn -0.3571 0.0142 0.9339
vn -0.3625 0.0066 0.9319
vn -0.2477 0.0021 0.9688
vn -0.2469 -0.0200 0.9688
vn -0.2935 -0.0172 0.9558
vn -0.3671 0.0019 0.9302
vn -0.3727 0.0042 0.9280
vn -0.4358 0.0131 0.8999
vn -0.4177 -0.0561 0.9069
vn -0.5468 0.1340 0.8265
vn -0.4687 0.1728 0.8663
vn -0.5600 0.0202 0.8282
vn -0.5879 0.0550 0.8071
vn -0.5645 0.0112 0.8254
vn -0.4201 0.0082 0.9074
vn -0.4198 -0.0393 0.9068
vn -0.4657 -0.0375 0.8842
vn -0.5681 -0.0030 0.8230
vn -0.5765 0.0063 0.8171
vn -0.6532 0.0037 0.7571
vn -0.6621 -0.0721 0.7459
vn -0.7359 0.2270 0.6379
vn -0.6833 0.2786 0.6750
vn -0.7644 0.0249 0.6443
vn -0.7628 0.0877 0.6407
vn -0.7687 0.0162 0.6395
vn -0.6426 0.0147 0.7661
vn -0.6410 -0.0654 0.7647
vn -0.6815 -0.0641 0.7290
vn -0.7707 -0.0126 0.6370
vn -0.7780 0.0081 0.6282
vn -0.8969 0.0037 0.4422
vn -0.9022 -0.0867 0.4226
vn -0.8847 0.3062 0.3515
vn -0.8615 0.3556 0.3625
vn -0.9278 0.1066 0.3576
vn -0.9323 0.0303 0.3604
vn -0.9341 0.0205 0.3564
vn -0.8817 0.0206 0.4713
vn -0.8779 -0.0934 0.4697
vn -0.8955 -0.0918 0.4356
vn -0.9343 -0.0234 0.3558
vn -0.9373 0.0095 0.3484
vn -1.0000 0.0063 -0.0000
vn -0.9956 -0.0941 -0.0000
vn -0.9419 0.3359 -0.0000
vn -0.9244 0.3815 -0.0000
vn -0.9935 0.1139 -0.0000
vn -0.9995 0.0327 -0.0000
vn -0.9998 0.0222 -0.0000
vn -0.9997 0.0230 -0.0000
vn -0.9943 -0.1066 -0.0000
vn -0.9945 -0.1049 -0.0000
vn -0.9996 -0.0287 -0.0000
vn -0.9999 0.0101 -0.0000
vn -0.2781 0.0506 0.9592
vn -0.4592 0.0985 0.8829
vn -0.7071 0.1323 0.6946
vn -0.9113 0.1606 0.3791
vn -0.9850 0.1724 -0.0000
vn -0.1598 0.0186 0.9870
vn 0.0067 0.0002 1.0000
vn -0.2761 -0.0044 0.9611
vn -0.3290 -0.0267 0.9440
vn -0.4735 -0.0294 0.8803
vn -0.4854 -0.0438 0.8732
vn -0.7211 -0.0607 0.6901
vn -0.7150 -0.0649 0.6961
vn -0.9214 -0.0794 0.3803
vn -0.9157 -0.0782 0.3942
vn -0.9964 -0.0848 -0.0000
vn -0.9965 -0.0837 -0.0000
vn -0.3149 0.0593 0.9473
vn -0.4854 0.0901 0.8696
vn -0.7066 0.1389 0.6938
vn -0.9005 0.1867 0.3928
vn -0.9785 0.2061 -0.0000
vn -0.2984 0.1005 0.9491
vn -0.2447 0.0924 0.9652
vn -0.4642 0.1998 0.8629
vn -0.4296 0.1794 0.8850
vn -0.6675 0.3176 0.6735
vn -0.6519 0.2917 0.7000
vn -0.8300 0.4173 0.3701
vn -0.8411 0.3805 0.3844
vn -0.8906 0.4549 -0.0000
vn -0.9114 0.4115 -0.0000
vn -0.2467 0.0107 0.9690
vn -0.4272 0.0295 0.9037
vn -0.6745 0.0735 0.7346
vn -0.9043 0.1093 0.4126
vn -0.9926 0.1213 -0.0000
vn -0.2770 0.0909 0.9566
vn -0.4282 0.1544 0.8904
vn -0.6381 0.2217 0.7373
vn -0.8566 0.2937 0.4243
vn -0.9459 0.3245 -0.0000
vn -0.2303 0.1442 0.9624
vn -0.1006 0.0259 0.9946
vn -0.2799 0.1951 0.9400
vn -0.4072 0.2544 0.8772
vn -0.4083 0.2954 0.8637
vn -0.6274 0.3695 0.6854
vn -0.5966 0.4166 0.6859
vn -0.8056 0.4561 0.3782
vn -0.7630 0.5252 0.3769
vn -0.8710 0.4913 -0.0000
vn -0.8234 0.5674 -0.0000
vn 0.9093 0.0795 0.4086
vn 0.9061 0.0362 0.4216
vn 0.9990 0.0458 -0.0000
vn 0.9964 0.0852 -0.0000
vn 0.7112 0.0442 0.7016
vn 0.7052 0.0195 0.7087
vn 0.5054 0.0332 0.8622
vn 0.5222 -0.0009 0.8528
vn 0.3194 -0.0251 0.9473
vn 0.2971 0.0237 0.9546
vn 0.1527 -0.0546 0.9868
vn 0.1361 0.0055 0.9907
vn 0.0131 -0.1081 0.9941
vn -0.0031 -0.0217 0.9998
vn -0.0931 -0.1725 0.9806
vn -0.0956 -0.0784 0.9923
vn -0.1509 -0.2151 0.9649
vn -0.2213 -0.1131 0.9686
vn -0.3628 -0.3478 0.8646
vn -0.4646 -0.2404 0.8523
vn -0.6511 -0.6317 0.4208
vn -0.6789 -0.3971 0.6175
vn -0.6804 -0.7302 0.0622
vn -0.7826 -0.4882 0.3861
vn -0.6608 -0.7505 -0.0000
vn -0.8102 -0.5684 0.1431
vn -0.7965 -0.6047 -0.0000
vn -0.2309 0.0450 0.9719
vn -0.4175 0.0782 0.9053
vn -0.6808 0.1091 0.7243
vn -0.8811 0.1994 0.4288
vn -0.9790 0.2038 -0.0000
vn -0.2261 -0.0373 0.9734
vn -0.3979 -0.0500 0.9161
vn -0.6039 -0.0666 0.7942
vn -0.7736 -0.0945 0.6266
vn -0.9315 -0.2140 0.2940
vn -0.4277 -0.7960 0.4283
vn -0.4372 -0.8994 0.0055
vn -0.1201 -0.9512 0.2842
vn -0.1060 -0.9944 -0.0000
vn -0.0000 -1.0000 -0.0000
vn -0.0585 -0.9205 0.3864
vn -0.0437 -0.8895 0.4548
vn 0.0196 -0.8603 0.5094
vn 0.1042 -0.8420 0.5294
vn 0.2513 -0.8094 0.5308
vn 0.2283 -0.9736 -0.0000
vn 0.3113 -0.8898 0.3336
vn 0.8168 -0.5383 0.2077
vn 0.7007 -0.6760 0.2281
vn 0.6201 -0.7845 -0.0000
vn 0.7486 -0.6630 -0.0000
vn 0.9012 -0.4335 -0.0000
vn 0.8675 -0.4682 0.1680
vn 0.9967 0.0817 -0.0000
vn 0.8866 0.0696 0.4573
vn 0.6645 0.0465 0.7459
vn 0.4553 0.0265 0.8899
vn 0.2773 0.0121 0.9607
vn 0.1335 0.0039 0.9910
vn 0.0081 0.0012 1.0000
vn -0.1185 0.0026 0.9929
vn -0.2596 0.0074 0.9657
vn -0.4359 0.0164 0.8999
vn -0.6567 0.0323 0.7535
vn -0.8867 0.0515 0.4595
vn -0.9981 0.0615 -0.0000
vn 0.8917 -0.0000 0.4526
vn 0.6704 -0.0000 0.7420
vn 0.4602 -0.0000 0.8878
vn 0.2806 -0.0000 0.9598
vn 0.1349 -0.0000 0.9909
vn 0.0086 -0.0000 1.0000
vn -0.1198 -0.0000 0.9928
vn -0.2608 -0.0000 0.9654
vn -0.4395 -0.0000 0.8983
vn -0.6613 -0.0000 0.7501
vn -0.8904 -0.0000 0.4551
vn -1.0000 -0.0000 -0.0000
vn 0.9262 -0.0252 0.3761
vn 0.9197 -0.0004 0.3927
vn 1.0000 0.0023 -0.0000
vn 0.9997 -0.0248 -0.0000
vn 0.7504 -0.0255 0.6605
vn 0.7341 -0.0055 0.6791
vn 0.5488 -0.0239 0.8356
vn 0.5291 -0.0104 0.8485
vn 0.3529 -0.0189 0.9355
vn 0.3360 -0.0118 0.9418
vn 0.1710 -0.0110 0.9852
vn 0.1627 -0.0061 0.9867
vn 0.9141 0.0571 0.4014
vn 0.9980 0.0632 -0.0000
vn 0.7239 0.0428 0.6886
vn 0.5131 0.0254 0.8579
vn 0.3147 0.0091 0.9491
vn 0.1540 0.0021 0.9881
vn 0.9113 0.0786 0.4043
vn 0.9962 0.0869 -0.0000
vn 0.7194 0.0599 0.6920
vn 0.5025 0.0403 0.8636
vn 0.2878 0.0218 0.9574
vn -0.9674 -0.2533 -0.0000
vn 0.5853 -0.3979 0.7065
vn 0.9951 -0.0985 -0.0000
vn 0.9156 -0.1112 0.3864
vn 0.7814 -0.1956 0.5926
vn 0.3320 -0.2594 0.9069
vn 0.1638 -0.2857 0.9442
vn 0.0148 -0.3430 0.9392
vn -0.0869 -0.4141 0.9061
vn -0.1166 -0.4778 0.8707
vn -0.1648 -0.5323 0.8304
vn -0.4330 -0.9014 -0.0000
vn -0.0380 0.0271 0.9989
vn -0.0575 0.0401 0.9975
vn -0.0252 -0.0378 0.9990
vn 0.0323 -0.0220 0.9992
vn 0.0867 0.0076 0.9962
vn 0.1761 0.0212 0.9841
vn 0.1897 0.0121 0.9818
vn 0.1825 0.0221 0.9830
vn 0.1355 0.0169 0.9906
vn 0.0531 0.0173 0.9984
vn 0.8274 0.5616 -0.0000
vn 0.3488 0.9372 -0.0000
vn -0.2599 0.9656 -0.0000
vn -0.9994 0.0335 -0.0000
vn -0.8156 -0.5786 -0.0000
vn -0.3148 -0.9491 -0.0000
vn 0.2948 -0.9556 -0.0000
vn 0.7970 -0.6039 -0.0000
vn 0.9379 0.0033 -0.3468
vn 0.9388 -0.0029 -0.3444
vn 0.7815 0.0021 -0.6239
vn 0.7839 -0.0025 -0.6208
vn 0.5880 0.0010 -0.8089
vn 0.5908 -0.0019 -0.8068
vn 0.3876 0.0002 -0.9218
vn 0.3898 -0.0013 -0.9209
vn 0.1957 -0.0001 -0.9807
vn 0.1969 -0.0006 -0.9804
vn 0.0088 0.0002 -1.0000
vn 0.0085 -0.0000 -1.0000
vn -0.1807 0.0010 -0.9835
vn -0.1829 0.0007 -0.9831
vn -0.3715 0.0025 -0.9284
vn -0.3753 0.0013 -0.9269
vn -0.5749 0.0044 -0.8182
vn -0.5792 0.0019 -0.8152
vn -0.7768 0.0066 -0.6298
vn -0.7801 0.0025 -0.6256
vn -0.9371 0.0084 -0.3490
vn -0.9383 0.0029 -0.3459
vn 0.9319 -0.0231 -0.3621
vn 0.9347 -0.0332 -0.3540
vn 0.9336 -0.0300 -0.3570
vn 0.9354 -0.0059 -0.3535
vn 0.8821 -0.0729 -0.4654
vn 0.8808 0.0659 -0.4689
vn 0.8964 -0.1013 -0.4315
vn 0.9348 -0.0465 -0.3521
vn 0.9378 -0.0145 -0.3468
vn 0.7732 -0.0286 -0.6335
vn 0.7647 -0.0234 -0.6440
vn 0.7707 -0.0248 -0.6367
vn 0.7747 -0.0054 -0.6323
vn 0.6536 -0.0506 -0.7552
vn 0.6501 0.0485 -0.7583
vn 0.6886 -0.0706 -0.7217
vn 0.7750 -0.0350 -0.6310
vn 0.7814 -0.0118 -0.6240
vn 0.5779 -0.0235 -0.8158
vn 0.5644 -0.0232 -0.8252
vn 0.5748 -0.0185 -0.8181
vn 0.5795 -0.0047 -0.8150
vn 0.4446 -0.0296 -0.8953
vn 0.4404 0.0313 -0.8972
vn 0.4942 -0.0434 -0.8682
vn 0.5800 -0.0213 -0.8144
vn 0.5874 -0.0087 -0.8093
vn 0.3789 -0.0180 -0.9253
vn 0.3627 -0.0205 -0.9317
vn 0.3764 -0.0121 -0.9264
vn 0.3803 -0.0036 -0.9248
vn 0.2699 -0.0130 -0.9628
vn 0.2667 0.0175 -0.9636
vn 0.3336 -0.0243 -0.9424
vn 0.3811 -0.0101 -0.9245
vn 0.3864 -0.0055 -0.9223
vn 0.1909 -0.0116 -0.9815
vn 0.1773 -0.0136 -0.9841
vn 0.1894 -0.0061 -0.9819
vn 0.1917 -0.0021 -0.9815
vn 0.1294 -0.0033 -0.9916
vn 0.1276 0.0077 -0.9918
vn 0.1799 -0.0105 -0.9836
vn 0.1925 -0.0032 -0.9813
vn 0.1954 -0.0026 -0.9807
vn 0.0146 -0.0013 -0.9999
vn 0.0077 -0.0013 -1.0000
vn 0.0092 -0.0003 -1.0000
vn 0.0091 0.0001 -1.0000
vn 0.0092 -0.0015 -1.0000
vn 0.0083 0.0019 -1.0000
vn 0.0233 -0.0039 -0.9997
vn 0.0088 0.0005 -1.0000
vn 0.0084 -0.0001 -1.0000
vn -0.1351 0.0469 -0.9897
vn -0.1288 0.0179 -0.9915
vn 0.0075 0.0063 -1.0000
vn -0.0018 0.0196 -0.9998
vn -0.1620 0.0153 -0.9867
vn -0.1428 0.0176 -0.9896
vn -0.1726 0.0062 -0.9850
vn -0.1758 0.0030 -0.9844
vn -0.1131 -0.0072 -0.9936
vn -0.1126 -0.0009 -0.9936
vn -0.1404 -0.0057 -0.9901
vn -0.1783 0.0024 -0.9840
vn -0.1814 0.0022 -0.9834
vn -0.2874 0.0165 -0.9577
vn -0.2513 -0.0259 -0.9676
vn -0.3586 0.0471 -0.9323
vn -0.2960 0.0757 -0.9522
vn -0.3571 0.0142 -0.9339
vn -0.3625 0.0066 -0.9319
vn -0.2469 -0.0200 -0.9688
vn -0.2477 0.0021 -0.9688
vn -0.2935 -0.0172 -0.9558
vn -0.3671 0.0019 -0.9302
vn -0.3727 0.0042 -0.9280
vn -0.4358 0.0131 -0.8999
vn -0.4177 -0.0561 -0.9069
vn -0.5468 0.1340 -0.8265
vn -0.4687 0.1728 -0.8663
vn -0.5600 0.0202 -0.8282
vn -0.5879 0.0550 -0.8071
vn -0.5645 0.0112 -0.8254
vn -0.4198 -0.0393 -0.9068
vn -0.4202 0.0082 -0.9074
vn -0.4657 -0.0375 -0.8842
vn -0.5681 -0.0030 -0.8230
vn -0.5763 0.0063 -0.8172
vn -0.6532 0.0037 -0.7571
vn -0.6621 -0.0721 -0.7459
vn -0.7359 0.2270 -0.6379
vn -0.6833 0.2786 -0.6750
vn -0.7644 0.0249 -0.6442
vn -0.7627 0.0877 -0.6407
vn -0.7687 0.0162 -0.6395
vn -0.6410 -0.0654 -0.7647
vn -0.6426 0.0147 -0.7661
vn -0.6815 -0.0641 -0.7290
vn -0.7707 -0.0126 -0.6370
vn -0.7780 0.0081 -0.6282
vn -0.8969 0.0036 -0.4422
vn -0.9022 -0.0867 -0.4226
vn -0.8847 0.3062 -0.3515
vn -0.8615 0.3556 -0.3625
vn -0.9278 0.1066 -0.3576
vn -0.9323 0.0303 -0.3604
vn -0.9341 0.0205 -0.3564
vn -0.8779 -0.0934 -0.4697
vn -0.8818 0.0206 -0.4712
vn -0.8955 -0.0918 -0.4356
vn -0.9343 -0.0234 -0.3558
vn -0.9374 0.0095 -0.3481
vn -0.2781 0.0506 -0.9592
vn -0.4592 0.0985 -0.8829
vn -0.7071 0.1323 -0.6946
vn -0.9115 0.1603 -0.3788
vn 0.0067 0.0002 -1.0000
vn -0.1598 0.0186 -0.9870
vn -0.2761 -0.0044 -0.9611
vn -0.3290 -0.0267 -0.9440
vn -0.4735 -0.0294 -0.8803
vn -0.4854 -0.0438 -0.8732
vn -0.7211 -0.0607 -0.6901
vn -0.7150 -0.0649 -0.6961
vn -0.9214 -0.0794 -0.3803
vn -0.9157 -0.0782 -0.3942
vn -0.3148 0.0593 -0.9473
vn -0.4854 0.0901 -0.8696
vn -0.7066 0.1389 -0.6938
vn -0.9005 0.1867 -0.3928
vn -0.2983 0.1005 -0.9492
vn -0.2447 0.0924 -0.9652
vn -0.4642 0.1998 -0.8629
vn -0.4296 0.1794 -0.8850
vn -0.6675 0.3176 -0.6735
vn -0.6519 0.2917 -0.7000
vn -0.8300 0.4173 -0.3702
vn -0.8411 0.3805 -0.3844
vn -0.2466 0.0107 -0.9691
vn -0.4272 0.0296 -0.9037
vn -0.6745 0.0736 -0.7346
vn -0.9043 0.1092 -0.4126
vn -0.2770 0.0909 -0.9566
vn -0.4283 0.1543 -0.8904
vn -0.6382 0.2216 -0.7373
vn -0.8568 0.2933 -0.4240
vn -0.2303 0.1442 -0.9624
vn -0.2799 0.1951 -0.9400
vn -0.1006 0.0259 -0.9946
vn -0.4072 0.2544 -0.8772
vn -0.4083 0.2954 -0.8637
vn -0.6274 0.3695 -0.6854
vn -0.5966 0.4167 -0.6859
vn -0.8056 0.4561 -0.3782
vn -0.7630 0.5251 -0.3769
vn 0.9093 0.0795 -0.4086
vn 0.9061 0.0362 -0.4216
vn 0.7112 0.0442 -0.7016
vn 0.7052 0.0195 -0.7087
vn 0.5054 0.0332 -0.8622
vn 0.5222 -0.0009 -0.8528
vn 0.3194 -0.0251 -0.9473
vn 0.2971 0.0237 -0.9546
vn 0.1527 -0.0546 -0.9868
vn 0.1361 0.0056 -0.9907
vn 0.0131 -0.1081 -0.9941
vn -0.0031 -0.0217 -0.9998
vn -0.0931 -0.1725 -0.9806
vn -0.0956 -0.0784 -0.9923
vn -0.1509 -0.2151 -0.9649
vn -0.2213 -0.1131 -0.9686
vn -0.3628 -0.3478 -0.8646
vn -0.4646 -0.2404 -0.8523
vn -0.6511 -0.6317 -0.4208
vn -0.6789 -0.3971 -0.6175
vn -0.6804 -0.7302 -0.0622
vn -0.7826 -0.4882 -0.3861
vn -0.8102 -0.5684 -0.1431
vn -0.2309 0.0451 -0.9719
vn -0.4175 0.0782 -0.9053
vn -0.6808 0.1091 -0.7243
vn -0.8811 0.1994 -0.4288
vn -0.2261 -0.0373 -0.9734
vn -0.3979 -0.0500 -0.9161
vn -0.6039 -0.0668 -0.7942
vn -0.7736 -0.0945 -0.6266
vn -0.9315 -0.2140 -0.2940
vn -0.4277 -0.7960 -0.4283
vn -0.1201 -0.9512 -0.2842
vn -0.4372 -0.8994 -0.0055
vn -0.0585 -0.9205 -0.3864
vn -0.0437 -0.8895 -0.4548
vn 0.0196 -0.8603 -0.5094
vn 0.1042 -0.8420 -0.5294
vn 0.2513 -0.8094 -0.5308
vn 0.3113 -0.8898 -0.3336
vn 0.8168 -0.5383 -0.2077
vn 0.7007 -0.6760 -0.2281
vn 0.8675 -0.4682 -0.1680
vn 0.8866 0.0696 -0.4573
vn 0.6645 0.0465 -0.7459
vn 0.4553 0.0265 -0.8899
vn 0.2773 0.0121 -0.9607
vn 0.1335 0.0039 -0.9910
vn 0.0084 0.0010 -1.0000
vn -0.1185 0.0026 -0.9929
vn -0.2596 0.0074 -0.9657
vn -0.4359 0.0164 -0.8999
vn -0.6567 0.0323 -0.7535
vn -0.8867 0.0515 -0.4595
vn 0.8917 -0.0000 -0.4526
vn 0.6704 -0.0000 -0.7420
vn 0.4602 -0.0000 -0.8878
vn 0.2806 -0.0000 -0.9598
vn 0.1349 -0.0000 -0.9909
vn 0.0086 -0.0000 -1.0000
vn -0.1198 -0.0000 -0.9928
vn -0.2608 -0.0000 -0.9654
vn -0.4395 -0.0000 -0.8983
vn -0.6613 -0.0000 -0.7501
vn -0.8904 -0.0000 -0.4551
vn 0.9262 -0.0253 -0.3762
vn 0.9197 -0.0004 -0.3927
vn 0.7504 -0.0255 -0.6605
vn 0.7341 -0.0055 -0.6791
vn 0.5488 -0.0239 -0.8356
vn 0.5291 -0.0103 -0.8485
vn 0.3528 -0.0190 -0.9355
vn 0.3360 -0.0118 -0.9418
vn 0.1710 -0.0110 -0.9852
vn 0.1627 -0.0061 -0.9867
vn 0.9141 0.0571 -0.4014
vn 0.7239 0.0427 -0.6886
vn 0.5131 0.0254 -0.8579
vn 0.3147 0.0091 -0.9491
vn 0.1540 0.0021 -0.9881
vn 0.9113 0.0786 -0.4043
vn 0.7194 0.0599 -0.6920
vn 0.5025 0.0403 -0.8636
vn 0.2878 0.0218 -0.9574
vn 0.5853 -0.3979 -0.7065
vn 0.9156 -0.1112 -0.3864
vn 0.7814 -0.1956 -0.5926
vn 0.3320 -0.2594 -0.9069
vn 0.1638 -0.2856 -0.9442
vn 0.0148 -0.3429 -0.9393
vn -0.0869 -0.4141 -0.9061
vn -0.1166 -0.4778 -0.8707
vn -0.1648 -0.5323 -0.8304
vn -0.0575 0.0401 -0.9975
vn -0.0380 0.0271 -0.9989
vn -0.0251 -0.0378 -0.9990
vn 0.0323 -0.0220 -0.9992
vn 0.0867 0.0079 -0.9962
vn 0.1761 0.0212 -0.9841
vn 0.1897 0.0121 -0.9818
vn 0.1824 0.0220 -0.9830
vn 0.1355 0.0169 -0.9906
vn 0.0531 0.0173 -0.9984
vn 0.9997 -0.0254 -0.0000
vn -0.7787 0.6274 -0.0000
vt 0.494726 0.955264
vt 0.482091 0.959940
vt 0.481673 0.943062
vt 0.493479 0.938160
vt 0.469466 0.944162
vt 0.469150 0.961328
vt 0.456202 0.960164
vt 0.457504 0.942610
vt 0.510599 0.920692
vt 0.520035 0.937824
vt 0.506941 0.947676
vt 0.502581 0.931526
vt 0.768007 0.969362
vt 0.768036 0.975938
vt 0.756236 0.975938
vt 0.756165 0.969424
vt 0.805725 0.968836
vt 0.811859 0.968644
vt 0.811859 0.975938
vt 0.805760 0.975938
vt 0.779371 0.969178
vt 0.789133 0.968962
vt 0.789128 0.975938
vt 0.779358 0.975938
vt 0.722814 0.968846
vt 0.722841 0.975938
vt 0.713482 0.975938
vt 0.713464 0.968510
vt 0.437083 0.931032
vt 0.433625 0.952430
vt 0.424062 0.946524
vt 0.428591 0.919748
vt 0.534950 0.534452
vt 0.546257 0.664336
vt 0.543801 0.664102
vt 0.509202 0.549978
vt 0.475098 0.577614
vt 0.484903 0.568874
vt 0.490868 0.662970
vt 0.440699 0.617568
vt 0.451124 0.603204
vt 0.446547 0.662970
vt 0.421418 0.651444
vt 0.422127 0.649424
vt 0.424089 0.662530
vt 0.421359 0.661686
vt 0.672869 0.518602
vt 0.673254 0.813008
vt 0.660039 0.812300
vt 0.659716 0.519468
vt 0.646813 0.520012
vt 0.647083 0.812048
vt 0.634025 0.812098
vt 0.633810 0.520146
vt 0.620766 0.520012
vt 0.620926 0.812102
vt 0.607819 0.812492
vt 0.607719 0.519656
vt 0.597752 0.519432
vt 0.597800 0.813250
vt 0.587574 0.813458
vt 0.587761 0.519384
vt 0.580887 0.519634
vt 0.580600 0.812560
vt 0.558468 0.524766
vt 0.547535 0.665856
vt 0.704415 0.817278
vt 0.703899 0.514014
vt 0.719732 0.510706
vt 0.720304 0.820240
vt 0.736582 0.823812
vt 0.735956 0.506918
vt 0.752569 0.502224
vt 0.753248 0.827776
vt 0.768288 0.833292
vt 0.767547 0.496912
vt 0.782985 0.491144
vt 0.783774 0.839038
vt 0.799569 0.845586
vt 0.819550 0.773476
vt 0.815092 0.813916
vt 0.830880 0.773270
vt 0.826637 0.813802
vt 0.835754 0.684022
vt 0.833954 0.732702
vt 0.822278 0.734534
vt 0.824042 0.688210
vt 0.820527 0.473966
vt 0.825560 0.510160
vt 0.814050 0.511420
vt 0.809583 0.479794
vt 0.830245 0.551530
vt 0.833679 0.594002
vt 0.822008 0.591502
vt 0.818831 0.551292
vt 0.835798 0.644042
vt 0.824014 0.637988
vt 0.653973 0.897508
vt 0.642777 0.901704
vt 0.642777 0.891130
vt 0.653973 0.895330
vt 0.881740 0.793572
vt 0.874939 0.793572
vt 0.874939 0.791238
vt 0.881740 0.791238
vt 0.427215 0.639988
vt 0.434453 0.627572
vt 0.429949 0.662732
vt 0.466594 0.586368
vt 0.550206 0.785246
vt 0.549428 0.782238
vt 0.548507 0.672446
vt 0.580416 0.519518
vt 0.799337 0.968788
vt 0.799354 0.975938
vt 0.446197 0.938142
vt 0.443390 0.956718
vt 0.732142 0.969160
vt 0.732164 0.975938
vt 0.687205 0.516802
vt 0.687653 0.814768
vt 0.514959 0.908638
vt 0.520501 0.937186
vt 0.417483 0.943040
vt 0.424533 0.909060
vt 0.821451 0.854736
vt 0.811473 0.849914
vt 0.796962 0.484908
vt 0.705631 0.968312
vt 0.705637 0.975938
vt 0.744072 0.969370
vt 0.744114 0.975938
vt 0.700100 0.975938
vt 0.700100 0.967898
vt 0.695937 0.830406
vt 0.695951 0.958476
vt 0.682968 0.954896
vt 0.682955 0.833994
vt 0.417299 0.942924
vt 0.422969 0.896256
vt 0.516439 0.896246
vt 0.520699 0.937070
vt 0.811859 0.966426
vt 0.805442 0.966426
vt 0.798951 0.966422
vt 0.788976 0.966422
vt 0.779380 0.966426
vt 0.768022 0.966426
vt 0.756187 0.966426
vt 0.744136 0.966426
vt 0.732261 0.966426
vt 0.722791 0.966426
vt 0.713396 0.966426
vt 0.706238 0.966426
vt 0.700100 0.966426
vt 0.580669 0.516188
vt 0.580931 0.516152
vt 0.581081 0.516164
vt 0.686591 0.513656
vt 0.687099 0.513404
vt 0.687300 0.513372
vt 0.687514 0.513408
vt 0.809270 0.477984
vt 0.811493 0.851516
vt 0.607616 0.815918
vt 0.620822 0.815544
vt 0.659811 0.516038
vt 0.646889 0.516568
vt 0.548888 0.787810
vt 0.580493 0.815912
vt 0.587825 0.515914
vt 0.660327 0.815698
vt 0.673629 0.816374
vt 0.719896 0.507272
vt 0.704138 0.510598
vt 0.587222 0.816842
vt 0.597500 0.816636
vt 0.633859 0.516700
vt 0.620841 0.516570
vt 0.634034 0.815548
vt 0.647230 0.815486
vt 0.672639 0.515196
vt 0.720484 0.823678
vt 0.736716 0.827246
vt 0.782675 0.488758
vt 0.767570 0.494282
vt 0.752637 0.499026
vt 0.736069 0.503480
vt 0.688003 0.818148
vt 0.704668 0.820694
vt 0.796603 0.482840
vt 0.753329 0.830666
vt 0.768320 0.835564
vt 0.423963 0.663824
vt 0.430141 0.664590
vt 0.474480 0.574948
vt 0.465759 0.583980
vt 0.508256 0.546966
vt 0.484524 0.565962
vt 0.544261 0.667144
vt 0.546073 0.667774
vt 0.440302 0.615522
vt 0.433672 0.625846
vt 0.783218 0.841134
vt 0.799274 0.847090
vt 0.534478 0.531098
vt 0.607867 0.516224
vt 0.597829 0.515986
vt 0.558438 0.521350
vt 0.547685 0.783122
vt 0.547185 0.672734
vt 0.546692 0.668910
vt 0.420924 0.662050
vt 0.420973 0.650976
vt 0.421342 0.663150
vt 0.421595 0.648940
vt 0.426822 0.638300
vt 0.446456 0.665130
vt 0.491113 0.666190
vt 0.451178 0.600744
vt 0.600434 0.908478
vt 0.585367 0.911722
vt 0.585377 0.880962
vt 0.600443 0.884266
vt 0.568778 0.916396
vt 0.552654 0.921540
vt 0.552668 0.871034
vt 0.568792 0.876232
vt 0.370416 0.932698
vt 0.343210 0.926306
vt 0.343190 0.866406
vt 0.370391 0.859938
vt 0.306856 0.918124
vt 0.306840 0.874696
vt 0.317784 0.872142
vt 0.317802 0.920638
vt 0.900700 0.504386
vt 0.900717 0.555238
vt 0.856500 0.543110
vt 0.856491 0.516640
vt 0.615751 0.905730
vt 0.615755 0.887058
vt 0.840362 0.881850
vt 0.840369 0.906844
vt 0.825295 0.910604
vt 0.825286 0.878134
vt 0.667021 0.984040
vt 0.641946 0.984040
vt 0.641946 0.981994
vt 0.667021 0.981994
vt 0.893872 0.893248
vt 0.893875 0.895280
vt 0.884078 0.899748
vt 0.884074 0.888804
vt 0.760861 0.853636
vt 0.760873 0.935184
vt 0.747461 0.945604
vt 0.747447 0.843226
vt 0.629943 0.903320
vt 0.629944 0.889496
vt 0.620472 0.984040
vt 0.620472 0.981994
vt 0.417008 0.942848
vt 0.394722 0.938068
vt 0.394695 0.854506
vt 0.416987 0.849662
vt 0.249751 0.905110
vt 0.242344 0.903472
vt 0.242336 0.889584
vt 0.249742 0.887914
vt 0.834236 0.522808
vt 0.834245 0.537020
vt 0.831637 0.536678
vt 0.831629 0.523162
vt 0.881740 0.804562
vt 0.881740 0.805862
vt 0.874939 0.805862
vt 0.874939 0.804562
vt 0.673166 0.838342
vt 0.673179 0.950562
vt 0.734833 0.835340
vt 0.734848 0.953508
vt 0.722095 0.958262
vt 0.722081 0.830600
vt 0.776995 0.862644
vt 0.777004 0.926158
vt 0.871716 0.887332
vt 0.871721 0.901264
vt 0.855444 0.903760
vt 0.855437 0.884904
vt 0.494726 0.837202
vt 0.493476 0.854312
vt 0.481669 0.849402
vt 0.482086 0.832520
vt 0.469462 0.848308
vt 0.457497 0.849864
vt 0.456194 0.832310
vt 0.469146 0.831142
vt 0.510599 0.871784
vt 0.502581 0.860942
vt 0.506941 0.844798
vt 0.520036 0.854662
vt 0.709030 0.829198
vt 0.709043 0.959670
vt 0.632178 0.969362
vt 0.644023 0.969424
vt 0.643949 0.975938
vt 0.632148 0.975938
vt 0.594451 0.968836
vt 0.594413 0.975938
vt 0.588320 0.975938
vt 0.588320 0.968648
vt 0.620810 0.969174
vt 0.620822 0.975938
vt 0.611050 0.975938
vt 0.611045 0.968966
vt 0.677381 0.968842
vt 0.686735 0.968510
vt 0.686719 0.975938
vt 0.677356 0.975938
vt 0.437076 0.861458
vt 0.428584 0.872748
vt 0.424048 0.845978
vt 0.433613 0.840058
vt 0.949573 0.655982
vt 0.949249 0.577048
vt 0.983514 0.569342
vt 0.983902 0.662540
vt 0.891636 0.577916
vt 0.946785 0.577090
vt 0.947091 0.656022
vt 0.891929 0.656856
vt 0.117210 0.784810
vt 0.091453 0.769496
vt 0.125826 0.655094
vt 0.128304 0.654842
vt 0.057314 0.742200
vt 0.072879 0.656696
vt 0.067125 0.750836
vt 0.022835 0.702668
vt 0.028548 0.657194
vt 0.033291 0.716910
vt 0.006085 0.657956
vt 0.004164 0.671086
vt 0.003451 0.669080
vt 0.003356 0.658846
vt 0.254961 0.800700
vt 0.241817 0.799766
vt 0.242221 0.506940
vt 0.255445 0.506294
vt 0.228934 0.799174
vt 0.215946 0.798990
vt 0.216180 0.507040
vt 0.229254 0.507134
vt 0.202917 0.799090
vt 0.189885 0.799430
vt 0.189943 0.506594
vt 0.203066 0.507004
vt 0.179940 0.799646
vt 0.169967 0.799694
vt 0.169661 0.505622
vt 0.179908 0.505824
vt 0.163111 0.799440
vt 0.162665 0.506528
vt 0.140724 0.794358
vt 0.129602 0.653320
vt 0.286626 0.502178
vt 0.302525 0.499298
vt 0.301786 0.808830
vt 0.285964 0.805440
vt 0.318814 0.495808
vt 0.335485 0.491918
vt 0.334603 0.817474
vt 0.317999 0.812690
vt 0.350528 0.486478
vt 0.366021 0.480794
vt 0.365004 0.828692
vt 0.349573 0.822852
vt 0.381823 0.474296
vt 0.397321 0.506002
vt 0.401753 0.546454
vt 0.408868 0.506154
vt 0.413082 0.546696
vt 0.417896 0.635948
vt 0.406188 0.631738
vt 0.404457 0.585408
vt 0.416128 0.587270
vt 0.402534 0.845974
vt 0.391591 0.840112
vt 0.396082 0.808502
vt 0.407588 0.809790
vt 0.412303 0.768428
vt 0.400887 0.768646
vt 0.404092 0.728434
vt 0.415762 0.725964
vt 0.417914 0.675926
vt 0.406125 0.681954
vt 0.009287 0.680444
vt 0.011947 0.657664
vt 0.016561 0.692748
vt 0.048797 0.733554
vt 0.130612 0.646712
vt 0.131506 0.536912
vt 0.132283 0.533890
vt 0.162658 0.799542
vt 0.600821 0.975938
vt 0.600840 0.968788
vt 0.446189 0.854340
vt 0.443379 0.835762
vt 0.668052 0.969160
vt 0.668031 0.975938
vt 0.269282 0.802564
vt 0.269856 0.504602
vt 0.520950 0.937022
vt 0.520707 0.855418
vt 0.520964 0.855476
vt 0.514959 0.883844
vt 0.520506 0.855300
vt 0.424528 0.883444
vt 0.417470 0.849470
vt 0.792568 0.869140
vt 0.792576 0.919646
vt 0.403710 0.465206
vt 0.393729 0.470002
vt 0.378975 0.834966
vt 0.694567 0.968312
vt 0.694564 0.975938
vt 0.656122 0.969370
vt 0.656078 0.975938
vt 0.663423 0.844464
vt 0.663433 0.944454
vt 0.656943 0.941056
vt 0.656934 0.847864
vt 0.417282 0.849596
vt 0.588320 0.966426
vt 0.594732 0.966426
vt 0.601225 0.966426
vt 0.611204 0.966426
vt 0.620802 0.966426
vt 0.632162 0.966426
vt 0.643999 0.966426
vt 0.656055 0.966426
vt 0.667934 0.966426
vt 0.677406 0.966426
vt 0.686805 0.966426
vt 0.693960 0.966426
vt 0.947836 0.663864
vt 0.959581 0.668788
vt 0.968361 0.675246
vt 0.912734 0.668748
vt 0.890024 0.708958
vt 0.980835 0.698288
vt 0.976122 0.685732
vt 0.982423 0.708956
vt 0.980835 0.719626
vt 0.968364 0.742666
vt 0.976122 0.732178
vt 0.912735 0.749170
vt 0.947838 0.754050
vt 0.959581 0.749126
vt 0.935678 0.755146
vt 0.923862 0.753600
vt 0.895175 0.730722
vt 0.903649 0.742030
vt 0.891386 0.720578
vt 0.895175 0.687196
vt 0.891386 0.697344
vt 0.903648 0.675890
vt 0.935678 0.662770
vt 0.923862 0.664318
vt 0.163304 0.802904
vt 0.163164 0.802914
vt 0.162913 0.802874
vt 0.269585 0.805958
vt 0.269371 0.805996
vt 0.269172 0.805966
vt 0.268665 0.805710
vt 0.391279 0.841928
vt 0.393752 0.468400
vt 0.189741 0.503166
vt 0.202962 0.503556
vt 0.241916 0.803206
vt 0.229007 0.802618
vt 0.130964 0.531328
vt 0.162568 0.503178
vt 0.170028 0.803160
vt 0.242508 0.503542
vt 0.255825 0.502932
vt 0.301946 0.812264
vt 0.286197 0.808860
vt 0.169311 0.502236
vt 0.179607 0.502438
vt 0.215992 0.802438
vt 0.202990 0.802532
vt 0.216195 0.503592
vt 0.229401 0.503704
vt 0.254729 0.804108
vt 0.302709 0.495862
vt 0.318949 0.492374
vt 0.364695 0.831076
vt 0.349593 0.825486
vt 0.334668 0.820670
vt 0.318109 0.816138
vt 0.270209 0.501222
vt 0.286886 0.498768
vt 0.378616 0.837036
vt 0.335566 0.489026
vt 0.350564 0.484200
vt 0.005954 0.656664
vt 0.012132 0.655806
vt 0.056703 0.744884
vt 0.047968 0.735956
vt 0.090512 0.772516
vt 0.066753 0.753754
vt 0.126282 0.652042
vt 0.128122 0.651400
vt 0.022439 0.704720
vt 0.015788 0.694490
vt 0.365467 0.478694
vt 0.381529 0.472790
vt 0.116743 0.788164
vt 0.190034 0.802864
vt 0.180015 0.803094
vt 0.140695 0.797778
vt 0.129286 0.646422
vt 0.129761 0.536028
vt 0.128760 0.650246
vt 0.003007 0.669556
vt 0.002919 0.658482
vt 0.003335 0.657382
vt 0.003634 0.671588
vt 0.008899 0.682138
vt 0.028454 0.655034
vt 0.073119 0.653474
vt 0.033353 0.719362
vt 0.808700 0.874296
vt 0.808708 0.914466
vt 0.686972 0.984040
vt 0.686972 0.981994
vt 0.711344 0.981994
vt 0.711344 0.984040
vt 0.280378 0.911992
vt 0.267309 0.908976
vt 0.267298 0.883974
vt 0.280364 0.880908
vt 0.889827 0.656674
vt 0.889536 0.578170
vt 0.953387 0.490750
vt 0.953408 0.568768
vt 0.840363 0.521354
vt 0.840372 0.538456
vt 0.297089 0.915876
vt 0.297073 0.876972
vt 0.599299 0.984040
vt 0.599299 0.981994
vt 0.580534 0.984040
vt 0.580534 0.981994
vt 0.731832 0.984040
vt 0.731832 0.981994
vt 0.752507 0.981994
vt 0.752507 0.984040
vt 0.537096 0.864502
vt 0.537078 0.928026
vt 0.955316 0.490746
vt 0.955339 0.568762
vt 0.956354 0.490508
vt 0.956377 0.569000
vt 0.258960 0.907042
vt 0.258949 0.885936
vt 0.773602 0.981994
vt 0.773602 0.984040
vt 0.612931 0.204034
vt 0.612811 0.215974
vt 0.499330 0.213228
vt 0.499383 0.201286
vt 0.613071 0.191400
vt 0.499484 0.188658
vt 0.613247 0.177630
vt 0.499626 0.174932
vt 0.613462 0.162486
vt 0.499808 0.159896
vt 0.613704 0.146548
vt 0.500016 0.144096
vt 0.613952 0.130434
vt 0.500235 0.128086
vt 0.614193 0.114326
vt 0.500451 0.112074
vt 0.614414 0.098604
vt 0.500656 0.096458
vt 0.614603 0.083704
vt 0.500837 0.081660
vt 0.614754 0.069526
vt 0.500993 0.067584
vt 0.614863 0.055926
vt 0.501111 0.054088
vt 0.614933 0.043976
vt 0.501177 0.042148
vt 0.856418 0.212312
vt 0.856186 0.224262
vt 0.839681 0.223352
vt 0.839825 0.211400
vt 0.764136 0.211026
vt 0.764021 0.222984
vt 0.688387 0.220248
vt 0.688530 0.208302
vt 0.069020 0.240922
vt 0.069274 0.228808
vt 0.082326 0.229000
vt 0.082483 0.241124
vt 0.158390 0.209912
vt 0.158682 0.222018
vt 0.234258 0.202034
vt 0.234366 0.213974
vt 0.385803 0.201556
vt 0.385796 0.213510
vt 0.840070 0.198688
vt 0.856727 0.199504
vt 0.764342 0.198258
vt 0.688701 0.195574
vt 0.069375 0.214386
vt 0.082400 0.214632
vt 0.158401 0.196040
vt 0.234263 0.189358
vt 0.385856 0.188888
vt 0.840388 0.184746
vt 0.857110 0.185312
vt 0.764612 0.184198
vt 0.688923 0.181612
vt 0.069493 0.196596
vt 0.082560 0.197022
vt 0.158530 0.179600
vt 0.234359 0.175466
vt 0.385971 0.175080
vt 0.840762 0.169284
vt 0.857564 0.169198
vt 0.764935 0.168522
vt 0.689189 0.166116
vt 0.069665 0.173702
vt 0.082778 0.174366
vt 0.158693 0.162550
vt 0.234512 0.160172
vt 0.386132 0.159930
vt 0.841162 0.153024
vt 0.858048 0.152264
vt 0.765282 0.152050
vt 0.689478 0.149828
vt 0.069867 0.149808
vt 0.083013 0.150842
vt 0.158878 0.144702
vt 0.234694 0.144002
vt 0.386321 0.143976
vt 0.841556 0.136564
vt 0.858548 0.133872
vt 0.765628 0.135406
vt 0.689772 0.133368
vt 0.070100 0.124274
vt 0.083256 0.125614
vt 0.159062 0.127562
vt 0.234883 0.127544
vt 0.386521 0.127782
vt 0.932247 0.114458
vt 0.931371 0.133700
vt 0.908056 0.132170
vt 0.908806 0.112662
vt 0.841965 0.118344
vt 0.858983 0.116686
vt 0.765954 0.118762
vt 0.690051 0.116906
vt 0.070340 0.098750
vt 0.083490 0.100382
vt 0.159244 0.110436
vt 0.235072 0.111096
vt 0.386720 0.111606
vt 0.927874 0.095430
vt 0.915696 0.094400
vt 0.842289 0.101062
vt 0.852499 0.100546
vt 0.766236 0.102530
vt 0.690301 0.100850
vt 0.070583 0.074124
vt 0.083705 0.075938
vt 0.159424 0.092292
vt 0.235251 0.095076
vt 0.386913 0.095840
vt 0.928798 0.076876
vt 0.916414 0.073844
vt 0.842664 0.085702
vt 0.853016 0.082520
vt 0.766448 0.087218
vt 0.834326 0.087650
vt 0.690501 0.085676
vt 0.070796 0.053288
vt 0.083881 0.055318
vt 0.159599 0.073430
vt 0.235420 0.079970
vt 0.387091 0.080936
vt 0.929296 0.059134
vt 0.916823 0.055398
vt 0.842827 0.071000
vt 0.853479 0.065920
vt 0.766580 0.072714
vt 0.834465 0.073002
vt 0.690648 0.071276
vt 0.071004 0.034592
vt 0.084049 0.036670
vt 0.159771 0.056262
vt 0.235594 0.065714
vt 0.387257 0.066798
vt 0.929405 0.042136
vt 0.916933 0.038824
vt 0.842671 0.056918
vt 0.853528 0.050692
vt 0.834402 0.059068
vt 0.766623 0.058852
vt 0.690746 0.057498
vt 0.071202 0.017936
vt 0.084280 0.019860
vt 0.160018 0.040722
vt 0.235798 0.052186
vt 0.387403 0.053288
vt 0.929386 0.030006
vt 0.917119 0.026874
vt 0.841925 0.044942
vt 0.852782 0.038904
vt 0.834116 0.047100
vt 0.766628 0.046896
vt 0.690805 0.045542
vt 0.071290 0.005838
vt 0.084683 0.007700
vt 0.160457 0.028648
vt 0.236024 0.040244
vt 0.387481 0.041346
vt 0.859429 0.099192
vt 0.859893 0.080250
vt 0.860189 0.063588
vt 0.860222 0.048316
vt 0.859924 0.036506
vt 0.884656 0.116754
vt 0.884037 0.135130
vt 0.866319 0.098834
vt 0.878784 0.101658
vt 0.866680 0.079804
vt 0.879348 0.084218
vt 0.866868 0.063412
vt 0.879666 0.067780
vt 0.866925 0.048286
vt 0.879796 0.052498
vt 0.867129 0.036478
vt 0.879975 0.040428
vt 0.885209 0.101502
vt 0.885756 0.084270
vt 0.886087 0.067762
vt 0.886094 0.052370
vt 0.885670 0.040310
vt 0.891595 0.099540
vt 0.903438 0.094612
vt 0.892089 0.081904
vt 0.904343 0.074192
vt 0.892410 0.065260
vt 0.905005 0.056440
vt 0.892283 0.049668
vt 0.905097 0.040166
vt 0.891300 0.037768
vt 0.904220 0.028458
vt 0.909542 0.093506
vt 0.910310 0.072700
vt 0.910826 0.054552
vt 0.910911 0.038210
vt 0.910632 0.026388
vt 0.933120 0.095412
vt 0.934174 0.076346
vt 0.934737 0.058322
vt 0.934749 0.041146
vt 0.933983 0.029120
vt 0.951426 0.081614
vt 0.955442 0.103844
vt 0.938135 0.093598
vt 0.952888 0.059396
vt 0.939334 0.073498
vt 0.953896 0.040428
vt 0.939993 0.055044
vt 0.953877 0.023492
vt 0.939898 0.037696
vt 0.952684 0.011950
vt 0.938512 0.025940
vt 0.964938 0.234790
vt 0.972406 0.237214
vt 0.970938 0.248904
vt 0.964102 0.246722
vt 0.965632 0.221430
vt 0.976095 0.223930
vt 0.966333 0.205944
vt 0.980316 0.210072
vt 0.981148 0.192056
vt 0.967305 0.184208
vt 0.982057 0.172968
vt 0.968394 0.161512
vt 0.983053 0.153528
vt 0.969603 0.137032
vt 0.984209 0.133364
vt 0.970950 0.112576
vt 0.985391 0.113040
vt 0.972575 0.087612
vt 0.986527 0.090240
vt 0.973939 0.059402
vt 0.987625 0.074758
vt 0.973857 0.045588
vt 0.875461 0.606742
vt 0.870360 0.610212
vt 0.870151 0.570948
vt 0.874819 0.562618
vt 0.884662 0.604824
vt 0.879086 0.557868
vt 0.883358 0.556692
vt 0.956794 0.080006
vt 0.958150 0.057460
vt 0.959028 0.038428
vt 0.959192 0.021180
vt 0.958832 0.009282
vt 0.962234 0.081224
vt 0.963624 0.058298
vt 0.964591 0.043236
vt 0.972629 0.032022
vt 0.964734 0.029092
vt 0.971928 0.021462
vt 0.964806 0.018644
vt 0.869529 0.646714
vt 0.873952 0.646220
vt 0.869938 0.654998
vt 0.885923 0.653594
vt 0.886358 0.674398
vt 0.868394 0.677676
vt 0.886665 0.691084
vt 0.867443 0.692820
vt 0.886928 0.707800
vt 0.867102 0.707894
vt 0.867998 0.722666
vt 0.887095 0.722050
vt 0.870104 0.737838
vt 0.887188 0.737796
vt 0.887142 0.746886
vt 0.872856 0.746244
vt 0.877433 0.764648
vt 0.874831 0.754022
vt 0.886963 0.755132
vt 0.886624 0.765846
vt 0.886111 0.780160
vt 0.881705 0.776700
vt 0.044142 0.234126
vt 0.044482 0.221928
vt 0.044658 0.207600
vt 0.044810 0.190320
vt 0.044978 0.168614
vt 0.045159 0.146110
vt 0.045368 0.122308
vt 0.045598 0.098526
vt 0.045841 0.075574
vt 0.046048 0.055738
vt 0.046239 0.037662
vt 0.046376 0.021254
vt 0.046344 0.009056
vt 0.002919 0.231662
vt 0.003120 0.219556
vt 0.003319 0.205478
vt 0.003486 0.188464
vt 0.003660 0.166950
vt 0.003838 0.144552
vt 0.004046 0.120788
vt 0.004275 0.097034
vt 0.004517 0.074138
vt 0.004722 0.054408
vt 0.004898 0.036508
vt 0.005011 0.020284
vt 0.005071 0.008162
vt 0.881497 0.214238
vt 0.905017 0.216754
vt 0.904515 0.228734
vt 0.881175 0.226198
vt 0.881896 0.201272
vt 0.905529 0.203556
vt 0.882359 0.186690
vt 0.906075 0.188482
vt 0.882897 0.169928
vt 0.906692 0.170836
vt 0.883464 0.152280
vt 0.907333 0.152352
vt 0.927896 0.222120
vt 0.927165 0.234074
vt 0.928507 0.208792
vt 0.929122 0.193424
vt 0.929870 0.173704
vt 0.930612 0.152978
vt 0.949377 0.229554
vt 0.948535 0.241472
vt 0.950052 0.216232
vt 0.950712 0.200812
vt 0.951740 0.177762
vt 0.965007 0.009440
vt 0.871415 0.752070
vt 0.885582 0.787616
vt 0.879854 0.783128
vt 0.874800 0.769136
vt 0.867591 0.738268
vt 0.865468 0.721876
vt 0.864719 0.705936
vt 0.865293 0.690028
vt 0.866306 0.674196
vt 0.867311 0.654868
vt 0.978259 0.238600
vt 0.976307 0.250234
vt 0.983977 0.225748
vt 0.990778 0.213862
vt 0.991535 0.198620
vt 0.992367 0.181976
vt 0.993246 0.166050
vt 0.994284 0.150098
vt 0.995284 0.134010
vt 0.996173 0.114462
vt 0.997563 0.105696
vt 0.885711 0.645060
vt 0.972375 0.012528
vt 0.955009 0.127332
vt 0.949494 0.129482
vt 0.960364 0.131482
vt 0.963468 0.140694
vt 0.963216 0.151620
vt 0.959703 0.160128
vt 0.954252 0.162762
vt 0.948945 0.158482
vt 0.945796 0.148772
vt 0.945994 0.137592
vt 0.935908 0.828108
vt 0.935908 0.839244
vt 0.890024 0.839244
vt 0.890024 0.828108
vt 0.935908 0.850416
vt 0.890024 0.850416
vt 0.935908 0.761070
vt 0.935908 0.772206
vt 0.890024 0.772206
vt 0.890024 0.761070
vt 0.935908 0.783500
vt 0.890024 0.783500
vt 0.935908 0.794744
vt 0.890024 0.794744
vt 0.935908 0.805844
vt 0.890024 0.805844
vt 0.386779 0.447278
vt 0.500365 0.444884
vt 0.500394 0.456828
vt 0.386873 0.459216
vt 0.386689 0.434640
vt 0.500308 0.432262
vt 0.386574 0.420868
vt 0.500222 0.418534
vt 0.386431 0.405716
vt 0.500105 0.403494
vt 0.386269 0.389772
vt 0.499969 0.387686
vt 0.386105 0.373652
vt 0.499825 0.371662
vt 0.385946 0.357530
vt 0.499684 0.355650
vt 0.385802 0.341802
vt 0.499550 0.340030
vt 0.385684 0.326902
vt 0.499433 0.325220
vt 0.385594 0.312720
vt 0.499334 0.311140
vt 0.385531 0.299108
vt 0.499258 0.297636
vt 0.385491 0.287152
vt 0.499219 0.285694
vt 0.142989 0.451664
vt 0.159668 0.451322
vt 0.159727 0.463278
vt 0.143111 0.463628
vt 0.235433 0.452634
vt 0.235488 0.464594
vt 0.311118 0.450976
vt 0.311219 0.462926
vt 0.930661 0.489638
vt 0.917196 0.489670
vt 0.917392 0.477546
vt 0.930449 0.477526
vt 0.841049 0.469720
vt 0.841374 0.457622
vt 0.765367 0.460942
vt 0.765515 0.449004
vt 0.613936 0.457750
vt 0.613967 0.445800
vt 0.159517 0.438590
vt 0.142793 0.438838
vt 0.235302 0.439868
vt 0.311004 0.438254
vt 0.917365 0.463178
vt 0.930396 0.463104
vt 0.841410 0.443752
vt 0.765556 0.436330
vt 0.613955 0.433126
vt 0.159302 0.424622
vt 0.142534 0.424624
vt 0.235121 0.425802
vt 0.310856 0.424294
vt 0.917267 0.445566
vt 0.930338 0.445318
vt 0.841340 0.427310
vt 0.765511 0.422442
vt 0.613894 0.419308
vt 0.159043 0.409144
vt 0.142217 0.408490
vt 0.234898 0.410118
vt 0.310676 0.408790
vt 0.917127 0.422912
vt 0.930244 0.422420
vt 0.841238 0.410256
vt 0.765416 0.407154
vt 0.613795 0.404154
vt 0.158766 0.392874
vt 0.141877 0.391546
vt 0.234657 0.393640
vt 0.310479 0.392500
vt 0.916972 0.399386
vt 0.930127 0.398526
vt 0.841121 0.392408
vt 0.765300 0.390982
vt 0.613673 0.388208
vt 0.158494 0.376412
vt 0.141534 0.373144
vt 0.234420 0.376988
vt 0.310281 0.376030
vt 0.916817 0.374160
vt 0.929983 0.372994
vt 0.841003 0.375262
vt 0.765178 0.374524
vt 0.613542 0.372012
vt 0.068090 0.350142
vt 0.091534 0.349610
vt 0.092076 0.369146
vt 0.068750 0.369436
vt 0.158216 0.358196
vt 0.141239 0.355966
vt 0.234201 0.360346
vt 0.310093 0.359566
vt 0.916670 0.348928
vt 0.929830 0.347462
vt 0.840888 0.358128
vt 0.765057 0.358072
vt 0.613412 0.355842
vt 0.072692 0.331362
vt 0.084870 0.330992
vt 0.158011 0.340938
vt 0.147839 0.340062
vt 0.234018 0.344118
vt 0.309931 0.343504
vt 0.916539 0.324478
vt 0.929669 0.322838
vt 0.840775 0.339982
vt 0.764941 0.342052
vt 0.613286 0.340076
vt 0.072001 0.312764
vt 0.084406 0.310402
vt 0.157760 0.325576
vt 0.147470 0.322028
vt 0.233893 0.328812
vt 0.166051 0.327760
vt 0.309810 0.328324
vt 0.916433 0.303858
vt 0.929526 0.301992
vt 0.840664 0.321112
vt 0.764832 0.326952
vt 0.613170 0.325170
vt 0.071730 0.295004
vt 0.084233 0.291938
vt 0.157706 0.310886
vt 0.147148 0.305414
vt 0.233840 0.314310
vt 0.166005 0.313128
vt 0.309731 0.313924
vt 0.916326 0.285204
vt 0.929381 0.283300
vt 0.840551 0.303944
vt 0.764711 0.312702
vt 0.613057 0.311026
vt 0.071845 0.278008
vt 0.084339 0.275358
vt 0.157971 0.296826
vt 0.147235 0.290188
vt 0.166159 0.299220
vt 0.233871 0.300452
vt 0.309693 0.300146
vt 0.916149 0.268388
vt 0.929238 0.266640
vt 0.840354 0.288396
vt 0.764551 0.299178
vt 0.612954 0.297514
vt 0.072026 0.265880
vt 0.084312 0.263404
vt 0.158820 0.284886
vt 0.148095 0.278432
vt 0.166525 0.287270
vt 0.233923 0.288504
vt 0.309673 0.288190
vt 0.915785 0.256230
vt 0.929188 0.254536
vt 0.839950 0.276314
vt 0.764366 0.287240
vt 0.612915 0.285582
vt 0.140948 0.338458
vt 0.140652 0.319498
vt 0.140507 0.302830
vt 0.140618 0.287556
vt 0.141032 0.275756
vt 0.116043 0.373322
vt 0.115602 0.354948
vt 0.134084 0.337822
vt 0.121613 0.340124
vt 0.133906 0.318784
vt 0.121224 0.322678
vt 0.133877 0.302388
vt 0.121076 0.306246
vt 0.133971 0.287262
vt 0.121108 0.290972
vt 0.133881 0.275444
vt 0.121056 0.278904
vt 0.115207 0.339686
vt 0.114844 0.322438
vt 0.114692 0.305938
vt 0.114858 0.290558
vt 0.115428 0.278532
vt 0.108860 0.337406
vt 0.097098 0.331852
vt 0.108562 0.319762
vt 0.096435 0.311396
vt 0.108430 0.303118
vt 0.095987 0.293612
vt 0.108747 0.287550
vt 0.096106 0.277334
vt 0.109885 0.275714
vt 0.097142 0.265676
vt 0.091022 0.330426
vt 0.090506 0.309582
vt 0.090218 0.291412
vt 0.090346 0.275064
vt 0.090784 0.263264
vt 0.067454 0.331054
vt 0.066642 0.311936
vt 0.066313 0.293892
vt 0.066532 0.276722
vt 0.067464 0.264744
vt 0.049352 0.316232
vt 0.062470 0.328966
vt 0.045047 0.338232
vt 0.048183 0.293940
vt 0.061528 0.308806
vt 0.047428 0.274912
vt 0.061113 0.290322
vt 0.047683 0.257978
vt 0.061445 0.272980
vt 0.049038 0.246510
vt 0.062996 0.261314
vt 0.033957 0.468586
vt 0.034632 0.480562
vt 0.027762 0.482366
vt 0.026450 0.470608
vt 0.033436 0.455196
vt 0.022933 0.457138
vt 0.032928 0.439686
vt 0.018885 0.443072
vt 0.018275 0.425024
vt 0.032225 0.417900
vt 0.017594 0.405898
vt 0.031404 0.395148
vt 0.016826 0.386408
vt 0.030478 0.370608
vt 0.015915 0.366178
vt 0.029435 0.346100
vt 0.014992 0.345790
vt 0.028139 0.321058
vt 0.014152 0.322932
vt 0.027148 0.292774
vt 0.013263 0.307396
vt 0.027413 0.278970
vt 0.850706 0.596036
vt 0.851346 0.551908
vt 0.856013 0.560238
vt 0.855808 0.599506
vt 0.841507 0.594114
vt 0.842809 0.545984
vt 0.847079 0.547160
vt 0.044009 0.314322
vt 0.042954 0.291704
vt 0.042332 0.272628
vt 0.042405 0.255366
vt 0.042932 0.243496
vt 0.038557 0.315236
vt 0.037473 0.292236
vt 0.036708 0.277126
vt 0.028826 0.265466
vt 0.036759 0.262974
vt 0.029674 0.254942
vt 0.036830 0.252524
vt 0.856634 0.636016
vt 0.856225 0.644302
vt 0.852210 0.635518
vt 0.857757 0.666984
vt 0.839796 0.663670
vt 0.840238 0.642874
vt 0.858700 0.682132
vt 0.839478 0.680356
vt 0.859031 0.697206
vt 0.839206 0.697066
vt 0.858129 0.711974
vt 0.839030 0.711314
vt 0.856014 0.727146
vt 0.838928 0.727052
vt 0.853255 0.735538
vt 0.838970 0.736140
vt 0.848662 0.753930
vt 0.839470 0.755100
vt 0.839142 0.744382
vt 0.851274 0.743314
vt 0.839969 0.769414
vt 0.844377 0.765968
vt 0.955563 0.483184
vt 0.955265 0.470988
vt 0.955138 0.456656
vt 0.955045 0.439374
vt 0.954949 0.417664
vt 0.954847 0.395164
vt 0.954720 0.371356
vt 0.954572 0.347570
vt 0.954409 0.324610
vt 0.954267 0.304770
vt 0.954137 0.286688
vt 0.954053 0.270278
vt 0.954124 0.258082
vt 0.996635 0.469172
vt 0.996794 0.481278
vt 0.996484 0.455096
vt 0.996376 0.438080
vt 0.996276 0.416558
vt 0.996174 0.394158
vt 0.996048 0.370392
vt 0.995900 0.346632
vt 0.995734 0.323728
vt 0.995597 0.303996
vt 0.995482 0.286088
vt 0.995422 0.269860
vt 0.995404 0.257736
vt 0.117821 0.452534
vt 0.118010 0.464510
vt 0.094564 0.465890
vt 0.094212 0.453886
vt 0.117553 0.439550
vt 0.093850 0.440658
vt 0.117232 0.424940
vt 0.093466 0.425556
vt 0.116856 0.408152
vt 0.093036 0.407872
vt 0.116457 0.390482
vt 0.092587 0.389360
vt 0.071217 0.457998
vt 0.071788 0.469986
vt 0.070767 0.444644
vt 0.070335 0.429248
vt 0.069812 0.409496
vt 0.069303 0.388748
vt 0.049605 0.464214
vt 0.050285 0.476170
vt 0.049100 0.450866
vt 0.048629 0.435422
vt 0.047889 0.412330
vt 0.036759 0.243310
vt 0.854691 0.741374
vt 0.846224 0.772400
vt 0.840492 0.776870
vt 0.851292 0.758426
vt 0.858527 0.727580
vt 0.860660 0.711192
vt 0.861416 0.695254
vt 0.860853 0.679342
vt 0.859848 0.663506
vt 0.858851 0.644176
vt 0.022375 0.483410
vt 0.020578 0.471686
vt 0.015027 0.458546
vt 0.008377 0.446334
vt 0.007809 0.431066
vt 0.007172 0.414388
vt 0.006479 0.398412
vt 0.005630 0.382392
vt 0.004831 0.366240
vt 0.004193 0.346636
vt 0.002919 0.337796
vt 0.840453 0.634346
vt 0.029351 0.245984
vt 0.050661 0.364250
vt 0.045168 0.361742
vt 0.039767 0.365556
vt 0.036563 0.374576
vt 0.036706 0.385514
vt 0.040137 0.394234
vt 0.045572 0.397210
vt 0.050928 0.393268
vt 0.054175 0.383770
vt 0.054085 0.372586
vt 0.935908 0.816980
vt 0.890024 0.816980
vt 0.935908 0.861688
vt 0.890024 0.861688
vt 0.935908 0.872868
vt 0.890024 0.872868
s 1
usemtl 02___Default
f 123/1/1 58/2/2 101/3/3 29/4/4
f 28/5/5 108/6/6 166/7/7 100/8/8
f 30/9/9 116/10/10 170/11/11 102/12/12
f 56/13/13 85/14/14 86/15/15 95/16/16
f 103/17/17 105/18/18 199/19/19 106/20/20
f 94/21/21 53/22/22 83/23/23 84/24/24
f 62/25/25 89/26/26 90/27/27 97/28/28
f 99/29/29 164/30/30 23/31/31 26/32/32
f 133/33/33 31/34/34 21/35/35 22/36/36
f 17/37/37 163/38/38 161/39/39
f 16/40/40 159/41/41 157/42/42
f 44/43/43 20/44/44 136/45/45 155/46/46
f 61/47/47 171/48/48 9/49/49 10/50/50
f 168/51/51 60/52/52 2/53/53 3/54/54
f 55/55/55 167/56/56 7/57/57 8/58/58
f 52/59/59 165/60/60 24/61/61 140/62/62
f 4/63/63 140/62/62 24/61/61 110/64/64
f 25/65/65 41/66/66 31/34/34 133/33/33
f 66/67/67 173/68/68 13/69/69 14/70/70
f 174/71/71 69/72/72 12/73/73 11/74/74
f 70/75/75 177/76/76 129/77/77 15/78/78
f 73/79/79 15/78/78 39/80/80 81/81/81
f 39/80/80 32/82/82 80/83/83 81/81/81
f 35/84/84 78/85/85 79/86/86 38/87/87
f 1/88/88 74/89/89 75/90/90 146/91/91
f 33/92/92 76/93/93 77/94/94 36/95/95
f 34/96/96 35/84/84 38/87/87 37/97/97
f 1/98/88 147/99/98 281/100/99 272/101/100
f 152/102/101 283/103/102 282/104/103 137/105/104
f 153/106/105 48/107/106 157/42/42 46/108/107
f 20/44/44 153/106/105 46/108/107 136/45/45
f 48/107/106 16/40/40 157/42/42
f 159/41/41 50/109/108 161/39/39 157/42/42
f 50/109/108 17/37/37 161/39/39
f 22/36/36 21/35/35 161/39/39 163/38/38
f 110/64/64 134/110/109 151/111/110 145/112/111
f 4/63/63 110/64/64 145/112/111 111/113/112
f 53/22/22 93/114/113 82/115/114 83/23/23
f 27/116/115 121/117/116 164/30/30 99/29/29
f 8/58/58 7/57/57 165/60/60 52/59/59
f 166/7/7 121/117/116 27/116/115 100/8/8
f 56/13/13 94/21/21 84/24/24 85/14/14
f 3/54/54 2/53/53 167/56/56 55/55/55
f 58/2/2 108/6/6 28/5/5 101/3/3
f 10/50/50 9/49/49 60/52/52 168/51/51
f 170/11/11 123/1/1 29/4/4 102/12/12
f 96/118/117 88/119/118 89/26/26 62/25/25
f 6/120/119 5/121/120 171/48/48 61/47/47
f 65/122/121 117/123/122 116/10/10 30/9/9
f 26/32/32 23/31/31 114/124/123 64/125/124
f 5/121/120 6/120/119 173/68/68 66/67/67
f 14/70/70 13/69/69 69/72/72 174/71/71
f 11/74/74 12/73/73 177/76/76 70/75/75
f 74/89/89 33/92/92 36/95/95 75/90/90
f 76/93/93 34/96/96 37/97/97 77/94/94
f 32/82/82 39/80/80 79/86/86 78/85/85
f 40/126/125 149/127/126 81/81/81 80/83/83
f 178/128/127 146/91/91 75/90/90
f 81/81/81 149/127/126 73/79/79
f 178/128/127 75/90/90 36/95/95 129/77/77
f 15/78/78 79/86/86 39/80/80
f 129/77/77 36/95/95 77/94/94
f 15/78/78 38/87/87 79/86/86
f 129/77/77 77/94/94 37/97/97
f 129/77/77 37/97/97 38/87/87 15/78/78
f 104/129/128 97/28/28 90/27/27 91/130/129
f 59/131/130 95/16/16 86/15/15 87/132/131
f 88/119/118 96/118/117 59/131/130 87/132/131
f 92/133/132 98/134/133 104/129/128 91/130/129
f 111/113/112 145/112/111 41/66/66 25/65/65
f 57/135/134 320/136/135 319/137/136 120/138/137
f 64/125/124 114/124/123 113/139/138 322/140/139
f 303/141/140 118/142/141 117/123/122 65/122/121
f 322/143/139 105/18/18 103/17/17 64/144/124
f 26/145/32 93/114/113 53/22/22 99/146/29
f 27/147/115 94/21/21 56/13/13 100/148/8
f 28/149/5 95/16/16 59/131/130 101/150/3
f 29/151/4 96/118/117 62/25/25 102/152/12
f 30/153/9 97/28/28 104/129/128 65/154/121
f 99/146/29 53/22/22 94/21/21 27/147/115
f 100/148/8 56/13/13 95/16/16 28/149/5
f 101/150/3 59/131/130 96/118/117 29/151/4
f 102/152/12 62/25/25 97/28/28 30/153/9
f 64/144/124 103/17/17 93/114/113 26/145/32
f 65/154/121 104/129/128 98/134/133 303/155/140
f 103/17/17 106/20/20 82/115/114 93/114/113
f 4/63/63 111/113/112 112/156/142 113/157/138
f 4/63/63 113/157/138 114/158/123
f 6/120/119 116/159/10 117/160/122 118/161/141
f 6/120/119 118/161/141 119/162/143
f 1/88/88 146/91/91 147/163/98
f 40/126/125 148/164/144 149/127/126
f 120/165/137 7/57/57 167/56/56 57/166/134
f 123/167/1 10/50/50 168/51/51 58/168/2
f 19/169/145 134/110/109 110/64/64 109/170/146
f 23/171/31 140/62/62 4/63/63 114/158/123
f 122/172/147 9/49/49 171/48/48 63/173/148
f 126/174/149 13/69/69 173/68/68 67/175/150
f 141/176/151 24/61/61 165/60/60 54/177/152
f 108/178/6 3/54/54 55/55/55 166/179/7
f 107/180/153 2/53/53 60/52/52 169/181/154
f 116/159/10 6/120/119 61/47/47 170/182/11
f 127/183/155 14/70/70 174/71/71 68/184/156
f 128/185/157 129/77/77 177/76/76 71/186/158
f 125/187/159 12/73/73 69/72/72 175/188/160
f 115/189/161 5/121/120 66/67/67 172/190/162
f 147/163/98 146/91/91 178/128/127 72/191/163
f 124/192/164 11/74/74 70/75/75 176/193/165
f 135/194/166 136/45/45 46/108/107 154/195/167
f 132/196/168 17/37/37 50/109/108 162/197/169
f 139/198/170 22/36/36 163/38/38 51/199/171
f 138/200/172 21/35/35 31/34/34 143/201/173
f 131/202/174 16/40/40 48/107/106 158/203/175
f 130/204/176 15/78/78 73/79/79 179/205/177
f 18/206/178 133/33/33 22/36/36 139/198/170
f 121/207/116 8/58/58 52/59/59 164/208/30
f 109/170/146 110/64/64 24/61/61 141/176/151
f 112/156/142 111/113/112 25/65/65 142/209/179
f 151/111/110 42/210/180 144/211/181 145/112/111
f 145/112/111 144/211/181 150/212/182 41/66/66
f 155/46/46 47/213/183 152/214/101 44/43/43
f 142/209/179 25/65/65 133/33/33 18/206/178
f 143/201/173 31/34/34 41/66/66 150/212/182
f 42/210/180 151/111/110 134/110/109 19/169/145
f 43/215/184 155/46/46 136/45/45 135/194/166
f 137/216/104 20/44/44 44/43/43 152/214/101
f 45/217/185 153/106/105 20/44/44 137/216/104
f 154/195/167 46/108/107 157/42/42 156/218/186
f 47/213/183 155/46/46 43/215/184
f 158/203/175 48/107/106 153/106/105 45/217/185
f 156/218/186 157/42/42 161/39/39 160/219/187
f 49/220/188 159/41/41 16/40/40 131/202/174
f 162/197/169 50/109/108 159/41/41 49/220/188
f 160/219/187 161/39/39 21/35/35 138/200/172
f 51/199/171 163/38/38 17/37/37 132/196/168
f 164/208/30 52/59/59 140/62/62 23/171/31
f 54/177/152 165/60/60 7/57/57 120/165/137
f 166/179/7 55/55/55 8/58/58 121/207/116
f 57/166/134 167/56/56 2/53/53 107/180/153
f 58/168/2 168/51/51 3/54/54 108/178/6
f 169/181/154 60/52/52 9/49/49 122/172/147
f 170/182/11 61/47/47 10/50/50 123/167/1
f 63/173/148 171/48/48 5/121/120 115/189/161
f 172/190/162 66/67/67 14/70/70 127/183/155
f 67/175/150 173/68/68 6/120/119 119/162/143
f 68/184/156 174/71/71 11/74/74 124/192/164
f 175/188/160 69/72/72 13/69/69 126/174/149
f 176/193/165 70/75/75 15/78/78 130/204/176
f 71/186/158 177/76/76 12/73/73 125/187/159
f 72/191/163 178/128/127 129/77/77 128/185/157
f 179/205/177 73/79/79 149/127/126 148/164/144
f 71/221/158 125/222/159 333/223/189 332/224/190
f 175/225/160 126/226/149 328/227/191 334/228/192
f 18/229/178 139/230/170 343/231/193 351/232/194
f 132/233/168 341/234/195 344/235/196 51/236/171
f 160/237/187 357/238/197 356/239/198 156/240/186
f 128/241/157 71/221/158 332/224/190 331/242/199
f 176/243/165 338/244/200 337/245/201 124/246/164
f 34/247/202 76/248/203 277/249/203 280/250/202
f 40/251/125 310/252/204 325/253/205 148/254/144
f 115/255/161 335/256/206 327/257/207 63/258/148
f 72/259/163 128/241/157 331/242/199 336/260/208
f 33/261/209 276/262/209 277/249/203 76/248/203
f 112/263/142 142/264/179 352/265/210 324/266/211
f 45/267/185 137/268/104 282/269/103 355/270/212
f 135/271/166 339/272/213 354/273/214 43/274/184
f 47/275/183 43/276/184 354/277/214 321/278/215
f 51/236/171 344/235/196 343/231/193 139/230/170
f 54/279/152 120/138/137 319/137/136 318/280/216
f 122/281/147 326/282/217 193/283/218 169/284/154
f 172/285/162 308/286/219 335/256/206 115/255/161
f 147/99/98 72/259/163 336/260/208 281/100/99
f 179/287/177 350/288/220 349/289/221 130/290/176
f 181/291/222 180/292/223 183/293/224 182/294/225
f 184/295/226 187/296/227 186/297/228 185/298/229
f 188/299/230 191/300/231 190/301/232 189/302/233
f 107/303/153 169/284/154 193/283/218 192/304/234
f 195/305/235 194/306/236 197/307/237 196/308/238
f 198/309/239 200/310/240 199/311/19 105/312/18
f 201/313/241 204/314/242 203/315/243 202/316/244
f 206/317/245 205/318/246 208/319/247 207/320/248
f 210/321/249 209/322/250 212/323/251 211/324/252
f 213/325/253 19/326/145 109/327/146 214/328/254
f 144/329/181 42/330/180 216/331/255 215/332/256
f 218/333/257 217/334/258 220/335/259 219/336/260
f 221/337/261 223/338/262 222/339/263
f 224/340/264 226/341/265 225/342/266
f 228/343/267 287/344/268 227/345/269 229/346/270
f 231/347/271 230/348/272 233/349/273 232/350/274
f 235/351/275 234/352/276 237/353/277 236/354/278
f 239/355/279 238/356/280 241/357/281 240/358/282
f 243/359/283 242/360/284 245/361/285 244/362/286
f 246/363/287 247/364/288 245/361/285 242/360/284
f 248/365/289 218/333/257 219/336/260 249/366/290
f 251/367/291 250/368/292 253/369/293 252/370/294
f 255/371/295 254/372/296 257/373/297 256/374/298
f 259/375/299 258/376/300 261/377/301 260/378/302
f 264/379/303 263/380/304 262/381/305 258/376/300
f 262/381/305 263/380/304 266/382/306 265/383/307
f 268/384/308 267/385/309 270/386/310 269/387/311
f 272/388/100 271/389/312 274/390/313 273/391/314
f 276/392/315 275/393/316 278/394/317 277/395/318
f 280/396/319 279/397/320 267/385/309 268/384/308
f 42/330/180 19/326/145 213/325/253 216/331/255
f 284/398/321 286/399/322 226/341/265 285/400/323
f 287/344/268 228/343/267 286/399/322 284/398/321
f 285/400/323 226/341/265 224/340/264
f 225/342/266 226/341/265 223/338/262 288/401/324
f 288/401/324 223/338/262 221/337/261
f 217/334/258 222/339/263 223/338/262 220/335/259
f 247/364/288 291/402/325 290/403/326 289/404/327
f 246/363/287 292/405/328 291/402/325 247/364/288
f 202/316/244 203/315/243 294/406/329 293/407/330
f 295/408/331 210/321/249 211/324/252 296/409/332
f 238/356/280 243/359/283 244/362/286 241/357/281
f 186/297/228 187/296/227 295/408/331 296/409/332
f 195/305/235 196/308/238 204/314/242 201/313/241
f 234/352/276 239/355/279 240/358/282 237/353/277
f 182/294/225 183/293/224 184/295/226 185/298/229
f 230/348/272 235/351/275 236/354/278 233/349/273
f 190/301/232 191/300/231 180/292/223 181/291/222
f 297/410/333 206/317/245 207/320/248 298/411/334
f 299/412/335 231/347/271 232/350/274 300/413/336
f 119/414/143 118/142/141 303/141/140 302/415/337
f 301/416/338 119/414/143 302/415/337
f 305/417/339 188/299/230 189/302/233 304/418/340
f 209/322/250 306/419/341 307/420/342 212/323/251
f 300/413/336 251/367/291 252/370/294 299/412/335
f 172/285/162 127/421/155 309/422/343 308/286/219
f 250/368/292 255/371/295 256/374/298 253/369/293
f 254/372/296 259/375/299 260/378/302 257/373/297
f 273/391/314 274/390/313 275/393/316 276/392/315
f 277/395/318 278/394/317 279/397/320 280/396/319
f 265/383/307 269/387/311 270/386/310 262/381/305
f 310/423/204 266/382/306 263/380/304 311/424/344
f 312/425/345 274/390/313 271/389/312
f 263/380/304 264/379/303 311/424/344
f 312/425/345 261/377/301 275/393/316 274/390/313
f 258/376/300 262/381/305 270/386/310
f 261/377/301 278/394/317 275/393/316
f 258/376/300 270/386/310 267/385/309
f 261/377/301 279/397/320 278/394/317
f 261/377/301 258/376/300 267/385/309 279/397/320
f 314/426/346 313/427/347 208/319/247 205/318/246
f 316/428/348 315/429/349 197/307/237 194/306/236
f 298/411/334 315/429/349 316/428/348 297/410/333
f 92/133/132 313/427/347 314/426/346 98/134/133
f 292/405/328 248/365/289 249/366/290 291/402/325
f 141/430/151 54/279/152 318/280/216 317/431/350
f 214/432/254 109/433/146 141/430/151 317/431/350
f 283/103/102 152/102/101 47/275/183 321/278/215
f 306/419/341 322/140/139 323/434/351 307/420/342
f 303/141/140 305/417/339 304/418/340 302/415/337
f 322/435/139 306/436/341 198/309/239 105/312/18
f 209/437/250 210/438/249 202/316/244 293/407/330
f 295/439/331 187/440/227 195/305/235 201/313/241
f 184/441/226 183/442/224 316/428/348 194/306/236
f 180/443/223 191/444/231 206/317/245 297/410/333
f 188/445/230 305/446/339 314/426/346 205/318/246
f 210/438/249 295/439/331 201/313/241 202/316/244
f 187/440/227 184/441/226 194/306/236 195/305/235
f 183/442/224 180/443/223 297/410/333 316/428/348
f 191/444/231 188/445/230 205/318/246 206/317/245
f 306/436/341 209/437/250 293/407/330 198/309/239
f 305/446/339 303/155/140 98/134/133 314/426/346
f 315/447/352 298/448/352 207/449/352 204/450/352
f 199/451/352 204/450/352 207/449/352 313/452/352
f 207/449/352 208/453/353 313/452/352
f 199/451/352 313/452/352 92/454/352 91/455/352
f 89/456/352 199/451/352 91/455/352 90/457/352
f 84/458/352 199/451/352 89/456/352 87/459/352
f 89/456/352 88/460/352 87/459/352
f 84/458/352 87/459/352 86/461/352 85/462/352
f 82/463/352 199/451/352 84/458/352 83/464/352
f 82/463/352 106/465/352 199/451/352
f 294/466/352 204/450/352 199/451/352 200/467/352
f 294/466/352 203/468/352 204/450/352
f 197/469/352 315/447/352 204/450/352 196/470/352
f 198/309/239 293/407/330 294/406/329 200/310/240
f 246/363/287 307/471/342 323/472/351 324/473/211
f 246/363/287 324/473/211 292/405/328
f 299/412/335 301/474/338 302/475/337 304/476/340
f 299/412/335 304/476/340 189/477/233
f 272/388/100 281/478/99 271/389/312
f 310/423/204 311/424/344 325/479/205
f 319/480/136 320/481/135 240/358/282 241/357/281
f 181/482/222 182/483/225 235/351/275 230/348/272
f 213/484/253 214/485/254 247/364/288 289/404/327
f 212/486/251 307/471/342 246/363/287 242/360/284
f 326/487/217 327/488/207 232/350/274 233/349/273
f 328/489/191 329/490/354 252/370/294 253/369/293
f 317/491/350 318/492/216 244/362/286 245/361/285
f 185/493/229 186/494/228 239/355/279 234/352/276
f 192/495/234 193/496/218 236/354/278 237/353/277
f 189/477/233 190/497/232 231/347/271 299/412/335
f 309/498/343 330/499/355 255/371/295 250/368/292
f 331/500/199 332/501/190 260/378/302 261/377/301
f 333/502/189 334/503/192 256/374/298 257/373/297
f 335/504/206 308/505/219 251/367/291 300/413/336
f 281/478/99 336/506/208 312/425/345 271/389/312
f 337/507/201 338/508/200 259/375/299 254/372/296
f 339/509/213 340/510/356 286/399/322 228/343/267
f 341/511/195 342/512/357 288/401/324 221/337/261
f 343/513/193 344/514/196 222/339/263 217/334/258
f 345/515/358 346/516/359 219/336/260 220/335/259
f 347/517/360 348/518/361 285/400/323 224/340/264
f 349/519/221 350/520/220 264/379/303 258/376/300
f 351/521/194 343/513/193 217/334/258 218/333/257
f 296/522/332 211/523/252 243/359/283 238/356/280
f 214/485/254 317/491/350 245/361/285 247/364/288
f 324/473/211 352/524/210 248/365/289 292/405/328
f 290/403/326 291/402/325 215/525/256 216/526/255
f 291/402/325 249/366/290 353/527/362 215/525/256
f 229/346/270 227/345/269 283/528/102 321/529/215
f 352/524/210 351/521/194 218/333/257 248/365/289
f 346/516/359 353/527/362 249/366/290 219/336/260
f 216/526/255 213/484/253 289/404/327 290/403/326
f 354/530/214 339/509/213 228/343/267 229/346/270
f 282/531/103 283/528/102 227/345/269 287/344/268
f 355/532/212 282/531/103 287/344/268 284/398/321
f 340/510/356 356/533/198 226/341/265 286/399/322
f 321/529/215 354/530/214 229/346/270
f 348/518/361 355/532/212 284/398/321 285/400/323
f 356/533/198 357/534/197 223/338/262 226/341/265
f 358/535/363 347/517/360 224/340/264 225/342/266
f 342/512/357 358/535/363 225/342/266 288/401/324
f 357/534/197 345/515/358 220/335/259 223/338/262
f 344/514/196 341/511/195 221/337/261 222/339/263
f 211/523/252 212/486/251 242/360/284 243/359/283
f 318/492/216 319/480/136 241/357/281 244/362/286
f 186/494/228 296/522/332 238/356/280 239/355/279
f 320/481/135 192/495/234 237/353/277 240/358/282
f 182/483/225 185/493/229 234/352/276 235/351/275
f 193/496/218 326/487/217 233/349/273 236/354/278
f 190/497/232 181/482/222 230/348/272 231/347/271
f 327/488/207 335/504/206 300/413/336 232/350/274
f 308/505/219 309/498/343 250/368/292 251/367/291
f 329/490/354 301/474/338 299/412/335 252/370/294
f 330/499/355 337/507/201 254/372/296 255/371/295
f 334/503/192 328/489/191 253/369/293 256/374/298
f 338/508/200 349/519/221 258/376/300 259/375/299
f 332/501/190 333/502/189 257/373/297 260/378/302
f 336/506/208 331/500/199 261/377/301 312/425/345
f 350/520/220 325/479/205 311/424/344 264/379/303
f 68/536/156 124/246/164 337/245/201 330/537/355
f 176/243/165 130/290/176 349/289/221 338/244/200
f 35/538/364 34/247/202 280/250/202 268/539/364
f 35/538/364 268/539/364 269/540/365 78/541/365
f 49/542/188 131/543/174 347/544/360 358/545/363
f 144/329/181 215/332/256 353/546/362 150/547/182
f 138/548/172 345/549/358 357/238/197 160/237/187
f 18/229/178 351/232/194 352/265/210 142/264/179
f 154/550/167 340/551/356 339/272/213 135/271/166
f 162/552/169 49/542/188 358/545/363 342/553/357
f 162/552/169 342/553/357 341/234/195 132/233/168
f 175/225/160 334/228/192 333/223/189 125/222/159
f 74/554/366 273/555/366 276/262/209 33/261/209
f 74/554/366 1/556/367 272/557/367 273/555/366
f 32/558/368 265/559/368 266/560/369 80/561/369
f 119/414/143 301/416/338 329/562/354 67/563/150
f 143/564/173 346/565/359 345/549/358 138/548/172
f 179/287/177 148/254/144 325/253/205 350/288/220
f 150/566/182 353/567/362 346/565/359 143/564/173
f 158/568/175 45/267/185 355/270/212 348/569/361
f 154/550/167 156/240/186 356/239/198 340/551/356
f 131/543/174 158/568/175 348/569/361 347/544/360
f 107/303/153 192/304/234 320/136/135 57/135/134
f 122/281/147 63/258/148 327/257/207 326/282/217
f 67/563/150 329/562/354 328/227/191 126/226/149
f 127/421/155 68/536/156 330/537/355 309/422/343
f 78/541/365 269/540/365 265/559/368 32/558/368
f 80/561/369 266/560/369 310/570/370 40/571/370
f 322/140/139 113/139/138 112/263/142 324/266/211
f 322/140/139 324/266/211 323/434/351
f 365/572/371 544/573/372 675/574/373 364/575/374
f 374/576/375 365/572/371 364/575/374 373/577/376
f 383/578/377 374/576/375 373/577/376 382/579/378
f 392/580/379 383/578/377 382/579/378 391/581/380
f 401/582/381 392/580/379 391/581/380 400/583/382
f 410/584/383 401/582/381 400/583/382 409/585/384
f 418/586/385 410/584/383 409/585/384 417/587/386
f 426/588/387 418/586/385 417/587/386 425/589/388
f 435/590/389 426/588/387 425/589/388 434/591/390
f 445/592/391 435/590/389 434/591/390 444/593/392
f 455/594/393 445/592/391 444/593/392 454/595/394
f 462/596/395 455/594/393 454/595/394 461/597/396
f 582/598/397 650/599/398 698/600/399 368/601/400
f 367/602/401 368/601/400 698/600/399 700/603/402
f 367/602/401 700/603/402 702/604/403 366/605/404
f 366/605/404 702/604/403 544/573/372 365/572/371
f 703/606/405 551/607/406 360/608/407 651/609/408
f 651/609/408 360/608/407 361/610/409 652/611/410
f 652/611/410 361/610/409 362/612/411 707/613/412
f 707/613/412 362/612/411 363/614/413 359/615/414
f 359/615/414 363/614/413 364/575/374 675/574/373
f 377/616/415 581/617/416 582/598/397 368/601/400
f 376/618/417 377/616/415 368/601/400 367/602/401
f 376/618/417 367/602/401 366/605/404 375/619/418
f 375/619/418 366/605/404 365/572/371 374/576/375
f 551/607/406 550/620/419 369/621/420 360/608/407
f 360/608/407 369/621/420 370/622/421 361/610/409
f 361/610/409 370/622/421 371/623/422 362/612/411
f 362/612/411 371/623/422 372/624/423 363/614/413
f 363/614/413 372/624/423 373/577/376 364/575/374
f 386/625/424 580/626/425 581/617/416 377/616/415
f 385/627/426 386/625/424 377/616/415 376/618/417
f 385/627/426 376/618/417 375/619/418 384/628/427
f 384/628/427 375/619/418 374/576/375 383/578/377
f 550/620/419 560/629/428 378/630/429 369/621/420
f 369/621/420 378/630/429 379/631/430 370/622/421
f 370/622/421 379/631/430 380/632/431 371/623/422
f 371/623/422 380/632/431 381/633/432 372/624/423
f 372/624/423 381/633/432 382/579/378 373/577/376
f 395/634/433 579/635/434 580/626/425 386/625/424
f 394/636/435 395/634/433 386/625/424 385/627/426
f 394/636/435 385/627/426 384/628/427 393/637/436
f 393/637/436 384/628/427 383/578/377 392/580/379
f 560/629/428 559/638/437 387/639/438 378/630/429
f 378/630/429 387/639/438 388/640/439 379/631/430
f 379/631/430 388/640/439 389/641/440 380/632/431
f 380/632/431 389/641/440 390/642/441 381/633/432
f 381/633/432 390/642/441 391/581/380 382/579/378
f 404/643/442 578/644/443 579/635/434 395/634/433
f 403/645/444 404/643/442 395/634/433 394/636/435
f 403/645/444 394/636/435 393/637/436 402/646/445
f 402/646/445 393/637/436 392/580/379 401/582/381
f 559/638/437 558/647/446 396/648/447 387/639/438
f 387/639/438 396/648/447 397/649/448 388/640/439
f 388/640/439 397/649/448 398/650/449 389/641/440
f 389/641/440 398/650/449 399/651/450 390/642/441
f 390/642/441 399/651/450 400/583/382 391/581/380
f 565/652/451 465/653/452 578/644/443 404/643/442
f 565/652/451 404/643/442 403/645/444 412/654/453
f 412/654/453 403/645/444 402/646/445 411/655/454
f 411/655/454 402/646/445 401/582/381 410/584/383
f 558/647/446 557/656/455 405/657/456 396/648/447
f 396/648/447 405/657/456 406/658/457 397/649/448
f 397/649/448 406/658/457 407/659/458 398/650/449
f 398/650/449 407/659/458 408/660/459 399/651/450
f 399/651/450 408/660/459 409/585/384 400/583/382
f 493/661/460 494/662/461 486/663/462 485/664/463
f 564/665/464 464/666/465 465/653/452 565/652/451
f 420/667/466 564/665/464 565/652/451 412/654/453
f 420/667/466 412/654/453 411/655/454 419/668/467
f 419/668/467 411/655/454 410/584/383 418/586/385
f 557/656/455 556/669/468 413/670/469 405/657/456
f 405/657/456 413/670/469 414/671/470 406/658/457
f 406/658/457 414/671/470 415/672/471 407/659/458
f 407/659/458 415/672/471 416/673/472 408/660/459
f 408/660/459 416/673/472 417/587/386 409/585/384
f 492/674/473 493/661/460 485/664/463 429/675/474
f 563/676/475 463/677/476 464/666/465 564/665/464
f 428/678/477 563/676/475 564/665/464 420/667/466
f 428/678/477 420/667/466 419/668/467 427/679/478
f 427/679/478 419/668/467 418/586/385 426/588/387
f 556/669/468 555/680/479 421/681/480 413/670/469
f 413/670/469 421/681/480 422/682/481 414/671/470
f 414/671/470 422/682/481 423/683/482 415/672/471
f 415/672/471 423/683/482 424/684/483 416/673/472
f 416/673/472 424/684/483 425/589/388 417/587/386
f 491/685/484 492/674/473 429/675/474 439/686/485
f 438/687/486 468/688/487 463/677/476 563/676/475
f 437/689/488 562/690/489 563/676/475 428/678/477
f 437/689/488 428/678/477 427/679/478 436/691/490
f 436/691/490 427/679/478 426/588/387 435/590/389
f 421/681/480 555/680/479 554/692/491 430/693/492
f 421/681/480 430/693/492 431/694/493 422/682/481
f 422/682/481 431/694/493 432/695/494 423/683/482
f 423/683/482 432/695/494 433/696/495 424/684/483
f 424/684/483 433/696/495 434/591/390 425/589/388
f 490/697/496 491/685/484 439/686/485 449/698/497
f 448/699/498 467/700/499 468/688/487 438/687/486
f 447/701/500 561/702/501 562/690/489 437/689/488
f 447/701/500 437/689/488 436/691/490 446/703/502
f 446/703/502 436/691/490 435/590/389 445/592/391
f 430/693/492 554/692/491 553/704/503 440/705/504
f 430/693/492 440/705/504 441/706/505 431/694/493
f 431/694/493 441/706/505 442/707/506 432/695/494
f 432/695/494 442/707/506 443/708/507 433/696/495
f 433/696/495 443/708/507 444/593/392 434/591/390
f 496/709/508 490/697/496 449/698/497 459/710/509
f 458/711/510 466/712/511 467/700/499 448/699/498
f 566/713/512 561/702/501 447/701/500 457/714/513
f 457/714/513 447/701/500 446/703/502 456/715/514
f 456/715/514 446/703/502 445/592/391 455/594/393
f 440/705/504 553/704/503 552/716/515 450/717/516
f 440/705/504 450/717/516 451/718/517 441/706/505
f 441/706/505 451/718/517 452/719/518 442/707/506
f 442/707/506 452/719/518 453/720/519 443/708/507
f 443/708/507 453/720/519 454/595/394 444/593/392
f 495/721/520 496/709/508 459/710/509 653/722/521
f 815/723/522 816/724/523 466/712/511 458/711/510
f 655/725/524 566/713/512 457/714/513 654/726/525
f 654/726/525 457/714/513 456/715/514 817/727/526
f 817/727/526 456/715/514 455/594/393 462/596/395
f 450/717/516 552/716/515 818/728/527 819/729/528
f 450/717/516 819/729/528 545/730/529 451/718/517
f 451/718/517 545/730/529 820/731/530 452/719/518
f 452/719/518 820/731/530 460/732/531 453/720/519
f 453/720/519 460/732/531 461/597/396 454/595/394
f 463/677/476 577/733/532 464/666/465
f 468/688/487 586/734/533 577/733/532 463/677/476
f 467/700/499 585/735/534 586/734/533 468/688/487
f 466/712/511 584/736/535 585/735/534 467/700/499
f 816/724/523 583/737/536 584/736/535 466/712/511
f 464/666/465 474/738/537 475/739/538 465/653/452
f 469/740/539 473/741/540 474/738/537 464/666/465
f 472/742/541 478/743/542 473/741/540 469/740/539
f 471/744/543 477/745/544 478/743/542 472/742/541
f 470/746/545 476/747/546 477/745/544 471/744/543
f 835/748/547 546/749/548 476/747/546 470/746/545
f 473/741/540 568/750/549 474/738/537
f 478/743/542 567/751/550 568/750/549 473/741/540
f 477/745/544 576/752/551 567/751/550 478/743/542
f 476/747/546 575/753/552 576/752/551 477/745/544
f 546/749/548 656/754/553 575/753/552 476/747/546
f 474/738/537 485/664/463 486/663/462 475/739/538
f 479/755/554 484/756/555 485/664/463 474/738/537
f 483/757/556 489/758/557 484/756/555 479/755/554
f 482/759/558 488/760/559 489/758/557 483/757/556
f 481/761/560 487/762/561 488/760/559 482/759/558
f 480/763/562 848/764/563 487/762/561 481/761/560
f 484/756/555 589/765/564 485/664/463
f 489/758/557 588/766/565 589/765/564 484/756/555
f 488/760/559 587/767/566 588/766/565 489/758/557
f 487/762/561 595/768/567 587/767/566 488/760/559
f 848/764/563 853/769/568 595/768/567 487/762/561
f 492/674/473 598/770/569 493/661/460
f 491/685/484 597/771/570 598/770/569 492/674/473
f 490/697/496 596/772/571 597/771/570 491/685/484
f 496/709/508 605/773/572 596/772/571 490/697/496
f 495/721/520 858/774/573 605/773/572 496/709/508
f 514/775/574 515/776/575 493/661/460 499/777/576
f 513/778/577 514/775/574 499/777/576 498/779/578
f 512/780/579 513/778/577 498/779/578 497/781/580
f 516/782/581 512/780/579 497/781/580 500/783/582
f 869/784/583 516/782/581 500/783/582 868/785/584
f 511/786/585 638/787/586 872/788/587 547/789/588
f 510/790/589 637/791/590 638/787/586 511/786/585
f 509/792/591 636/793/592 637/791/590 510/790/589
f 635/794/593 636/793/592 509/792/591 508/795/594
f 634/796/595 635/794/593 508/795/594 507/797/596
f 633/798/597 634/796/595 507/797/596 506/799/598
f 632/800/599 633/798/597 506/799/598 505/801/600
f 631/802/601 632/800/599 505/801/600 504/803/602
f 630/804/603 631/802/601 504/803/602 503/805/604
f 629/806/605 630/804/603 503/805/604 502/807/606
f 628/808/607 629/809/605 502/810/606 501/811/608
f 893/812/609 628/808/607 662/813/610 548/814/611
f 514/775/574 608/815/612 515/776/575
f 513/778/577 607/816/613 608/815/612 514/775/574
f 512/780/579 606/817/614 607/816/613 513/778/577
f 516/782/581 614/818/615 606/817/614 512/780/579
f 869/784/583 899/819/616 614/818/615 516/782/581
f 504/803/602 505/801/600 515/776/575 519/820/617
f 503/805/604 504/803/602 519/820/617 518/821/618
f 502/807/606 503/805/604 518/821/618 517/822/619
f 501/823/608 502/807/606 517/822/619 520/824/620
f 662/825/610 501/823/608 520/824/620 661/826/621
f 625/827/622 626/828/623 624/829/624
f 624/829/624 533/830/625 909/831/626 623/832/627
f 623/832/627 909/831/626 534/833/626 622/834/628
f 622/834/628 534/833/626 912/835/626 621/836/629
f 620/837/630 621/836/629 912/835/626 914/838/626
f 619/839/631 620/837/630 914/838/626 916/840/626
f 619/839/631 916/840/626 549/841/632 617/842/633
f 616/843/634 618/844/635 627/845/636 920/846/637
f 921/847/638 615/848/639 616/843/634 920/846/637
f 657/849/640 524/850/641 551/607/406 703/606/405
f 524/850/641 523/851/642 550/620/419 551/607/406
f 523/851/642 522/852/643 560/629/428 550/620/419
f 522/852/643 521/853/644 559/638/437 560/629/428
f 521/853/644 532/854/645 558/647/446 559/638/437
f 532/854/645 531/855/646 557/656/455 558/647/446
f 531/855/646 530/856/647 556/669/468 557/656/455
f 530/856/647 529/857/648 555/680/479 556/669/468
f 555/680/479 529/857/648 528/858/649 554/692/491
f 554/692/491 528/858/649 527/859/650 553/704/503
f 553/704/503 527/859/650 526/860/651 552/716/515
f 552/716/515 526/860/651 525/861/652 818/728/527
f 657/849/640 934/862/132 639/863/653 524/850/641
f 524/850/641 639/863/653 640/864/654 523/851/642
f 523/851/642 640/864/654 641/865/655 522/852/643
f 522/852/643 641/865/655 642/866/656 521/853/644
f 521/853/644 642/866/656 643/867/657 532/854/645
f 532/854/645 643/867/657 644/868/658 531/855/646
f 531/855/646 644/868/658 645/869/659 530/856/647
f 530/856/647 645/869/659 646/870/660 529/857/648
f 529/857/648 646/870/660 647/871/661 528/858/649
f 528/858/649 647/871/661 648/872/662 527/859/650
f 527/859/650 648/872/662 649/873/663 526/860/651
f 526/860/651 649/873/663 946/874/664 525/861/652
f 562/690/489 438/687/486 563/676/475
f 561/702/501 448/699/498 438/687/486 562/690/489
f 566/713/512 458/711/510 448/699/498 561/702/501
f 655/725/524 815/723/522 458/711/510 566/713/512
f 573/875/665 594/876/666 658/877/667 574/878/668
f 572/879/669 593/880/670 594/876/666 573/875/665
f 571/881/671 592/882/672 593/880/670 572/879/669
f 570/883/673 591/884/674 592/882/672 571/881/671
f 569/885/675 590/886/676 591/884/674 570/883/673
f 486/663/462 590/886/676 569/885/675 475/739/538
f 568/750/549 479/755/554 474/738/537
f 567/751/550 483/757/556 479/755/554 568/750/549
f 576/752/551 482/759/558 483/757/556 567/751/550
f 575/753/552 481/761/560 482/759/558 576/752/551
f 656/754/553 480/763/562 481/761/560 575/753/552
f 573/875/665 574/878/668 650/599/398 582/598/397
f 581/617/416 572/879/669 573/875/665 582/598/397
f 580/626/425 571/881/671 572/879/669 581/617/416
f 579/635/434 570/883/673 571/881/671 580/626/425
f 578/644/443 569/885/675 570/883/673 579/635/434
f 465/653/452 475/739/538 569/885/675 578/644/443
f 577/733/532 469/740/539 464/666/465
f 586/734/533 472/742/541 469/740/539 577/733/532
f 585/735/534 471/744/543 472/742/541 586/734/533
f 584/736/535 470/746/545 471/744/543 585/735/534
f 583/737/536 835/748/547 470/746/545 584/736/535
f 603/887/677 604/888/678 658/877/667 594/876/666
f 602/889/679 603/887/677 594/876/666 593/880/670
f 601/890/680 602/889/679 593/880/670 592/882/672
f 600/891/681 601/890/680 592/882/672 591/884/674
f 599/892/682 600/891/681 591/884/674 590/886/676
f 494/662/461 599/892/682 590/886/676 486/663/462
f 589/765/564 429/675/474 485/664/463
f 588/766/565 439/686/485 429/675/474 589/765/564
f 587/767/566 449/698/497 439/686/485 588/766/565
f 595/768/567 459/710/509 449/698/497 587/767/566
f 853/769/568 653/722/521 459/710/509 595/768/567
f 612/893/683 613/894/684 604/888/678 603/887/677
f 611/895/685 612/893/683 603/887/677 602/889/679
f 610/896/686 611/895/685 602/889/679 601/890/680
f 609/897/687 610/896/686 601/890/680 600/891/681
f 598/770/569 499/777/576 493/661/460
f 597/771/570 498/779/578 499/777/576 598/770/569
f 596/772/571 497/781/580 498/779/578 597/771/570
f 605/773/572 500/783/582 497/781/580 596/772/571
f 858/774/573 868/785/584 500/783/582 605/773/572
f 511/786/585 547/789/588 613/894/684 612/893/683
f 510/790/589 511/786/585 612/893/683 611/895/685
f 509/792/591 510/790/589 611/895/685 610/896/686
f 508/795/594 509/792/591 610/896/686 609/897/687
f 608/815/612 519/820/617 515/776/575
f 607/816/613 518/821/618 519/820/617 608/815/612
f 606/817/614 517/822/619 518/821/618 607/816/613
f 614/818/615 520/824/620 517/822/619 606/817/614
f 899/819/616 966/898/688 661/826/621 614/818/615
f 537/899/689 617/842/633 618/844/635
f 921/847/638 659/900/690 535/901/691 615/848/639
f 615/848/639 535/901/691 536/902/692 616/843/634
f 616/843/634 536/902/692 537/899/689 618/844/635
f 617/842/633 537/899/689 538/903/693 619/839/631
f 619/839/631 538/903/693 539/904/694 620/837/630
f 620/837/630 539/904/694 540/905/695 621/836/629
f 621/836/629 540/905/695 541/906/696 622/834/628
f 622/834/628 541/906/696 542/907/697 623/832/627
f 623/832/627 542/907/697 543/908/698 624/829/624
f 624/829/624 543/908/698 625/827/622
f 549/841/632 627/845/636 618/844/635 617/842/633
f 638/787/586 535/909/691 659/910/690 872/788/587
f 637/791/590 536/911/692 535/909/691 638/787/586
f 636/793/592 537/912/689 536/911/692 637/791/590
f 538/913/693 537/912/689 636/793/592 635/794/593
f 539/914/694 538/913/693 635/794/593 634/796/595
f 540/915/695 539/914/694 634/796/595 633/798/597
f 541/916/696 540/915/695 633/798/597 632/800/599
f 542/917/697 541/916/696 632/800/599 631/802/601
f 630/804/603 543/918/698 542/917/697 631/802/601
f 625/919/622 543/918/698 630/804/603 629/806/605
f 626/828/623 625/827/622 629/809/605 628/808/607
f 660/920/699 626/828/623 628/808/607 893/812/609
f 626/828/623 660/920/699 533/830/625 624/829/624
f 661/826/621 966/898/688 548/921/611 662/825/610
f 661/826/621 520/824/620 614/818/615
f 628/808/607 501/811/608 662/813/610
f 493/661/460 515/776/575 664/922/700 663/923/701
f 515/776/575 505/801/600 665/924/702 664/922/700
f 505/801/600 506/799/598 666/925/703 665/924/702
f 506/799/598 507/797/596 667/926/704 666/925/703
f 507/797/596 508/795/594 668/927/705 667/926/704
f 508/795/594 609/897/687 669/928/706 668/927/705
f 609/897/687 600/891/681 670/929/707 669/928/706
f 600/891/681 599/892/682 671/930/708 670/929/707
f 599/892/682 494/662/461 672/931/709 671/930/708
f 494/662/461 493/661/460 663/923/701 672/931/709
f 665/932/710 666/933/711 979/934/711 978/935/710
f 666/933/711 667/936/712 980/937/712 979/934/711
f 669/938/713 670/939/714 983/940/714 982/941/713
f 670/939/714 671/942/715 984/943/715 983/940/714
f 671/942/715 672/944/716 985/945/716 984/943/715
f 672/944/716 663/946/717 977/947/717 985/945/716
f 674/948/718 673/949/719 675/950/373 544/951/372
f 677/952/720 676/953/721 673/949/719 674/948/718
f 679/954/722 678/955/723 676/953/721 677/952/720
f 681/956/724 680/957/725 678/955/723 679/954/722
f 683/958/726 682/959/727 680/957/725 681/956/724
f 685/960/728 684/961/729 682/959/727 683/958/726
f 687/962/730 686/963/731 684/961/729 685/960/728
f 689/964/732 688/965/733 686/963/731 687/962/730
f 691/966/734 690/967/735 688/965/733 689/964/732
f 693/968/736 692/969/737 690/967/735 691/966/734
f 695/970/738 694/971/739 692/969/737 693/968/736
f 462/972/395 461/973/396 694/971/739 695/970/738
f 697/974/740 696/975/741 698/976/399 650/977/398
f 699/978/742 700/979/402 698/976/399 696/975/741
f 699/978/742 701/980/743 702/981/403 700/979/402
f 701/980/743 674/948/718 544/951/372 702/981/403
f 703/982/405 651/983/408 705/984/744 704/985/745
f 651/983/408 652/986/410 706/987/746 705/984/744
f 652/986/410 707/988/412 708/989/747 706/987/746
f 707/988/412 359/990/414 709/991/748 708/989/747
f 359/990/414 675/950/373 673/949/719 709/991/748
f 710/992/749 696/975/741 697/974/740 711/993/750
f 712/994/751 699/978/742 696/975/741 710/992/749
f 712/994/751 713/995/752 701/980/743 699/978/742
f 713/995/752 677/952/720 674/948/718 701/980/743
f 704/985/745 705/984/744 715/996/753 714/997/754
f 705/984/744 706/987/746 716/998/755 715/996/753
f 706/987/746 708/989/747 717/999/756 716/998/755
f 708/989/747 709/991/748 718/1000/757 717/999/756
f 709/991/748 673/949/719 676/953/721 718/1000/757
f 719/1001/758 710/992/749 711/993/750 720/1002/759
f 721/1003/760 712/994/751 710/992/749 719/1001/758
f 721/1003/760 722/1004/761 713/995/752 712/994/751
f 722/1004/761 679/954/722 677/952/720 713/995/752
f 714/997/754 715/996/753 724/1005/762 723/1006/763
f 715/996/753 716/998/755 725/1007/764 724/1005/762
f 716/998/755 717/999/756 726/1008/765 725/1007/764
f 717/999/756 718/1000/757 727/1009/766 726/1008/765
f 718/1000/757 676/953/721 678/955/723 727/1009/766
f 728/1010/767 719/1001/758 720/1002/759 729/1011/768
f 730/1012/769 721/1003/760 719/1001/758 728/1010/767
f 730/1012/769 731/1013/770 722/1004/761 721/1003/760
f 731/1013/770 681/956/724 679/954/722 722/1004/761
f 723/1006/763 724/1005/762 733/1014/771 732/1015/772
f 724/1005/762 725/1007/764 734/1016/773 733/1014/771
f 725/1007/764 726/1008/765 735/1017/774 734/1016/773
f 726/1008/765 727/1009/766 736/1018/775 735/1017/774
f 727/1009/766 678/955/723 680/957/725 736/1018/775
f 737/1019/776 728/1010/767 729/1011/768 738/1020/777
f 739/1021/778 730/1012/769 728/1010/767 737/1019/776
f 739/1021/778 740/1022/779 731/1013/770 730/1012/769
f 740/1022/779 683/958/726 681/956/724 731/1013/770
f 732/1015/772 733/1014/771 742/1023/780 741/1024/781
f 733/1014/771 734/1016/773 743/1025/782 742/1023/780
f 734/1016/773 735/1017/774 744/1026/783 743/1025/782
f 735/1017/774 736/1018/775 745/1027/784 744/1026/783
f 736/1018/775 680/957/725 682/959/727 745/1027/784
f 746/1028/785 737/1019/776 738/1020/777 747/1029/786
f 746/1028/785 748/1030/787 739/1021/778 737/1019/776
f 748/1030/787 749/1031/788 740/1022/779 739/1021/778
f 749/1031/788 685/960/728 683/958/726 740/1022/779
f 741/1024/781 742/1023/780 751/1032/789 750/1033/790
f 742/1023/780 743/1025/782 752/1034/791 751/1032/789
f 743/1025/782 744/1026/783 753/1035/792 752/1034/791
f 744/1026/783 745/1027/784 754/1036/793 753/1035/792
f 745/1027/784 682/959/727 684/961/729 754/1036/793
f 756/1037/794 755/1038/795 758/1039/796 757/1040/797
f 759/1041/798 746/1028/785 747/1029/786 760/1042/799
f 761/1043/800 748/1030/787 746/1028/785 759/1041/798
f 761/1043/800 762/1044/801 749/1031/788 748/1030/787
f 762/1044/801 687/962/730 685/960/728 749/1031/788
f 750/1033/790 751/1032/789 764/1045/802 763/1046/803
f 751/1032/789 752/1034/791 765/1047/804 764/1045/802
f 752/1034/791 753/1035/792 766/1048/805 765/1047/804
f 753/1035/792 754/1036/793 767/1049/806 766/1048/805
f 754/1036/793 684/961/729 686/963/731 767/1049/806
f 769/1050/807 768/1051/808 755/1038/795 756/1037/794
f 770/1052/809 759/1041/798 760/1042/799 771/1053/810
f 772/1054/811 761/1043/800 759/1041/798 770/1052/809
f 772/1054/811 773/1055/812 762/1044/801 761/1043/800
f 773/1055/812 689/964/732 687/962/730 762/1044/801
f 763/1046/803 764/1045/802 775/1056/813 774/1057/814
f 764/1045/802 765/1047/804 776/1058/815 775/1056/813
f 765/1047/804 766/1048/805 777/1059/816 776/1058/815
f 766/1048/805 767/1049/806 778/1060/817 777/1059/816
f 767/1049/806 686/963/731 688/965/733 778/1060/817
f 780/1061/818 779/1062/819 768/1051/808 769/1050/807
f 781/1063/820 770/1052/809 771/1053/810 782/1064/821
f 783/1065/822 772/1054/811 770/1052/809 784/1066/823
f 783/1065/822 785/1067/824 773/1055/812 772/1054/811
f 785/1067/824 691/966/734 689/964/732 773/1055/812
f 775/1056/813 787/1068/825 786/1069/826 774/1057/814
f 775/1056/813 776/1058/815 788/1070/827 787/1068/825
f 776/1058/815 777/1059/816 789/1071/828 788/1070/827
f 777/1059/816 778/1060/817 790/1072/829 789/1071/828
f 778/1060/817 688/965/733 690/967/735 790/1072/829
f 792/1073/830 791/1074/831 779/1062/819 780/1061/818
f 793/1075/832 781/1063/820 782/1064/821 794/1076/833
f 795/1077/834 783/1065/822 784/1066/823 796/1078/835
f 795/1077/834 797/1079/836 785/1067/824 783/1065/822
f 797/1079/836 693/968/736 691/966/734 785/1067/824
f 787/1068/825 799/1080/837 798/1081/838 786/1069/826
f 787/1068/825 788/1070/827 800/1082/839 799/1080/837
f 788/1070/827 789/1071/828 801/1083/840 800/1082/839
f 789/1071/828 790/1072/829 802/1084/841 801/1083/840
f 790/1072/829 690/967/735 692/969/737 802/1084/841
f 804/1085/842 803/1086/843 791/1074/831 792/1073/830
f 805/1087/844 793/1075/832 794/1076/833 806/1088/845
f 808/1089/846 807/1090/847 795/1077/834 796/1078/835
f 807/1090/847 809/1091/848 797/1079/836 795/1077/834
f 809/1091/848 695/970/738 693/968/736 797/1079/836
f 799/1080/837 811/1092/849 810/1093/850 798/1081/838
f 799/1080/837 800/1082/839 812/1094/851 811/1092/849
f 800/1082/839 801/1083/840 813/1095/852 812/1094/851
f 801/1083/840 802/1084/841 814/1096/853 813/1095/852
f 802/1084/841 692/969/737 694/971/739 814/1096/853
f 495/1097/520 653/1098/521 803/1086/843 804/1085/842
f 815/1099/522 805/1087/844 806/1088/845 816/1100/523
f 655/1101/524 654/1102/525 807/1090/847 808/1089/846
f 654/1102/525 817/1103/526 809/1091/848 807/1090/847
f 817/1103/526 462/972/395 695/970/738 809/1091/848
f 811/1092/849 819/1104/528 818/1105/527 810/1093/850
f 811/1092/849 812/1094/851 545/1106/529 819/1104/528
f 812/1094/851 813/1095/852 820/1107/530 545/1106/529
f 813/1095/852 814/1096/853 460/1108/531 820/1107/530
f 814/1096/853 694/971/739 461/973/396 460/1108/531
f 771/1053/810 760/1042/799 821/1109/854
f 782/1064/821 771/1053/810 821/1109/854 822/1110/855
f 794/1076/833 782/1064/821 822/1110/855 823/1111/856
f 806/1088/845 794/1076/833 823/1111/856 824/1112/857
f 816/1100/523 806/1088/845 824/1112/857 583/1113/536
f 760/1042/799 747/1029/786 826/1114/858 825/1115/859
f 827/1116/860 760/1042/799 825/1115/859 828/1117/861
f 829/1118/862 827/1116/860 828/1117/861 830/1119/863
f 831/1120/864 829/1118/862 830/1119/863 832/1121/865
f 833/1122/866 831/1120/864 832/1121/865 834/1123/867
f 835/1124/547 833/1122/866 834/1123/867 546/1125/548
f 828/1117/861 825/1115/859 836/1126/868
f 830/1119/863 828/1117/861 836/1126/868 837/1127/869
f 832/1121/865 830/1119/863 837/1127/869 838/1128/870
f 834/1123/867 832/1121/865 838/1128/870 839/1129/871
f 546/1125/548 834/1123/867 839/1129/871 656/1130/553
f 825/1115/859 826/1114/858 758/1039/796 755/1038/795
f 840/1131/872 825/1115/859 755/1038/795 841/1132/873
f 842/1133/874 840/1131/872 841/1132/873 843/1134/875
f 844/1135/876 842/1133/874 843/1134/875 845/1136/877
f 846/1137/878 844/1135/876 845/1136/877 847/1138/879
f 480/1139/562 846/1137/878 847/1138/879 848/1140/563
f 841/1132/873 755/1038/795 849/1141/880
f 843/1134/875 841/1132/873 849/1141/880 850/1142/881
f 845/1136/877 843/1134/875 850/1142/881 851/1143/882
f 847/1138/879 845/1136/877 851/1143/882 852/1144/883
f 848/1140/563 847/1138/879 852/1144/883 853/1145/568
f 769/1050/807 756/1037/794 854/1146/884
f 780/1061/818 769/1050/807 854/1146/884 855/1147/885
f 792/1073/830 780/1061/818 855/1147/885 856/1148/886
f 804/1085/842 792/1073/830 856/1148/886 857/1149/887
f 495/1097/520 804/1085/842 857/1149/887 858/1150/573
f 860/1151/888 859/1152/889 756/1037/794 861/1153/890
f 863/1154/891 862/1155/892 859/1152/889 860/1151/888
f 865/1156/893 864/1157/894 862/1155/892 863/1154/891
f 867/1158/895 866/1159/896 864/1157/894 865/1156/893
f 869/1160/583 868/1161/584 866/1159/896 867/1158/895
f 870/1162/897 547/1163/588 872/1164/587 871/1165/898
f 873/1166/899 870/1162/897 871/1165/898 874/1167/900
f 875/1168/901 873/1166/899 874/1167/900 876/1169/902
f 878/1170/903 877/1171/904 875/1168/901 876/1169/902
f 880/1172/905 879/1173/906 877/1171/904 878/1170/903
f 882/1174/907 881/1175/908 879/1173/906 880/1172/905
f 884/1176/909 883/1177/910 881/1175/908 882/1174/907
f 886/1178/911 885/1179/912 883/1177/910 884/1176/909
f 888/1180/913 887/1181/914 885/1179/912 886/1178/911
f 890/1182/915 889/1183/916 887/1181/914 888/1180/913
f 892/1184/917 891/1185/918 889/1186/916 890/1187/915
f 893/1188/609 548/1189/611 894/1190/919 892/1184/917
f 860/1151/888 861/1153/890 895/1191/920
f 863/1154/891 860/1151/888 895/1191/920 896/1192/921
f 865/1156/893 863/1154/891 896/1192/921 897/1193/922
f 867/1158/895 865/1156/893 897/1193/922 898/1194/923
f 869/1160/583 867/1158/895 898/1194/923 899/1195/616
f 885/1179/912 900/1196/924 861/1153/890 883/1177/910
f 887/1181/914 901/1197/925 900/1196/924 885/1179/912
f 889/1183/916 902/1198/926 901/1197/925 887/1181/914
f 891/1199/918 903/1200/927 902/1198/926 889/1183/916
f 894/1201/919 904/1202/928 903/1200/927 891/1199/918
f 905/1203/929 907/1204/930 906/1205/931
f 907/1204/930 908/1206/932 909/1207/626 533/1208/625
f 908/1206/932 910/1209/933 534/1210/626 909/1207/626
f 910/1209/933 911/1211/934 912/1212/626 534/1210/626
f 913/1213/935 914/1214/626 912/1212/626 911/1211/934
f 915/1215/936 916/1216/626 914/1214/626 913/1213/935
f 915/1215/936 917/1217/937 549/1218/632 916/1216/626
f 918/1219/938 920/1220/637 627/1221/636 919/1222/939
f 921/1223/638 920/1220/637 918/1219/938 922/1224/940
f 657/1225/640 703/982/405 704/985/745 923/1226/941
f 923/1226/941 704/985/745 714/997/754 924/1227/942
f 924/1227/942 714/997/754 723/1006/763 925/1228/943
f 925/1228/943 723/1006/763 732/1015/772 926/1229/944
f 926/1229/944 732/1015/772 741/1024/781 927/1230/945
f 927/1230/945 741/1024/781 750/1033/790 928/1231/946
f 928/1231/946 750/1033/790 763/1046/803 929/1232/947
f 929/1232/947 763/1046/803 774/1057/814 930/1233/948
f 774/1057/814 786/1069/826 931/1234/949 930/1233/948
f 786/1069/826 798/1081/838 932/1235/950 931/1234/949
f 798/1081/838 810/1093/850 933/1236/951 932/1235/950
f 810/1093/850 818/1105/527 525/1237/652 933/1236/951
f 657/1225/640 923/1226/941 935/1238/952 934/1239/132
f 923/1226/941 924/1227/942 936/1240/953 935/1238/952
f 924/1227/942 925/1228/943 937/1241/954 936/1240/953
f 925/1228/943 926/1229/944 938/1242/955 937/1241/954
f 926/1229/944 927/1230/945 939/1243/956 938/1242/955
f 927/1230/945 928/1231/946 940/1244/957 939/1243/956
f 928/1231/946 929/1232/947 941/1245/958 940/1244/957
f 929/1232/947 930/1233/948 942/1246/959 941/1245/958
f 930/1233/948 931/1234/949 943/1247/960 942/1246/959
f 931/1234/949 932/1235/950 944/1248/961 943/1247/960
f 932/1235/950 933/1236/951 945/1249/962 944/1248/961
f 933/1236/951 525/1237/652 946/1250/664 945/1249/962
f 784/1066/823 770/1052/809 781/1063/820
f 796/1078/835 784/1066/823 781/1063/820 793/1075/832
f 808/1089/846 796/1078/835 793/1075/832 805/1087/844
f 655/1101/524 808/1089/846 805/1087/844 815/1099/522
f 947/1251/963 574/1252/668 658/1253/667 948/1254/964
f 949/1255/965 947/1251/963 948/1254/964 950/1256/966
f 951/1257/967 949/1255/965 950/1256/966 952/1258/968
f 953/1259/969 951/1257/967 952/1258/968 954/1260/970
f 955/1261/971 953/1259/969 954/1260/970 956/1262/972
f 758/1039/796 826/1114/858 955/1261/971 956/1262/972
f 836/1126/868 825/1115/859 840/1131/872
f 837/1127/869 836/1126/868 840/1131/872 842/1133/874
f 838/1128/870 837/1127/869 842/1133/874 844/1135/876
f 839/1129/871 838/1128/870 844/1135/876 846/1137/878
f 656/1130/553 839/1129/871 846/1137/878 480/1139/562
f 947/1251/963 697/974/740 650/977/398 574/1252/668
f 711/993/750 697/974/740 947/1251/963 949/1255/965
f 720/1002/759 711/993/750 949/1255/965 951/1257/967
f 729/1011/768 720/1002/759 951/1257/967 953/1259/969
f 738/1020/777 729/1011/768 953/1259/969 955/1261/971
f 747/1029/786 738/1020/777 955/1261/971 826/1114/858
f 821/1109/854 760/1042/799 827/1116/860
f 822/1110/855 821/1109/854 827/1116/860 829/1118/862
f 823/1111/856 822/1110/855 829/1118/862 831/1120/864
f 824/1112/857 823/1111/856 831/1120/864 833/1122/866
f 583/1113/536 824/1112/857 833/1122/866 835/1124/547
f 957/1263/973 948/1254/964 658/1253/667 604/1264/678
f 958/1265/974 950/1256/966 948/1254/964 957/1263/973
f 959/1266/975 952/1258/968 950/1256/966 958/1265/974
f 960/1267/976 954/1260/970 952/1258/968 959/1266/975
f 961/1268/977 956/1262/972 954/1260/970 960/1267/976
f 757/1040/797 758/1039/796 956/1262/972 961/1268/977
f 849/1141/880 755/1038/795 768/1051/808
f 850/1142/881 849/1141/880 768/1051/808 779/1062/819
f 851/1143/882 850/1142/881 779/1062/819 791/1074/831
f 852/1144/883 851/1143/882 791/1074/831 803/1086/843
f 853/1145/568 852/1144/883 803/1086/843 653/1098/521
f 962/1269/978 957/1263/973 604/1264/678 613/1270/684
f 963/1271/979 958/1265/974 957/1263/973 962/1269/978
f 964/1272/980 959/1266/975 958/1265/974 963/1271/979
f 965/1273/981 960/1267/976 959/1266/975 964/1272/980
f 854/1146/884 756/1037/794 859/1152/889
f 855/1147/885 854/1146/884 859/1152/889 862/1155/892
f 856/1148/886 855/1147/885 862/1155/892 864/1157/894
f 857/1149/887 856/1148/886 864/1157/894 866/1159/896
f 858/1150/573 857/1149/887 866/1159/896 868/1161/584
f 870/1162/897 962/1269/978 613/1270/684 547/1163/588
f 873/1166/899 963/1271/979 962/1269/978 870/1162/897
f 875/1168/901 964/1272/980 963/1271/979 873/1166/899
f 877/1171/904 965/1273/981 964/1272/980 875/1168/901
f 895/1191/920 861/1153/890 900/1196/924
f 896/1192/921 895/1191/920 900/1196/924 901/1197/925
f 897/1193/922 896/1192/921 901/1197/925 902/1198/926
f 898/1194/923 897/1193/922 902/1198/926 903/1200/927
f 899/1195/616 898/1194/923 904/1202/928 966/1274/688
f 967/1275/982 919/1222/939 917/1217/937
f 921/1223/638 922/1224/940 968/1276/983 659/1277/690
f 922/1224/940 918/1219/938 969/1278/984 968/1276/983
f 918/1219/938 919/1222/939 967/1275/982 969/1278/984
f 917/1217/937 915/1215/936 970/1279/985 967/1275/982
f 915/1215/936 913/1213/935 971/1280/986 970/1279/985
f 913/1213/935 911/1211/934 972/1281/987 971/1280/986
f 911/1211/934 910/1209/933 973/1282/988 972/1281/987
f 910/1209/933 908/1206/932 974/1283/989 973/1282/988
f 908/1206/932 907/1204/930 975/1284/990 974/1283/989
f 907/1204/930 905/1203/929 975/1284/990
f 549/1218/632 917/1217/937 919/1222/939 627/1221/636
f 871/1165/898 872/1164/587 659/1285/690 968/1286/983
f 874/1167/900 871/1165/898 968/1286/983 969/1287/984
f 876/1169/902 874/1167/900 969/1287/984 967/1288/982
f 970/1289/985 878/1170/903 876/1169/902 967/1288/982
f 971/1290/986 880/1172/905 878/1170/903 970/1289/985
f 972/1291/987 882/1174/907 880/1172/905 971/1290/986
f 973/1292/988 884/1176/909 882/1174/907 972/1291/987
f 974/1293/989 886/1178/911 884/1176/909 973/1292/988
f 888/1180/913 886/1178/911 974/1293/989 975/1294/990
f 905/1295/929 890/1182/915 888/1180/913 975/1294/990
f 906/1205/931 892/1184/917 890/1187/915 905/1203/929
f 660/1296/699 893/1188/609 892/1184/917 906/1205/931
f 906/1205/931 907/1204/930 533/1208/625 660/1296/699
f 904/1202/928 894/1201/919 548/1297/611 966/1274/688
f 904/1202/928 898/1194/923 903/1200/927
f 892/1184/917 894/1190/919 891/1185/918
f 756/1037/794 977/1298/991 976/1299/992 861/1153/890
f 861/1153/890 976/1299/992 978/1300/993 883/1177/910
f 883/1177/910 978/1300/993 979/1301/994 881/1175/908
f 881/1175/908 979/1301/994 980/1302/995 879/1173/906
f 879/1173/906 980/1302/995 981/1303/996 877/1171/904
f 877/1171/904 981/1303/996 982/1304/997 965/1273/981
f 965/1273/981 982/1304/997 983/1305/998 960/1267/976
f 960/1267/976 983/1305/998 984/1306/999 961/1268/977
f 961/1268/977 984/1306/999 985/1307/1000 757/1040/797
f 757/1040/797 985/1307/1000 977/1298/991 756/1037/794
f 977/947/717 663/946/717 664/1308/1001 976/1309/1001
f 976/1309/1001 664/1308/1001 665/932/710 978/935/710
f 980/937/712 667/936/712 668/1310/1002 981/1311/1002
f 668/1310/1002 669/1312/713 982/1313/713 981/1311/1002
