<?xml version="1.0" encoding="utf-8"?>
<COLLADA xmlns="http://www.collada.org/2005/11/COLLADASchema" version="1.4.1">
  <asset>
    <contributor>
      <author>Mixamo</author>
      <authoring_tool>COLLADA Mixamo exporter</authoring_tool>
      <comments/>
    </contributor>
    <created>2026-09-16T15:16:31Z</created>
    <modified>2026-09-16T15:16:31Z</modified>
    <revision/>
    <title/>
    <unit meter="0.010000"/>
    <up_axis>Y_UP</up_axis>
  </asset>
  <library_animations>
    <animation id="mixamorig_Hips-anim" name="mixamorig_Hips">
      <source id="mixamorig_Hips-Matrix-animation-input">
        <float_array id="mixamorig_Hips-Matrix-animation-input-array" count="22">

0.000000 0.033333 0.066667 0.100000 0.133333 0.166667 0.200000 0.233333 0.266667 0.300000 0.333333 0.366667 0.400000 0.433333 0.466667 0.500000
0.533333 0.566667 0.600000 0.633333 0.666667 0.700000</float_array>
        <technique_common>
          <accessor source="#mixamorig_Hips-Matrix-animation-input-array" count="22">
            <param name="TIME" type="float"/>
          </accessor>
        </technique_common>
      </source>
      <source id="mixamorig_Hips-Matrix-animation-output-transform">
        <float_array id="mixamorig_Hips-Matrix-animation-output-transform-array" count="352">

0.997202 0.054359 0.051307 0.141900 -0.049320 0.994272 -0.094820 91.887268 -0.056168 0.092024 0.994171 0.613348 0.000000 0.000000 0.000000 1.000000
0.998575 0.033896 0.041224 0.544397 -0.029884 0.995094 -0.094313 93.883301 -0.044218 0.092946 0.994689 1.945282 0.000000 0.000000 0.000000 1.000000
0.998186 0.016498 0.057909 0.783514 -0.011335 0.996023 -0.088378 96.785698 -0.059137 0.087561 0.994402 3.067028 0.000000 0.000000 0.000000 1.000000
0.995111 -0.002513 0.098726 1.017067 0.011355 0.995957 -0.089106 99.012085 -0.098103 0.089792 0.991117 4.994298 0.000000 0.000000 0.000000 1.000000
0.994210 -0.002329 0.107431 1.078097 0.012410 0.995564 -0.093268 99.099762 -0.106738 0.094061 0.989828 6.799429 0.000000 0.000000 0.000000 1.000000
0.996894 0.005400 0.078564 1.383319 0.000156 0.997509 -0.070535 98.858398 -0.078749 0.070328 0.994411 7.401295 0.000000 0.000000 0.000000 1.000000
0.996171 0.003888 0.087345 1.472281 0.000466 0.998760 -0.049774 98.075485 -0.087431 0.049624 0.994934 7.745888 0.000000 0.000000 0.000000 1.000000
0.992800 0.001729 0.119771 1.413504 0.003193 0.999159 -0.040889 96.615570 -0.119741 0.040977 0.991959 7.048458 0.000000 0.000000 0.000000 1.000000
0.993007 -0.004792 0.117961 1.083377 0.009286 0.999251 -0.037578 93.861206 -0.117692 0.038410 0.992307 5.273319 0.000000 0.000000 0.000000 1.000000
0.994827 -0.005131 0.101457 0.817846 0.010799 0.998406 -0.055392 91.082741 -0.101011 0.056201 0.993297 3.158901 0.000000 0.000000 0.000000 1.000000
0.995559 -0.003068 0.094084 0.370610 0.009173 0.997874 -0.064524 90.535400 -0.093686 0.065100 0.993471 1.386846 0.000000 0.000000 0.000000 1.000000
0.995063 0.029229 0.094844 0.347840 -0.022464 0.997178 -0.071628 92.286911 -0.096671 0.069143 0.992912 1.167138 0.000000 0.000000 0.000000 1.000000
0.996305 0.062067 0.059371 0.393023 -0.056571 0.994320 -0.090154 94.875351 -0.064630 0.086462 0.994157 1.917110 0.000000 0.000000 0.000000 1.000000
0.996713 0.081007 -0.001324 0.338159 -0.080545 0.988997 -0.124084 97.052315 -0.008742 0.123783 0.992271 2.646097 0.000000 0.000000 0.000000 1.000000
0.997111 0.074613 -0.014237 0.438227 -0.075910 0.985516 -0.151643 97.909302 0.002716 0.152286 0.988333 2.670031 0.000000 0.000000 0.000000 1.000000
0.998144 0.059581 -0.012596 0.466606 -0.060726 0.989339 -0.132365 97.511978 0.004576 0.132884 0.991121 3.347011 0.000000 0.000000 0.000000 1.000000
0.998583 0.050390 -0.017093 0.400344 -0.051991 0.992362 -0.111867 96.589020 0.011326 0.112597 0.993576 4.055545 0.000000 0.000000 0.000000 1.000000
0.998815 0.048553 -0.003292 0.316986 -0.048620 0.992722 -0.110174 94.943756 -0.002081 0.110204 0.993907 3.506095 0.000000 0.000000 0.000000 1.000000
0.998890 0.042120 0.021090 0.131085 -0.039599 0.993330 -0.108293 93.228844 -0.025511 0.107338 0.993895 3.004576 0.000000 0.000000 0.000000 1.000000
0.996717 0.064454 0.049008 -0.124182 -0.058682 0.992057 -0.111261 91.061722 -0.055790 0.108020 0.992582 1.307607 0.000000 0.000000 0.000000 1.000000
0.993383 0.089302 0.072223 -0.238607 -0.081820 0.991552 -0.100644 90.132469 -0.080601 0.094069 0.992298 0.277022 0.000000 0.000000 0.000000 1.000000
0.997202 0.054359 0.051307 0.141900 -0.049320 0.994272 -0.094820 91.887268 -0.056168 0.092024 0.994171 0.613348 0.000000 0.000000 0.000000 1.000000</float_array>
        <technique_common>
          <accessor source="#mixamorig_Hips-Matrix-animation-output-transform-array" count="22" stride="16">
            <param type="float4x4"/>
          </accessor>
        </technique_common>
      </source>
      <source id="mixamorig_Hips-Interpolations">
        <Name_array id="mixamorig_Hips-Interpolations-array" count="22">
 LINEAR LINEAR LINEAR LINEAR LINEAR LINEAR LINEAR LINEAR LINEAR LINEAR LINEAR
LINEAR LINEAR LINEAR LINEAR LINEAR LINEAR LINEAR LINEAR LINEAR LINEAR LINEAR</Name_array>
        <technique_common>
          <accessor source="#mixamorig_Hips-Interpolations-array" count="22">
            <param type="name"/>
          </accessor>
        </technique_common>
      </source>
      <sampler id="mixamorig_Hips-Matrix-animation-transform">
        <input semantic="INPUT" source="#mixamorig_Hips-Matrix-animation-input"/>
        <input semantic="OUTPUT" source="#mixamorig_Hips-Matrix-animation-output-transform"/>
        <input semantic="INTERPOLATION" source="#mixamorig_Hips-Interpolations"/>
      </sampler>
      <channel source="#mixamorig_Hips-Matrix-animation-transform" target="mixamorig_Hips/matrix"/>
    </animation>
    <animation id="mixamorig_Spine-anim" name="mixamorig_Spine">
      <source id="mixamorig_Spine-Matrix-animation-input">
        <float_array id="mixamorig_Spine-Matrix-animation-input-array" count="22">

0.000000 0.033333 0.066667 0.100000 0.133333 0.166667 0.200000 0.233333 0.266667 0.300000 0.333333 0.366667 0.400000 0.433333 0.466667 0.500000
0.533333 0.566667 0.600000 0.633333 0.666667 0.700000</float_array>
        <technique_common>
          <accessor source="#mixamorig_Spine-Matrix-animation-input-array" count="22">
            <param name="TIME" type="float"/>
          </accessor>
        </technique_common>
      </source>
      <source id="mixamorig_Spine-Matrix-animation-output-transform">
        <float_array id="mixamorig_Spine-Matrix-animation-output-transform-array" count="352">

0.999391 -0.028754 0.019746 0.000900 0.028039 0.998974 0.035560 9.923500 -0.020749 -0.034984 0.999172 -1.227300 0.000000 0.000000 0.000000 1.000000
0.998896 -0.022011 0.041494 0.000900 0.020234 0.998879 0.042787 9.923500 -0.042389 -0.041900 0.998222 -1.227300 0.000000 0.000000 0.000000 1.000000
0.998133 -0.012104 0.059874 0.000900 0.009067 0.998671 0.050743 9.923500 -0.060409 -0.050106 0.996915 -1.227300 0.000000 0.000000 0.000000 1.000000
0.997593 -0.002731 0.069292 0.000900 -0.001547 0.998099 0.061608 9.923500 -0.069329 -0.061567 0.995692 -1.227300 0.000000 0.000000 0.000000 1.000000
0.997217 0.003116 0.074484 0.000900 -0.008473 0.997389 0.071718 9.923500 -0.074066 -0.072150 0.994640 -1.227300 0.000000 0.000000 0.000000 1.000000
0.997296 0.003856 0.073393 0.000900 -0.009001 0.997513 0.069906 9.923500 -0.072941 -0.070378 0.994850 -1.227300 0.000000 0.000000 0.000000 1.000000
0.997725 0.005978 0.067149 0.000900 -0.010238 0.997944 0.063274 9.923500 -0.066633 -0.063817 0.995735 -1.227300 0.000000 0.000000 0.000000 1.000000
0.998203 0.007165 0.059494 0.000900 -0.010388 0.998485 0.054034 9.923500 -0.059017 -0.054555 0.996765 -1.227300 0.000000 0.000000 0.000000 1.000000
0.998518 0.012919 0.052867 0.000900 -0.015145 0.999006 0.041918 9.923500 -0.052273 -0.042656 0.997721 -1.227300 0.000000 0.000000 0.000000 1.000000
0.999331 0.016883 0.032444 0.000900 -0.017981 0.999265 0.033862 9.923500 -0.031849 -0.034423 0.998900 -1.227300 0.000000 0.000000 0.000000 1.000000
0.999809 0.019508 0.001412 0.000900 -0.019539 0.999434 0.027375 9.923500 -0.000877 -0.027397 0.999624 -1.227300 0.000000 0.000000 0.000000 1.000000
0.999553 0.008782 -0.028583 0.000900 -0.008031 0.999622 0.026290 9.923500 0.028803 -0.026048 0.999246 -1.227300 0.000000 0.000000 0.000000 1.000000
0.998652 -0.010099 -0.050909 0.000900 0.011840 0.999351 0.034031 9.923500 0.050532 -0.034587 0.998123 -1.227300 0.000000 0.000000 0.000000 1.000000
0.997486 -0.020805 -0.067744 0.000900 0.023820 0.998748 0.043998 9.923500 0.066744 -0.045501 0.996732 -1.227300 0.000000 0.000000 0.000000 1.000000
0.996570 -0.027113 -0.078193 0.000900 0.031039 0.998295 0.049438 9.923500 0.076719 -0.051696 0.995712 -1.227300 0.000000 0.000000 0.000000 1.000000
0.996545 -0.027386 -0.078411 0.000900 0.030860 0.998579 0.043445 9.923500 0.077110 -0.045715 0.995974 -1.227300 0.000000 0.000000 0.000000 1.000000
0.997289 -0.027650 -0.068194 0.000900 0.030395 0.998755 0.039548 9.923500 0.067016 -0.041514 0.996888 -1.227300 0.000000 0.000000 0.000000 1.000000
0.997520 -0.028897 -0.064174 0.000900 0.031363 0.998794 0.037769 9.923500 0.063005 -0.039688 0.997224 -1.227300 0.000000 0.000000 0.000000 1.000000
0.998001 -0.029332 -0.055986 0.000900 0.031312 0.998903 0.034823 9.923500 0.054903 -0.036506 0.997824 -1.227300 0.000000 0.000000 0.000000 1.000000
0.998630 -0.035916 -0.038050 0.000900 0.037067 0.998863 0.029986 9.923500 0.036929 -0.031355 0.998826 -1.227300 0.000000 0.000000 0.000000 1.000000
0.998876 -0.044299 -0.016875 0.000900 0.044773 0.998582 0.028805 9.923500 0.015575 -0.029529 0.999443 -1.227300 0.000000 0.000000 0.000000 1.000000
0.999391 -0.028754 0.019746 0.000900 0.028039 0.998974 0.035560 9.923500 -0.020749 -0.034984 0.999172 -1.227300 0.000000 0.000000 0.000000 1.000000</float_array>
        <technique_common>
          <accessor source="#mixamorig_Spine-Matrix-animation-output-transform-array" count="22" stride="16">
            <param type="float4x4"/>
          </accessor>
        </technique_common>
      </source>
      <source id="mixamorig_Spine-Interpolations">
        <Name_array id="mixamorig_Spine-Interpolations-array" count="22">
 LINEAR LINEAR LINEAR LINEAR LINEAR LINEAR LINEAR LINEAR LINEAR LINEAR LINEAR
LINEAR LINEAR LINEAR LINEAR LINEAR LINEAR LINEAR LINEAR LINEAR LINEAR LINEAR</Name_array>
        <technique_common>
          <accessor source="#mixamorig_Spine-Interpolations-array" count="22">
            <param type="name"/>
          </accessor>
        </technique_common>
      </source>
      <sampler id="mixamorig_Spine-Matrix-animation-transform">
        <input semantic="INPUT" source="#mixamorig_Spine-Matrix-animation-input"/>
        <input semantic="OUTPUT" source="#mixamorig_Spine-Matrix-animation-output-transform"/>
        <input semantic="INTERPOLATION" source="#mixamorig_Spine-Interpolations"/>
      </sampler>
      <channel source="#mixamorig_Spine-Matrix-animation-transform" target="mixamorig_Spine/matrix"/>
    </animation>
    <animation id="mixamorig_Spine1-anim" name="mixamorig_Spine1">
      <source id="mixamorig_Spine1-Matrix-animation-input">
        <float_array id="mixamorig_Spine1-Matrix-animation-input-array" count="22">

0.000000 0.033333 0.066667 0.100000 0.133333 0.166667 0.200000 0.233333 0.266667 0.300000 0.333333 0.366667 0.400000 0.433333 0.466667 0.500000
0.533333 0.566667 0.600000 0.633333 0.666667 0.700000</float_array>
        <technique_common>
          <accessor source="#mixamorig_Spine1-Matrix-animation-input-array" count="22">
            <param name="TIME" type="float"/>
          </accessor>
        </technique_common>
      </source>
      <source id="mixamorig_Spine1-Matrix-animation-output-transform">
        <float_array id="mixamorig_Spine1-Matrix-animation-output-transform-array" count="352">

0.998356 -0.035680 0.044852 -0.000000 0.042874 0.984278 -0.171344 11.732000 -0.038033 0.172986 0.984190 0.000000 0.000000 0.000000 0.000000 1.000000
0.995991 -0.023989 0.086172 0.000000 0.037343 0.986913 -0.156870 11.732000 -0.081282 0.159459 0.983853 -0.000000 0.000000 0.000000 0.000000 1.000000
0.992364 -0.011549 0.122800 0.000000 0.028917 0.989643 -0.140608 11.732000 -0.119904 0.143085 0.982420 -0.000000 0.000000 0.000000 0.000000 1.000000
0.989285 0.005051 0.145910 0.000000 0.012517 0.992787 -0.119234 11.732000 -0.145460 0.119782 0.982086 -0.000000 0.000000 0.000000 0.000000 1.000000
0.986451 0.015971 0.163275 0.000000 0.000348 0.995044 -0.099432 11.732000 -0.164054 0.098141 0.981557 0.000000 0.000000 0.000000 0.000000 1.000000
0.985808 0.016892 0.167026 0.000000 0.000404 0.994684 -0.102977 11.732000 -0.167877 0.101583 0.980560 0.000000 0.000000 0.000000 0.000000 1.000000
0.987961 0.018794 0.153559 0.000000 -0.000843 0.993233 -0.116139 11.732000 -0.154703 0.114611 0.981291 0.000000 0.000000 0.000000 0.000000 1.000000
0.990751 0.021551 0.133972 -0.000000 -0.003337 0.990878 -0.134717 11.732000 -0.135654 0.133024 0.981785 -0.000000 0.000000 0.000000 0.000000 1.000000
0.993340 0.030232 0.111185 0.000000 -0.012260 0.987218 -0.158905 11.732000 -0.114568 0.156484 0.981013 0.000000 0.000000 0.000000 0.000000 1.000000
0.997491 0.032685 0.062798 0.000000 -0.021243 0.984354 -0.174915 11.732000 -0.067532 0.173142 0.982579 0.000000 0.000000 0.000000 0.000000 1.000000
0.999645 0.026585 -0.001848 -0.000000 -0.026459 0.981895 -0.187570 11.732000 -0.003172 0.187552 0.982249 -0.000000 0.000000 0.000000 0.000000 1.000000
0.998240 0.003538 -0.059202 0.000000 -0.014731 0.981728 -0.189718 11.732000 0.057449 0.190256 0.980052 -0.000000 0.000000 0.000000 0.000000 1.000000
0.994544 -0.026748 -0.100827 0.000000 0.008789 0.984616 -0.174513 11.732000 0.103944 0.172675 0.979479 -0.000000 0.000000 0.000000 0.000000 1.000000
0.989478 -0.046319 -0.137067 0.000000 0.024750 0.987594 -0.155068 11.732000 0.142549 0.150044 0.978349 0.000000 0.000000 0.000000 0.000000 1.000000
0.985020 -0.058944 -0.162055 -0.000000 0.035377 0.988852 -0.144641 11.732000 0.168774 0.136741 0.976124 0.000000 0.000000 0.000000 0.000000 1.000000
0.983947 -0.060329 -0.167957 -0.000000 0.033815 0.987105 -0.156459 11.732000 0.175230 0.148268 0.973299 0.000000 0.000000 0.000000 0.000000 1.000000
0.986554 -0.060178 -0.151954 0.000000 0.034841 0.985811 -0.164202 11.732000 0.159680 0.156700 0.974653 -0.000000 0.000000 0.000000 0.000000 1.000000
0.988145 -0.062173 -0.140369 0.000000 0.038142 0.985081 -0.167812 11.732000 0.148708 0.160469 0.975774 0.000000 0.000000 0.000000 0.000000 1.000000
0.991317 -0.061323 -0.116316 -0.000000 0.040502 0.983986 -0.173585 11.732000 0.125098 0.167367 0.977926 0.000000 0.000000 0.000000 0.000000 1.000000
0.995337 -0.065455 -0.070847 0.000000 0.051548 0.981786 -0.182863 11.732000 0.081526 0.178358 0.980582 0.000000 0.000000 0.000000 0.000000 1.000000
0.997376 -0.068034 -0.024739 0.000000 0.062319 0.980796 -0.184813 11.732000 0.036838 0.182786 0.982462 0.000000 0.000000 0.000000 0.000000 1.000000
0.998356 -0.035680 0.044852 -0.000000 0.042874 0.984278 -0.171344 11.732000 -0.038033 0.172986 0.984190 0.000000 0.000000 0.000000 0.000000 1.000000</float_array>
        <technique_common>
          <accessor source="#mixamorig_Spine1-Matrix-animation-output-transform-array" count="22" stride="16">
            <param type="float4x4"/>
          </accessor>
        </technique_common>
      </source>
      <source id="mixamorig_Spine1-Interpolations">
        <Name_array id="mixamorig_Spine1-Interpolations-array" count="22">
 LINEAR LINEAR LINEAR LINEAR LINEAR LINEAR LINEAR LINEAR LINEAR LINEAR LINEAR
LINEAR LINEAR LINEAR LINEAR LINEAR LINEAR LINEAR LINEAR LINEAR LINEAR LINEAR</Name_array>
        <technique_common>
          <accessor source="#mixamorig_Spine1-Interpolations-array" count="22">
            <param type="name"/>
          </accessor>
        </technique_common>
      </source>
      <sampler id="mixamorig_Spine1-Matrix-animation-transform">
        <input semantic="INPUT" source="#mixamorig_Spine1-Matrix-animation-input"/>
        <input semantic="OUTPUT" source="#mixamorig_Spine1-Matrix-animation-output-transform"/>
        <input semantic="INTERPOLATION" source="#mixamorig_Spine1-Interpolations"/>
      </sampler>
      <channel source="#mixamorig_Spine1-Matrix-animation-transform" target="mixamorig_Spine1/matrix"/>
    </animation>
    <animation id="mixamorig_Spine2-anim" name="mixamorig_Spine2">
      <source id="mixamorig_Spine2-Matrix-animation-input">
        <float_array id="mixamorig_Spine2-Matrix-animation-input-array" count="22">

0.000000 0.033333 0.066667 0.100000 0.133333 0.166667 0.200000 0.233333 0.266667 0.300000 0.333333 0.366667 0.400000 0.433333 0.466667 0.500000
0.533333 0.566667 0.600000 0.633333 0.666667 0.700000</float_array>
        <technique_common>
          <accessor source="#mixamorig_Spine2-Matrix-animation-input-array" count="22">
            <param name="TIME" type="float"/>
          </accessor>
        </technique_common>
      </source>
      <source id="mixamorig_Spine2-Matrix-animation-output-transform">
        <float_array id="mixamorig_Spine2-Matrix-animation-output-transform-array" count="352">

0.998355 -0.030299 0.048674 -0.000000 0.042886 0.958088 -0.283246 13.458800 -0.038052 0.284868 0.957811 0.000000 0.000000 0.000000 0.000000 1.000000
0.995990 -0.013925 0.088372 0.000000 0.037337 0.962369 -0.269170 13.458800 -0.081299 0.271390 0.959030 0.000000 0.000000 0.000000 0.000000 1.000000
0.992363 0.002653 0.123322 0.000000 0.028896 0.966948 -0.253330 13.458800 -0.119918 0.254959 0.959487 0.000000 0.000000 0.000000 0.000000 1.000000
0.989284 0.021806 0.144365 0.000000 0.012486 0.972526 -0.232460 13.458800 -0.145468 0.231771 0.961832 -0.000000 0.000000 0.000000 0.000000 1.000000
0.986451 0.034654 0.160355 0.000000 0.000310 0.977042 -0.213048 13.458800 -0.164056 0.210211 0.963793 0.000000 0.000000 0.000000 0.000000 1.000000
0.985807 0.036000 0.163975 0.000000 0.000364 0.976276 -0.216529 13.458800 -0.167880 0.213515 0.962407 -0.000000 0.000000 0.000000 0.000000 1.000000
0.987960 0.036339 0.150380 -0.000000 -0.000878 0.973323 -0.229437 13.458800 -0.154705 0.226543 0.961636 -0.000000 0.000000 0.000000 0.000000 1.000000
0.990750 0.036820 0.130606 -0.000000 -0.003364 0.968851 -0.247621 13.458800 -0.135655 0.244891 0.960014 0.000000 0.000000 0.000000 0.000000 1.000000
0.993340 0.042818 0.106970 0.000000 -0.012278 0.962437 -0.271228 13.458800 -0.114565 0.268108 0.956553 0.000000 0.000000 0.000000 0.000000 1.000000
0.997491 0.039679 0.058623 0.000000 -0.021243 0.957754 -0.286802 13.458800 -0.067526 0.284837 0.956195 0.000000 0.000000 0.000000 0.000000 1.000000
0.999646 0.026170 -0.004889 0.000000 -0.026434 0.953858 -0.299092 13.458800 -0.003164 0.299115 0.954212 0.000000 0.000000 0.000000 0.000000 1.000000
0.998240 -0.003332 -0.059205 0.000000 -0.014682 0.953445 -0.301208 13.458800 0.057452 0.301547 0.951719 -0.000000 0.000000 0.000000 0.000000 1.000000
0.994544 -0.038213 -0.097064 0.000000 0.008856 0.958058 -0.286437 13.458800 0.103938 0.284015 0.953170 -0.000000 0.000000 0.000000 0.000000 1.000000
0.989478 -0.061830 -0.130807 -0.000000 0.024833 0.963248 -0.267464 13.458800 0.142537 0.261402 0.954648 0.000000 0.000000 0.000000 0.000000 1.000000
0.985019 -0.077250 -0.154174 0.000000 0.035470 0.965693 -0.257253 13.458800 0.168758 0.247931 0.953966 -0.000000 0.000000 0.000000 0.000000 1.000000
0.983946 -0.079306 -0.159877 -0.000000 0.033911 0.962601 -0.268793 13.458800 0.175214 0.259056 0.949837 0.000000 0.000000 0.000000 0.000000 1.000000
0.986553 -0.077312 -0.143998 -0.000000 0.034931 0.960427 -0.276334 13.458800 0.159663 0.267588 0.950213 0.000000 0.000000 0.000000 0.000000 1.000000
0.988145 -0.077958 -0.132260 0.000000 0.038227 0.959286 -0.279836 13.458800 0.148691 0.271463 0.950894 0.000000 0.000000 0.000000 0.000000 1.000000
0.991317 -0.074342 -0.108466 0.000000 0.040577 0.957536 -0.285444 13.458800 0.125080 0.278564 0.952238 -0.000000 0.000000 0.000000 0.000000 1.000000
0.995336 -0.073208 -0.062822 -0.000000 0.051606 0.954287 -0.294404 13.458800 0.081503 0.289789 0.953614 0.000000 0.000000 0.000000 0.000000 1.000000
0.997375 -0.070456 -0.016725 0.000000 0.062360 0.953080 -0.296226 13.458800 0.036811 0.294405 0.954971 0.000000 0.000000 0.000000 0.000000 1.000000
0.998355 -0.030299 0.048674 -0.000000 0.042886 0.958088 -0.283246 13.458800 -0.038052 0.284868 0.957811 0.000000 0.000000 0.000000 0.000000 1.000000</float_array>
        <technique_common>
          <accessor source="#mixamorig_Spine2-Matrix-animation-output-transform-array" count="22" stride="16">
            <param type="float4x4"/>
          </accessor>
        </technique_common>
      </source>
      <source id="mixamorig_Spine2-Interpolations">
        <Name_array id="mixamorig_Spine2-Interpolations-array" count="22">
 LINEAR LINEAR LINEAR LINEAR LINEAR LINEAR LINEAR LINEAR LINEAR LINEAR LINEAR
LINEAR LINEAR LINEAR LINEAR LINEAR LINEAR LINEAR LINEAR LINEAR LINEAR LINEAR</Name_array>
        <technique_common>
          <accessor source="#mixamorig_Spine2-Interpolations-array" count="22">
            <param type="name"/>
          </accessor>
        </technique_common>
      </source>
      <sampler id="mixamorig_Spine2-Matrix-animation-transform">
        <input semantic="INPUT" source="#mixamorig_Spine2-Matrix-animation-input"/>
        <input semantic="OUTPUT" source="#mixamorig_Spine2-Matrix-animation-output-transform"/>
        <input semantic="INTERPOLATION" source="#mixamorig_Spine2-Interpolations"/>
      </sampler>
      <channel source="#mixamorig_Spine2-Matrix-animation-transform" target="mixamorig_Spine2/matrix"/>
    </animation>
    <animation id="mixamorig_Neck-anim" name="mixamorig_Neck">
      <source id="mixamorig_Neck-Matrix-animation-input">
        <float_array id="mixamorig_Neck-Matrix-animation-input-array" count="22">

0.000000 0.033333 0.066667 0.100000 0.133333 0.166667 0.200000 0.233333 0.266667 0.300000 0.333333 0.366667 0.400000 0.433333 0.466667 0.500000
0.533333 0.566667 0.600000 0.633333 0.666667 0.700000</float_array>
        <technique_common>
          <accessor source="#mixamorig_Neck-Matrix-animation-input-array" count="22">
            <param name="TIME" type="float"/>
          </accessor>
        </technique_common>
      </source>
      <source id="mixamorig_Neck-Matrix-animation-output-transform">
        <float_array id="mixamorig_Neck-Matrix-animation-output-transform-array" count="352">

0.998466 0.007576 -0.054851 -0.000000 -0.000679 0.992197 0.124675 15.027800 0.055368 -0.124447 0.990680 0.877900 0.000000 0.000000 0.000000 1.000000
0.996897 0.019105 -0.076360 0.000000 -0.009274 0.991849 0.127080 15.027800 0.078165 -0.125978 0.988949 0.877900 0.000000 0.000000 0.000000 1.000000
0.994095 0.009508 -0.108091 0.000000 0.002373 0.994010 0.109260 15.027800 0.108483 -0.108871 0.988119 0.877900 0.000000 0.000000 0.000000 1.000000
0.991786 0.010401 -0.127481 0.000000 0.001256 0.995848 0.091020 15.027800 0.127899 -0.090432 0.987656 0.877900 0.000000 0.000000 0.000000 1.000000
0.989549 -0.007670 -0.143990 0.000000 0.014486 0.998820 0.046351 15.027800 0.143465 -0.047952 0.988493 0.877900 0.000000 0.000000 0.000000 1.000000
0.989677 -0.025512 -0.141023 -0.000000 0.028229 0.999452 0.017300 15.027800 0.140505 -0.021103 0.989855 0.877900 0.000000 0.000000 0.000000 1.000000
0.991888 -0.007039 -0.126921 0.000000 0.010659 0.999555 0.027860 15.027800 0.126669 -0.028986 0.991521 0.877900 0.000000 0.000000 0.000000 1.000000
0.992799 -0.005583 -0.119665 0.000000 0.010316 0.999187 0.038968 15.027800 0.119350 -0.039922 0.992049 0.877900 0.000000 0.000000 0.000000 1.000000
0.993755 -0.023328 -0.109121 -0.000000 0.031728 0.996611 0.075895 15.027800 0.106981 -0.078883 0.991127 0.877900 0.000000 0.000000 0.000000 1.000000
0.996500 -0.027115 -0.079069 0.000000 0.034983 0.994384 0.099882 15.027800 0.075916 -0.102299 0.991853 0.877900 0.000000 0.000000 0.000000 1.000000
0.999161 -0.012876 -0.038876 0.000000 0.017040 0.993922 0.108762 15.027800 0.037239 -0.109333 0.993307 0.877900 0.000000 0.000000 0.000000 1.000000
0.999112 -0.036682 -0.020731 -0.000000 0.039193 0.989700 0.137686 15.027800 0.015467 -0.138377 0.990259 0.877900 0.000000 0.000000 0.000000 1.000000
0.999286 0.021229 0.031240 0.000000 -0.024938 0.992021 0.123582 15.027800 -0.028368 -0.124273 0.991842 0.877900 0.000000 0.000000 0.000000 1.000000
0.997905 0.004523 0.064540 0.000000 -0.014110 0.988755 0.148876 15.027800 -0.063141 -0.149474 0.986747 0.877900 0.000000 0.000000 0.000000 1.000000
0.996211 0.005409 0.086796 0.000000 -0.019811 0.985936 0.165948 15.027800 -0.084678 -0.167039 0.982307 0.877900 0.000000 0.000000 0.000000 1.000000
0.995230 0.013043 0.096677 -0.000000 -0.029773 0.984350 0.173693 15.027800 -0.092898 -0.175743 0.980043 0.877900 0.000000 0.000000 0.000000 1.000000
0.995987 0.021530 0.086872 -0.000000 -0.034497 0.987985 0.150648 15.027800 -0.082585 -0.153040 0.984763 0.877900 0.000000 0.000000 0.000000 1.000000
0.996208 0.031452 0.081123 0.000000 -0.042596 0.989302 0.139527 15.027800 -0.075867 -0.142453 0.986890 0.877900 0.000000 0.000000 0.000000 1.000000
0.995683 0.055415 0.074459 0.000000 -0.065961 0.986844 0.147608 15.027800 -0.065300 -0.151882 0.986239 0.877900 0.000000 0.000000 0.000000 1.000000
0.998209 0.047047 0.036945 0.000000 -0.052284 0.986260 0.156709 15.027800 -0.029065 -0.158360 0.986954 0.877900 0.000000 0.000000 0.000000 1.000000
0.999081 0.042797 -0.002164 -0.000000 -0.041997 0.987943 0.149014 15.027800 0.008515 -0.148786 0.988833 0.877900 0.000000 0.000000 0.000000 1.000000
0.998466 0.007576 -0.054851 -0.000000 -0.000679 0.992197 0.124675 15.027800 0.055368 -0.124447 0.990680 0.877900 0.000000 0.000000 0.000000 1.000000</float_array>
        <technique_common>
          <accessor source="#mixamorig_Neck-Matrix-animation-output-transform-array" count="22" stride="16">
            <param type="float4x4"/>
          </accessor>
        </technique_common>
      </source>
      <source id="mixamorig_Neck-Interpolations">
        <Name_array id="mixamorig_Neck-Interpolations-array" count="22">
 LINEAR LINEAR LINEAR LINEAR LINEAR LINEAR LINEAR LINEAR LINEAR LINEAR LINEAR
LINEAR LINEAR LINEAR LINEAR LINEAR LINEAR LINEAR LINEAR LINEAR LINEAR LINEAR</Name_array>
        <technique_common>
          <accessor source="#mixamorig_Neck-Interpolations-array" count="22">
            <param type="name"/>
          </accessor>
        </technique_common>
      </source>
      <sampler id="mixamorig_Neck-Matrix-animation-transform">
        <input semantic="INPUT" source="#mixamorig_Neck-Matrix-animation-input"/>
        <input semantic="OUTPUT" source="#mixamorig_Neck-Matrix-animation-output-transform"/>
        <input semantic="INTERPOLATION" source="#mixamorig_Neck-Interpolations"/>
      </sampler>
      <channel source="#mixamorig_Neck-Matrix-animation-transform" target="mixamorig_Neck/matrix"/>
    </animation>
    <animation id="mixamorig_Head-anim" name="mixamorig_Head">
      <source id="mixamorig_Head-Matrix-animation-input">
        <float_array id="mixamorig_Head-Matrix-animation-input-array" count="22">

0.000000 0.033333 0.066667 0.100000 0.133333 0.166667 0.200000 0.233333 0.266667 0.300000 0.333333 0.366667 0.400000 0.433333 0.466667 0.500000
0.533333 0.566667 0.600000 0.633333 0.666667 0.700000</float_array>
        <technique_common>
          <accessor source="#mixamorig_Head-Matrix-animation-input-array" count="22">
            <param name="TIME" type="float"/>
          </accessor>
        </technique_common>
      </source>
      <source id="mixamorig_Head-Matrix-animation-output-transform">
        <float_array id="mixamorig_Head-Matrix-animation-output-transform-array" count="352">

0.987596 0.090813 -0.128087 0.000000 -0.057730 0.968646 0.241643 10.321800 0.146016 -0.231251 0.961874 3.142400 0.000000 0.000000 0.000000 1.000000
0.975798 0.083797 -0.201981 0.000000 -0.042689 0.978890 0.199882 10.321800 0.214467 -0.186422 0.958776 3.142400 0.000000 0.000000 0.000000 1.000000
0.957958 0.084564 -0.274163 -0.000000 -0.037336 0.984194 0.173112 10.321800 0.284469 -0.155598 0.945974 3.142400 0.000000 0.000000 0.000000 1.000000
0.940388 0.052653 -0.336004 0.000000 -0.015802 0.993641 0.111481 10.321800 0.339738 -0.099525 0.935240 3.142400 0.000000 0.000000 0.000000 1.000000
0.931207 0.051052 -0.360898 0.000000 -0.014220 0.994477 0.103984 10.321800 0.364213 -0.091699 0.926790 3.142400 0.000000 0.000000 0.000000 1.000000
0.942005 0.065993 -0.329047 0.000000 -0.028120 0.992549 0.118559 10.321800 0.334420 -0.102430 0.936841 3.142400 0.000000 0.000000 0.000000 1.000000
0.944880 0.027024 -0.326299 -0.000000 0.003495 0.995699 0.092583 10.321800 0.327398 -0.088620 0.940722 3.142400 0.000000 0.000000 0.000000 1.000000
0.945487 -0.009163 -0.325531 0.000000 0.043522 0.994193 0.098421 10.321800 0.322739 -0.107224 0.940395 3.142400 0.000000 0.000000 0.000000 1.000000
0.956300 -0.033049 -0.290515 0.000000 0.074933 0.988110 0.134253 10.321800 0.282624 -0.150155 0.947406 3.142400 0.000000 0.000000 0.000000 1.000000
0.972247 -0.061276 -0.225791 0.000000 0.110912 0.970470 0.214212 10.321800 0.205997 -0.233310 0.950332 3.142400 0.000000 0.000000 0.000000 1.000000
0.984653 -0.083843 -0.153065 -0.000000 0.121700 0.958486 0.257864 10.321800 0.125091 -0.272534 0.953980 3.142400 0.000000 0.000000 0.000000 1.000000
0.996403 -0.054172 -0.065164 0.000000 0.069097 0.964548 0.254701 10.321800 0.049056 -0.258288 0.964822 3.142400 0.000000 0.000000 0.000000 1.000000
0.998550 -0.053499 0.006011 0.000000 0.050328 0.967300 0.248590 10.321800 -0.019114 -0.247927 0.968590 3.142400 0.000000 0.000000 0.000000 1.000000
0.991850 -0.027533 0.124398 -0.000000 0.005422 0.984608 0.174691 10.321800 -0.127293 -0.172592 0.976733 3.142400 0.000000 0.000000 0.000000 1.000000
0.982250 -0.006468 0.187462 0.000000 -0.024851 0.986108 0.164235 10.321800 -0.185920 -0.165978 0.968445 3.142400 0.000000 0.000000 0.000000 1.000000
0.978099 -0.001826 0.208131 -0.000000 -0.036765 0.982722 0.181399 10.321800 -0.204867 -0.185078 0.961133 3.142400 0.000000 0.000000 0.000000 1.000000
0.980497 0.033284 0.193696 0.000000 -0.072698 0.977074 0.200104 10.321800 -0.182595 -0.210282 0.960438 3.142400 0.000000 0.000000 0.000000 1.000000
0.982981 0.052702 0.175984 0.000000 -0.088757 0.974983 0.203789 10.321800 -0.160841 -0.215941 0.963068 3.142400 0.000000 0.000000 0.000000 1.000000
0.992031 0.037549 0.120271 0.000000 -0.063203 0.974076 0.217214 10.321800 -0.108997 -0.223084 0.968686 3.142400 0.000000 0.000000 0.000000 1.000000
0.996761 0.064211 0.048415 -0.000000 -0.074681 0.962410 0.261131 10.321800 -0.029827 -0.263901 0.964089 3.142400 0.000000 0.000000 0.000000 1.000000
0.996118 0.077049 -0.042569 0.000000 -0.063280 0.962946 0.262164 10.321800 0.061192 -0.258453 0.964084 3.142400 0.000000 0.000000 0.000000 1.000000
0.987596 0.090813 -0.128087 0.000000 -0.057730 0.968646 0.241643 10.321800 0.146016 -0.231251 0.961874 3.142400 0.000000 0.000000 0.000000 1.000000</float_array>
        <technique_common>
          <accessor source="#mixamorig_Head-Matrix-animation-output-transform-array" count="22" stride="16">
            <param type="float4x4"/>
          </accessor>
        </technique_common>
      </source>
      <source id="mixamorig_Head-Interpolations">
        <Name_array id="mixamorig_Head-Interpolations-array" count="22">
 LINEAR LINEAR LINEAR LINEAR LINEAR LINEAR LINEAR LINEAR LINEAR LINEAR LINEAR
LINEAR LINEAR LINEAR LINEAR LINEAR LINEAR LINEAR LINEAR LINEAR LINEAR LINEAR</Name_array>
        <technique_common>
          <accessor source="#mixamorig_Head-Interpolations-array" count="22">
            <param type="name"/>
          </accessor>
        </technique_common>
      </source>
      <sampler id="mixamorig_Head-Matrix-animation-transform">
        <input semantic="INPUT" source="#mixamorig_Head-Matrix-animation-input"/>
        <input semantic="OUTPUT" source="#mixamorig_Head-Matrix-animation-output-transform"/>
        <input semantic="INTERPOLATION" source="#mixamorig_Head-Interpolations"/>
      </sampler>
      <channel source="#mixamorig_Head-Matrix-animation-transform" target="mixamorig_Head/matrix"/>
    </animation>
    <animation id="mixamorig_LeftShoulder-anim" name="mixamorig_LeftShoulder">
      <source id="mixamorig_LeftShoulder-Matrix-animation-input">
        <float_array id="mixamorig_LeftShoulder-Matrix-animation-input-array" count="22">

0.000000 0.033333 0.066667 0.100000 0.133333 0.166667 0.200000 0.233333 0.266667 0.300000 0.333333 0.366667 0.400000 0.433333 0.466667 0.500000
0.533333 0.566667 0.600000 0.633333 0.666667 0.700000</float_array>
        <technique_common>
          <accessor source="#mixamorig_LeftShoulder-Matrix-animation-input-array" count="22">
            <param name="TIME" type="float"/>
          </accessor>
        </technique_common>
      </source>
      <source id="mixamorig_LeftShoulder-Matrix-animation-output-transform">
        <float_array id="mixamorig_LeftShoulder-Matrix-animation-output-transform-array" count="352">

-0.177004 0.967775 -0.179110 6.105800 0.060291 -0.170980 -0.983428 9.106300 -0.982362 -0.184869 -0.028084 0.757100 0.000000 0.000000 0.000000 1.000000
-0.192220 0.966539 -0.169863 6.105800 0.059377 -0.161319 -0.985115 9.106300 -0.979554 -0.199445 -0.026381 0.757100 0.000000 0.000000 0.000000 1.000000
-0.209683 0.964948 -0.157822 6.105800 0.057759 -0.148904 -0.987163 9.106300 -0.976062 -0.216107 -0.024512 0.757100 0.000000 0.000000 0.000000 1.000000
-0.226659 0.963028 -0.145615 6.105800 0.055644 -0.136458 -0.989082 9.106300 -0.972383 -0.232287 -0.022657 0.757100 0.000000 0.000000 0.000000 1.000000
-0.238931 0.961244 -0.137559 6.105800 0.053896 -0.128316 -0.990268 9.106300 -0.969540 -0.244019 -0.021149 0.757100 0.000000 0.000000 0.000000 1.000000
-0.241137 0.960468 -0.139119 6.105800 0.053972 -0.129855 -0.990063 9.106300 -0.968989 -0.246250 -0.020525 0.757100 0.000000 0.000000 0.000000 1.000000
-0.229332 0.961274 -0.152835 6.105800 0.056538 -0.143599 -0.988020 9.106300 -0.971705 -0.235226 -0.021416 0.757100 0.000000 0.000000 0.000000 1.000000
-0.203628 0.963334 -0.174711 6.105800 0.060219 -0.165789 -0.984321 9.106300 -0.977195 -0.210956 -0.024251 0.757100 0.000000 0.000000 0.000000 1.000000
-0.169029 0.966058 -0.195348 6.105800 0.062658 -0.187267 -0.980309 9.106300 -0.983617 -0.177941 -0.028877 0.757100 0.000000 0.000000 0.000000 1.000000
-0.133534 0.969339 -0.206278 6.105800 0.062940 -0.199427 -0.977889 9.106300 -0.989044 -0.143564 -0.034380 0.757100 0.000000 0.000000 0.000000 1.000000
-0.105115 0.972870 -0.206092 6.105800 0.062076 -0.200417 -0.977742 9.106300 -0.992521 -0.115569 -0.039325 0.757100 0.000000 0.000000 0.000000 1.000000
-0.089196 0.975599 -0.200624 6.105800 0.061340 -0.195664 -0.978751 9.106300 -0.994123 -0.099607 -0.042390 0.757100 0.000000 0.000000 0.000000 1.000000
-0.086334 0.976579 -0.197079 6.105800 0.061151 -0.192250 -0.979439 9.106300 -0.994388 -0.096610 -0.043121 0.757100 0.000000 0.000000 0.000000 1.000000
-0.091387 0.975895 -0.198186 6.105800 0.061404 -0.193117 -0.979252 9.106300 -0.993921 -0.101660 -0.042275 0.757100 0.000000 0.000000 0.000000 1.000000
-0.096690 0.974586 -0.202072 6.105800 0.061842 -0.196749 -0.978502 9.106300 -0.993391 -0.107108 -0.041247 0.757100 0.000000 0.000000 0.000000 1.000000
-0.097587 0.973645 -0.206136 6.105800 0.062194 -0.200753 -0.977666 9.106300 -0.993282 -0.108228 -0.040964 0.757100 0.000000 0.000000 0.000000 1.000000
-0.095192 0.973197 -0.209346 6.105800 0.062379 -0.204056 -0.976970 9.106300 -0.993503 -0.106058 -0.041283 0.757100 0.000000 0.000000 0.000000 1.000000
-0.094684 0.972930 -0.210811 6.105800 0.062466 -0.205539 -0.976653 9.106300 -0.993546 -0.105642 -0.041314 0.757100 0.000000 0.000000 0.000000 1.000000
-0.101454 0.972769 -0.208392 6.105800 0.062450 -0.202833 -0.977220 9.106300 -0.992878 -0.112157 -0.040171 0.757100 0.000000 0.000000 0.000000 1.000000
-0.118236 0.972495 -0.200682 6.105800 0.062150 -0.194456 -0.978940 9.106300 -0.991039 -0.128219 -0.037449 0.757100 0.000000 0.000000 0.000000 1.000000
-0.144341 0.971214 -0.189496 6.105800 0.061372 -0.182346 -0.981317 9.106300 -0.987623 -0.153274 -0.033285 0.757100 0.000000 0.000000 0.000000 1.000000
-0.177004 0.967775 -0.179110 6.105800 0.060291 -0.170980 -0.983428 9.106300 -0.982362 -0.184869 -0.028084 0.757100 0.000000 0.000000 0.000000 1.000000</float_array>
        <technique_common>
          <accessor source="#mixamorig_LeftShoulder-Matrix-animation-output-transform-array" count="22" stride="16">
            <param type="float4x4"/>
          </accessor>
        </technique_common>
      </source>
      <source id="mixamorig_LeftShoulder-Interpolations">
        <Name_array id="mixamorig_LeftShoulder-Interpolations-array" count="22">
 LINEAR LINEAR LINEAR LINEAR LINEAR LINEAR LINEAR LINEAR LINEAR LINEAR LINEAR
LINEAR LINEAR LINEAR LINEAR LINEAR LINEAR LINEAR LINEAR LINEAR LINEAR LINEAR</Name_array>
        <technique_common>
          <accessor source="#mixamorig_LeftShoulder-Interpolations-array" count="22">
            <param type="name"/>
          </accessor>
        </technique_common>
      </source>
      <sampler id="mixamorig_LeftShoulder-Matrix-animation-transform">
        <input semantic="INPUT" source="#mixamorig_LeftShoulder-Matrix-animation-input"/>
        <input semantic="OUTPUT" source="#mixamorig_LeftShoulder-Matrix-animation-output-transform"/>
        <input semantic="INTERPOLATION" source="#mixamorig_LeftShoulder-Interpolations"/>
      </sampler>
      <channel source="#mixamorig_LeftShoulder-Matrix-animation-transform" target="mixamorig_LeftShoulder/matrix"/>
    </animation>
    <animation id="mixamorig_LeftArm-anim" name="mixamorig_LeftArm">
      <source id="mixamorig_LeftArm-Matrix-animation-input">
        <float_array id="mixamorig_LeftArm-Matrix-animation-input-array" count="22">

0.000000 0.033333 0.066667 0.100000 0.133333 0.166667 0.200000 0.233333 0.266667 0.300000 0.333333 0.366667 0.400000 0.433333 0.466667 0.500000
0.533333 0.566667 0.600000 0.633333 0.666667 0.700000</float_array>
        <technique_common>
          <accessor source="#mixamorig_LeftArm-Matrix-animation-input-array" count="22">
            <param name="TIME" type="float"/>
          </accessor>
        </technique_common>
      </source>
      <source id="mixamorig_LeftArm-Matrix-animation-output-transform">
        <float_array id="mixamorig_LeftArm-Matrix-animation-output-transform-array" count="352">

0.930183 0.360447 0.069554 0.000000 -0.100143 0.431439 -0.896567 12.922300 -0.353174 0.827006 0.437413 0.000000 0.000000 0.000000 0.000000 1.000000
0.915730 0.395261 0.072162 -0.000000 -0.136466 0.474884 -0.869403 12.922300 -0.377910 0.786291 0.488805 0.000000 0.000000 0.000000 0.000000 1.000000
0.904797 0.412844 0.104416 -0.000000 -0.149024 0.536662 -0.830533 12.922300 -0.398917 0.735904 0.547094 0.000000 0.000000 0.000000 0.000000 1.000000
0.896635 0.416770 0.149493 0.000000 -0.148085 0.600460 -0.785824 12.922300 -0.417273 0.682459 0.600111 0.000000 0.000000 0.000000 0.000000 1.000000
0.890915 0.412262 0.190556 0.000000 -0.141394 0.650487 -0.746240 12.922300 -0.431600 0.637892 0.637820 0.000000 0.000000 0.000000 0.000000 1.000000
0.893976 0.393887 0.213682 0.000000 -0.128027 0.681473 -0.720557 12.922300 -0.429437 0.616804 0.659649 0.000000 0.000000 0.000000 0.000000 1.000000
0.915804 0.341014 0.212160 0.000000 -0.096094 0.698962 -0.708673 12.922300 -0.389959 0.628619 0.672882 0.000000 0.000000 0.000000 0.000000 1.000000
0.953370 0.236244 0.187817 -0.000000 -0.034178 0.702819 -0.710547 12.922300 -0.299864 0.670994 0.678121 0.000000 0.000000 0.000000 0.000000 1.000000
0.984001 0.090971 0.153185 0.000000 0.051416 0.678230 -0.733049 12.922300 -0.170581 0.729197 0.662702 0.000000 0.000000 0.000000 0.000000 1.000000
0.990557 -0.052110 0.126810 -0.000000 0.131667 0.619374 -0.773976 12.922300 -0.038211 0.783364 0.620387 0.000000 0.000000 0.000000 0.000000 1.000000
0.981809 -0.153478 0.111780 0.000000 0.179035 0.552330 -0.814173 12.922300 0.063218 0.819376 0.569760 0.000000 0.000000 0.000000 0.000000 1.000000
0.974291 -0.205853 0.091556 0.000000 0.187067 0.512692 -0.837946 12.922300 0.125553 0.833530 0.538019 -0.000000 0.000000 0.000000 0.000000 1.000000
0.973213 -0.223353 0.054493 -0.000000 0.164762 0.512272 -0.842871 12.922300 0.160342 0.829272 0.535349 -0.000000 0.000000 0.000000 0.000000 1.000000
0.974912 -0.222457 0.007672 -0.000000 0.128941 0.536313 -0.834112 12.922300 0.181440 0.814175 0.551542 0.000000 0.000000 0.000000 0.000000 1.000000
0.976784 -0.211869 -0.031695 0.000000 0.095210 0.561876 -0.821724 12.922300 0.191907 0.799629 0.569003 0.000000 0.000000 0.000000 0.000000 1.000000
0.981635 -0.184278 -0.049339 0.000000 0.066952 0.574975 -0.815427 12.922300 0.178634 0.797148 0.576753 0.000000 0.000000 0.000000 0.000000 1.000000
0.991380 -0.124711 -0.040164 0.000000 0.038939 0.573155 -0.818521 12.922300 0.125099 0.809901 0.573071 0.000000 0.000000 0.000000 0.000000 1.000000
0.999403 -0.033471 -0.008578 -0.000000 0.011534 0.557170 -0.830318 12.922300 0.032571 0.829723 0.557224 -0.000000 0.000000 0.000000 0.000000 1.000000
0.996943 0.070362 0.033975 -0.000000 -0.008484 0.529735 -0.848121 12.922300 -0.077673 0.845240 0.528713 0.000000 0.000000 0.000000 0.000000 1.000000
0.982807 0.170075 0.071868 -0.000000 -0.022800 0.498054 -0.866846 12.922300 -0.183223 0.850304 0.493368 0.000000 0.000000 0.000000 0.000000 1.000000
0.960223 0.264788 0.088651 -0.000000 -0.046861 0.465781 -0.883658 12.922300 -0.275274 0.844355 0.459662 0.000000 0.000000 0.000000 0.000000 1.000000
0.930183 0.360447 0.069554 0.000000 -0.100143 0.431439 -0.896567 12.922300 -0.353174 0.827006 0.437413 0.000000 0.000000 0.000000 0.000000 1.000000</float_array>
        <technique_common>
          <accessor source="#mixamorig_LeftArm-Matrix-animation-output-transform-array" count="22" stride="16">
            <param type="float4x4"/>
          </accessor>
        </technique_common>
      </source>
      <source id="mixamorig_LeftArm-Interpolations">
        <Name_array id="mixamorig_LeftArm-Interpolations-array" count="22">
 LINEAR LINEAR LINEAR LINEAR LINEAR LINEAR LINEAR LINEAR LINEAR LINEAR LINEAR
LINEAR LINEAR LINEAR LINEAR LINEAR LINEAR LINEAR LINEAR LINEAR LINEAR LINEAR</Name_array>
        <technique_common>
          <accessor source="#mixamorig_LeftArm-Interpolations-array" count="22">
            <param type="name"/>
          </accessor>
        </technique_common>
      </source>
      <sampler id="mixamorig_LeftArm-Matrix-animation-transform">
        <input semantic="INPUT" source="#mixamorig_LeftArm-Matrix-animation-input"/>
        <input semantic="OUTPUT" source="#mixamorig_LeftArm-Matrix-animation-output-transform"/>
        <input semantic="INTERPOLATION" source="#mixamorig_LeftArm-Interpolations"/>
      </sampler>
      <channel source="#mixamorig_LeftArm-Matrix-animation-transform" target="mixamorig_LeftArm/matrix"/>
    </animation>
    <animation id="mixamorig_LeftForeArm-anim" name="mixamorig_LeftForeArm">
      <source id="mixamorig_LeftForeArm-Matrix-animation-input">
        <float_array id="mixamorig_LeftForeArm-Matrix-animation-input-array" count="22">

0.000000 0.033333 0.066667 0.100000 0.133333 0.166667 0.200000 0.233333 0.266667 0.300000 0.333333 0.366667 0.400000 0.433333 0.466667 0.500000
0.533333 0.566667 0.600000 0.633333 0.666667 0.700000</float_array>
        <technique_common>
          <accessor source="#mixamorig_LeftForeArm-Matrix-animation-input-array" count="22">
            <param name="TIME" type="float"/>
          </accessor>
        </technique_common>
      </source>
      <source id="mixamorig_LeftForeArm-Matrix-animation-output-transform">
        <float_array id="mixamorig_LeftForeArm-Matrix-animation-output-transform-array" count="352">

-0.240754 -0.951157 0.193228 0.000000 0.970339 -0.240371 0.025788 27.404699 0.021918 0.193705 0.980815 0.000000 0.000000 0.000000 0.000000 1.000000
-0.128847 -0.965936 0.224425 0.000000 0.991139 -0.118068 0.060863 27.404699 -0.032292 0.230278 0.972589 -0.000000 0.000000 0.000000 0.000000 1.000000
-0.012424 -0.967835 0.251279 0.000000 0.995630 0.011287 0.092699 27.404699 -0.092554 0.251333 0.963465 0.000000 0.000000 0.000000 0.000000 1.000000
0.085016 -0.958342 0.272677 0.000000 0.985819 0.120643 0.116646 27.404699 -0.144683 0.258893 0.955008 -0.000000 0.000000 0.000000 0.000000 1.000000
0.145864 -0.947100 0.285878 0.000000 0.973586 0.188729 0.128496 27.404699 -0.175652 0.259584 0.949612 -0.000000 0.000000 0.000000 0.000000 1.000000
0.168418 -0.941085 0.293248 0.000000 0.969092 0.212487 0.125341 27.404699 -0.180268 0.263074 0.947784 0.000000 0.000000 0.000000 0.000000 1.000000
0.164299 -0.939959 0.299136 0.000000 0.973162 0.203995 0.106499 27.404699 -0.161127 0.273610 0.948249 0.000000 0.000000 0.000000 0.000000 1.000000
0.149164 -0.941454 0.302348 0.000000 0.980887 0.179517 0.075057 27.404699 -0.124939 0.285374 0.950238 0.000000 0.000000 0.000000 0.000000 1.000000
0.131648 -0.946384 0.295001 -0.000000 0.988052 0.149328 0.038124 27.404699 -0.080132 0.286458 0.954736 0.000000 0.000000 0.000000 0.000000 1.000000
0.106562 -0.956997 0.269816 0.000000 0.993704 0.111943 0.004590 27.404699 -0.034597 0.267628 0.962901 -0.000000 0.000000 0.000000 0.000000 1.000000
0.058967 -0.972129 0.226908 0.000000 0.998241 0.056027 -0.019382 27.404699 0.006129 0.227652 0.973723 -0.000000 0.000000 0.000000 0.000000 1.000000
-0.023480 -0.984678 0.172797 -0.000000 0.998966 -0.029838 -0.034291 27.404699 0.038922 0.171813 0.984360 0.000000 0.000000 0.000000 0.000000 1.000000
-0.138368 -0.983556 0.116066 0.000000 0.988434 -0.144490 -0.046059 27.404699 0.062072 0.108350 0.992173 0.000000 0.000000 0.000000 0.000000 1.000000
-0.265628 -0.961804 0.066140 0.000000 0.961206 -0.269502 -0.058753 27.404699 0.074334 0.047968 0.996079 0.000000 0.000000 0.000000 0.000000 1.000000
-0.378937 -0.924871 0.031926 0.000000 0.922242 -0.380268 -0.069752 27.404699 0.076652 0.003011 0.997053 0.000000 0.000000 0.000000 0.000000 1.000000
-0.460816 -0.887293 0.018953 -0.000000 0.884325 -0.460869 -0.074632 27.404699 0.074955 -0.017630 0.997031 0.000000 0.000000 0.000000 0.000000 1.000000
-0.505464 -0.862362 0.028946 0.000000 0.859295 -0.506140 -0.073716 27.404699 0.078221 -0.012388 0.996859 0.000000 0.000000 0.000000 0.000000 1.000000
-0.510756 -0.857634 0.059937 -0.000000 0.854802 -0.514046 -0.071209 27.404699 0.091882 0.014864 0.995659 0.000000 0.000000 0.000000 0.000000 1.000000
-0.474655 -0.873974 0.104272 0.000000 0.873258 -0.482430 -0.068421 27.404699 0.110102 0.058580 0.992192 0.000000 0.000000 0.000000 0.000000 1.000000
-0.403276 -0.902965 0.148398 -0.000000 0.907867 -0.415121 -0.058756 27.404699 0.114658 0.111031 0.987181 0.000000 0.000000 0.000000 0.000000 1.000000
-0.317048 -0.931138 0.180174 0.000000 0.944342 -0.327515 -0.030857 27.404699 0.087742 0.160362 0.983151 0.000000 0.000000 0.000000 0.000000 1.000000
-0.240754 -0.951157 0.193228 0.000000 0.970339 -0.240371 0.025788 27.404699 0.021918 0.193705 0.980815 0.000000 0.000000 0.000000 0.000000 1.000000</float_array>
        <technique_common>
          <accessor source="#mixamorig_LeftForeArm-Matrix-animation-output-transform-array" count="22" stride="16">
            <param type="float4x4"/>
          </accessor>
        </technique_common>
      </source>
      <source id="mixamorig_LeftForeArm-Interpolations">
        <Name_array id="mixamorig_LeftForeArm-Interpolations-array" count="22">
 LINEAR LINEAR LINEAR LINEAR LINEAR LINEAR LINEAR LINEAR LINEAR LINEAR LINEAR
LINEAR LINEAR LINEAR LINEAR LINEAR LINEAR LINEAR LINEAR LINEAR LINEAR LINEAR</Name_array>
        <technique_common>
          <accessor source="#mixamorig_LeftForeArm-Interpolations-array" count="22">
            <param type="name"/>
          </accessor>
        </technique_common>
      </source>
      <sampler id="mixamorig_LeftForeArm-Matrix-animation-transform">
        <input semantic="INPUT" source="#mixamorig_LeftForeArm-Matrix-animation-input"/>
        <input semantic="OUTPUT" source="#mixamorig_LeftForeArm-Matrix-animation-output-transform"/>
        <input semantic="INTERPOLATION" source="#mixamorig_LeftForeArm-Interpolations"/>
      </sampler>
      <channel source="#mixamorig_LeftForeArm-Matrix-animation-transform" target="mixamorig_LeftForeArm/matrix"/>
    </animation>
    <animation id="mixamorig_LeftHand-anim" name="mixamorig_LeftHand">
      <source id="mixamorig_LeftHand-Matrix-animation-input">
        <float_array id="mixamorig_LeftHand-Matrix-animation-input-array" count="22">

0.000000 0.033333 0.066667 0.100000 0.133333 0.166667 0.200000 0.233333 0.266667 0.300000 0.333333 0.366667 0.400000 0.433333 0.466667 0.500000
0.533333 0.566667 0.600000 0.633333 0.666667 0.700000</float_array>
        <technique_common>
          <accessor source="#mixamorig_LeftHand-Matrix-animation-input-array" count="22">
            <param name="TIME" type="float"/>
          </accessor>
        </technique_common>
      </source>
      <source id="mixamorig_LeftHand-Matrix-animation-output-transform">
        <float_array id="mixamorig_LeftHand-Matrix-animation-output-transform-array" count="352">

0.918341 -0.348410 0.187776 0.000000 0.346011 0.937078 0.046495 27.614500 -0.192160 0.022275 0.981111 -0.000000 0.000000 0.000000 0.000000 1.000000
0.910215 -0.346771 0.226402 0.000000 0.344805 0.937368 0.049496 27.614500 -0.229386 0.033013 0.972776 -0.000000 0.000000 0.000000 0.000000 1.000000
0.905806 -0.348751 0.240600 0.000000 0.346091 0.936607 0.054661 27.614500 -0.244411 0.033757 0.969084 -0.000000 0.000000 0.000000 0.000000 1.000000
0.905121 -0.352488 0.237715 0.000000 0.348730 0.935355 0.059140 27.614500 -0.243194 0.029370 0.969533 -0.000000 0.000000 0.000000 0.000000 1.000000
0.907083 -0.356222 0.224291 0.000000 0.351988 0.934079 0.060000 27.614500 -0.230879 0.024522 0.972673 0.000000 0.000000 0.000000 0.000000 1.000000
0.910422 -0.360050 0.203707 -0.000000 0.356399 0.932675 0.055652 27.614500 -0.210030 0.021934 0.977449 0.000000 0.000000 0.000000 0.000000 1.000000
0.913942 -0.366130 0.175093 -0.000000 0.363617 0.930341 0.047409 27.614500 -0.180255 0.020338 0.983410 0.000000 0.000000 0.000000 0.000000 1.000000
0.916111 -0.376593 0.137540 0.000000 0.374649 0.926270 0.040766 27.614500 -0.142751 0.014183 0.989657 0.000000 0.000000 0.000000 0.000000 1.000000
0.915579 -0.390784 0.094884 0.000000 0.388377 0.920478 0.043409 27.614500 -0.104302 -0.002894 0.994541 0.000000 0.000000 0.000000 0.000000 1.000000
0.912378 -0.405462 0.056272 0.000000 0.402412 0.913602 0.058275 27.614500 -0.075038 -0.030525 0.996713 -0.000000 0.000000 0.000000 0.000000 1.000000
0.907906 -0.418073 0.030366 -0.000000 0.414740 0.906451 0.079604 27.614500 -0.060805 -0.059679 0.996364 0.000000 0.000000 0.000000 0.000000 1.000000
0.903547 -0.428053 0.019314 0.000000 0.424430 0.900267 0.096842 27.614500 -0.058841 -0.079304 0.995112 0.000000 0.000000 0.000000 0.000000 1.000000
0.900190 -0.435102 0.018555 0.000000 0.431246 0.896532 0.101282 27.614500 -0.060703 -0.083171 0.994685 -0.000000 0.000000 0.000000 0.000000 1.000000
0.898479 -0.438482 0.021645 0.000000 0.434969 0.895793 0.091416 27.614500 -0.059474 -0.072720 0.995578 0.000000 0.000000 0.000000 0.000000 1.000000
0.898554 -0.438076 0.026263 0.000000 0.435351 0.897321 0.072689 27.614500 -0.055409 -0.053881 0.997009 0.000000 0.000000 0.000000 0.000000 1.000000
0.899686 -0.435038 0.036161 0.000000 0.433030 0.899869 0.052158 27.614500 -0.055230 -0.031267 0.997984 0.000000 0.000000 0.000000 0.000000 1.000000
0.902194 -0.427740 0.055538 -0.000000 0.426307 0.903858 0.036092 27.614500 -0.065636 -0.008885 0.997804 0.000000 0.000000 0.000000 0.000000 1.000000
0.904745 -0.418319 0.080285 0.000000 0.417186 0.908285 0.031218 27.614500 -0.085981 0.005249 0.996283 0.000000 0.000000 0.000000 0.000000 1.000000
0.905512 -0.412379 0.099962 0.000000 0.410316 0.911005 0.041350 27.614500 -0.108118 0.003573 0.994132 -0.000000 0.000000 0.000000 0.000000 1.000000
0.906042 -0.407977 0.112435 -0.000000 0.403670 0.912950 0.059770 27.614500 -0.127032 -0.008768 0.991860 0.000000 0.000000 0.000000 0.000000 1.000000
0.909228 -0.394428 0.133161 0.000000 0.388674 0.918873 0.067856 27.614500 -0.149122 -0.009941 0.988769 0.000000 0.000000 0.000000 0.000000 1.000000
0.918341 -0.348410 0.187777 0.000000 0.346011 0.937078 0.046495 27.614500 -0.192161 0.022275 0.981111 -0.000000 0.000000 0.000000 0.000000 1.000000</float_array>
        <technique_common>
          <accessor source="#mixamorig_LeftHand-Matrix-animation-output-transform-array" count="22" stride="16">
            <param type="float4x4"/>
          </accessor>
        </technique_common>
      </source>
      <source id="mixamorig_LeftHand-Interpolations">
        <Name_array id="mixamorig_LeftHand-Interpolations-array" count="22">
 LINEAR LINEAR LINEAR LINEAR LINEAR LINEAR LINEAR LINEAR LINEAR LINEAR LINEAR
LINEAR LINEAR LINEAR LINEAR LINEAR LINEAR LINEAR LINEAR LINEAR LINEAR LINEAR</Name_array>
        <technique_common>
          <accessor source="#mixamorig_LeftHand-Interpolations-array" count="22">
            <param type="name"/>
          </accessor>
        </technique_common>
      </source>
      <sampler id="mixamorig_LeftHand-Matrix-animation-transform">
        <input semantic="INPUT" source="#mixamorig_LeftHand-Matrix-animation-input"/>
        <input semantic="OUTPUT" source="#mixamorig_LeftHand-Matrix-animation-output-transform"/>
        <input semantic="INTERPOLATION" source="#mixamorig_LeftHand-Interpolations"/>
      </sampler>
      <channel source="#mixamorig_LeftHand-Matrix-animation-transform" target="mixamorig_LeftHand/matrix"/>
    </animation>
    <animation id="mixamorig_LeftHandThumb1-anim" name="mixamorig_LeftHandThumb1">
      <source id="mixamorig_LeftHandThumb1-Matrix-animation-input">
        <float_array id="mixamorig_LeftHandThumb1-Matrix-animation-input-array" count="22">

0.000000 0.033333 0.066667 0.100000 0.133333 0.166667 0.200000 0.233333 0.266667 0.300000 0.333333 0.366667 0.400000 0.433333 0.466667 0.500000
0.533333 0.566667 0.600000 0.633333 0.666667 0.700000</float_array>
        <technique_common>
          <accessor source="#mixamorig_LeftHandThumb1-Matrix-animation-input-array" count="22">
            <param name="TIME" type="float"/>
          </accessor>
        </technique_common>
      </source>
      <source id="mixamorig_LeftHandThumb1-Matrix-animation-output-transform">
        <float_array id="mixamorig_LeftHandThumb1-Matrix-animation-output-transform-array" count="352">

0.824389 -0.565604 0.021784 -3.003000 0.466476 0.657101 -0.592130 3.788800 0.320597 0.498308 0.805548 2.167100 0.000000 0.000000 0.000000 1.000000
0.824389 -0.565604 0.021785 -3.003000 0.466476 0.657101 -0.592130 3.788800 0.320596 0.498308 0.805548 2.167100 0.000000 0.000000 0.000000 1.000000
0.824389 -0.565604 0.021784 -3.003000 0.466476 0.657101 -0.592130 3.788800 0.320597 0.498308 0.805548 2.167100 0.000000 0.000000 0.000000 1.000000
0.824389 -0.565604 0.021784 -3.003000 0.466476 0.657101 -0.592130 3.788800 0.320597 0.498308 0.805548 2.167100 0.000000 0.000000 0.000000 1.000000
0.824389 -0.565604 0.021784 -3.003000 0.466476 0.657101 -0.592130 3.788800 0.320597 0.498308 0.805548 2.167100 0.000000 0.000000 0.000000 1.000000
0.824389 -0.565604 0.021784 -3.003000 0.466476 0.657101 -0.592130 3.788800 0.320597 0.498308 0.805548 2.167100 0.000000 0.000000 0.000000 1.000000
0.824389 -0.565604 0.021784 -3.003000 0.466476 0.657101 -0.592130 3.788800 0.320597 0.498308 0.805548 2.167100 0.000000 0.000000 0.000000 1.000000
0.824389 -0.565604 0.021784 -3.003000 0.466476 0.657101 -0.592130 3.788800 0.320597 0.498308 0.805548 2.167100 0.000000 0.000000 0.000000 1.000000
0.824389 -0.565604 0.021784 -3.003000 0.466476 0.657101 -0.592130 3.788800 0.320597 0.498308 0.805548 2.167100 0.000000 0.000000 0.000000 1.000000
0.824389 -0.565604 0.021784 -3.003000 0.466476 0.657101 -0.592130 3.788800 0.320597 0.498308 0.805548 2.167100 0.000000 0.000000 0.000000 1.000000
0.824389 -0.565604 0.021785 -3.003000 0.466476 0.657101 -0.592130 3.788800 0.320596 0.498308 0.805548 2.167100 0.000000 0.000000 0.000000 1.000000
0.824389 -0.565604 0.021784 -3.003000 0.466476 0.657101 -0.592130 3.788800 0.320597 0.498308 0.805548 2.167100 0.000000 0.000000 0.000000 1.000000
0.824389 -0.565604 0.021784 -3.003000 0.466476 0.657101 -0.592130 3.788800 0.320597 0.498308 0.805548 2.167100 0.000000 0.000000 0.000000 1.000000
0.824389 -0.565604 0.021784 -3.003000 0.466476 0.657101 -0.592130 3.788800 0.320597 0.498308 0.805548 2.167100 0.000000 0.000000 0.000000 1.000000
0.824389 -0.565604 0.021784 -3.003000 0.466476 0.657101 -0.592130 3.788800 0.320597 0.498308 0.805548 2.167100 0.000000 0.000000 0.000000 1.000000
0.824389 -0.565604 0.021784 -3.003000 0.466476 0.657101 -0.592130 3.788800 0.320597 0.498308 0.805548 2.167100 0.000000 0.000000 0.000000 1.000000
0.824389 -0.565604 0.021784 -3.003000 0.466476 0.657101 -0.592130 3.788800 0.320597 0.498308 0.805548 2.167100 0.000000 0.000000 0.000000 1.000000
0.824389 -0.565604 0.021784 -3.003000 0.466476 0.657101 -0.592130 3.788800 0.320597 0.498308 0.805548 2.167100 0.000000 0.000000 0.000000 1.000000
0.824389 -0.565604 0.021784 -3.003000 0.466476 0.657101 -0.592130 3.788800 0.320597 0.498308 0.805548 2.167100 0.000000 0.000000 0.000000 1.000000
0.824389 -0.565604 0.021784 -3.003000 0.466476 0.657101 -0.592130 3.788800 0.320597 0.498308 0.805548 2.167100 0.000000 0.000000 0.000000 1.000000
0.824389 -0.565604 0.021784 -3.003000 0.466476 0.657101 -0.592130 3.788800 0.320597 0.498308 0.805548 2.167100 0.000000 0.000000 0.000000 1.000000
0.824389 -0.565604 0.021784 -3.003000 0.466476 0.657101 -0.592130 3.788800 0.320597 0.498308 0.805548 2.167100 0.000000 0.000000 0.000000 1.000000</float_array>
        <technique_common>
          <accessor source="#mixamorig_LeftHandThumb1-Matrix-animation-output-transform-array" count="22" stride="16">
            <param type="float4x4"/>
          </accessor>
        </technique_common>
      </source>
      <source id="mixamorig_LeftHandThumb1-Interpolations">
        <Name_array id="mixamorig_LeftHandThumb1-Interpolations-array" count="22">
 LINEAR LINEAR LINEAR LINEAR LINEAR LINEAR LINEAR LINEAR LINEAR LINEAR LINEAR
LINEAR LINEAR LINEAR LINEAR LINEAR LINEAR LINEAR LINEAR LINEAR LINEAR LINEAR</Name_array>
        <technique_common>
          <accessor source="#mixamorig_LeftHandThumb1-Interpolations-array" count="22">
            <param type="name"/>
          </accessor>
        </technique_common>
      </source>
      <sampler id="mixamorig_LeftHandThumb1-Matrix-animation-transform">
        <input semantic="INPUT" source="#mixamorig_LeftHandThumb1-Matrix-animation-input"/>
        <input semantic="OUTPUT" source="#mixamorig_LeftHandThumb1-Matrix-animation-output-transform"/>
        <input semantic="INTERPOLATION" source="#mixamorig_LeftHandThumb1-Interpolations"/>
      </sampler>
      <channel source="#mixamorig_LeftHandThumb1-Matrix-animation-transform" target="mixamorig_LeftHandThumb1/matrix"/>
    </animation>
    <animation id="mixamorig_LeftHandThumb2-anim" name="mixamorig_LeftHandThumb2">
      <source id="mixamorig_LeftHandThumb2-Matrix-animation-input">
        <float_array id="mixamorig_LeftHandThumb2-Matrix-animation-input-array" count="22">

0.000000 0.033333 0.066667 0.100000 0.133333 0.166667 0.200000 0.233333 0.266667 0.300000 0.333333 0.366667 0.400000 0.433333 0.466667 0.500000
0.533333 0.566667 0.600000 0.633333 0.666667 0.700000</float_array>
        <technique_common>
          <accessor source="#mixamorig_LeftHandThumb2-Matrix-animation-input-array" count="22">
            <param name="TIME" type="float"/>
          </accessor>
        </technique_common>
      </source>
      <source id="mixamorig_LeftHandThumb2-Matrix-animation-output-transform">
        <float_array id="mixamorig_LeftHandThumb2-Matrix-animation-output-transform-array" count="352">

0.967933 0.251142 0.005771 0.000000 -0.250962 0.965710 0.066499 4.745000 0.011127 -0.065815 0.997770 0.000000 0.000000 0.000000 0.000000 1.000000
0.967933 0.251142 0.005771 0.000000 -0.250962 0.965710 0.066499 4.745000 0.011127 -0.065815 0.997770 0.000000 0.000000 0.000000 0.000000 1.000000
0.967933 0.251142 0.005771 0.000000 -0.250962 0.965710 0.066499 4.745000 0.011128 -0.065815 0.997770 0.000000 0.000000 0.000000 0.000000 1.000000
0.967933 0.251142 0.005771 0.000000 -0.250962 0.965710 0.066499 4.745000 0.011128 -0.065815 0.997770 -0.000000 0.000000 0.000000 0.000000 1.000000
0.967933 0.251142 0.005771 -0.000000 -0.250962 0.965710 0.066499 4.745000 0.011127 -0.065815 0.997770 0.000000 0.000000 0.000000 0.000000 1.000000
0.967933 0.251142 0.005771 0.000000 -0.250962 0.965710 0.066499 4.745000 0.011128 -0.065815 0.997770 0.000000 0.000000 0.000000 0.000000 1.000000
0.967933 0.251142 0.005771 0.000000 -0.250962 0.965710 0.066499 4.745000 0.011127 -0.065815 0.997770 0.000000 0.000000 0.000000 0.000000 1.000000
0.967933 0.251142 0.005772 0.000000 -0.250962 0.965710 0.066499 4.745000 0.011127 -0.065815 0.997770 0.000000 0.000000 0.000000 0.000000 1.000000
0.967933 0.251143 0.005771 -0.000000 -0.250962 0.965710 0.066499 4.745000 0.011127 -0.065815 0.997770 0.000000 0.000000 0.000000 0.000000 1.000000
0.967933 0.251142 0.005771 -0.000000 -0.250962 0.965710 0.066499 4.745000 0.011127 -0.065815 0.997770 0.000000 0.000000 0.000000 0.000000 1.000000
0.967933 0.251142 0.005771 0.000000 -0.250962 0.965710 0.066499 4.745000 0.011127 -0.065815 0.997770 0.000000 0.000000 0.000000 0.000000 1.000000
0.967933 0.251142 0.005771 -0.000000 -0.250962 0.965710 0.066499 4.745000 0.011127 -0.065815 0.997770 0.000000 0.000000 0.000000 0.000000 1.000000
0.967933 0.251142 0.005771 0.000000 -0.250962 0.965710 0.066499 4.745000 0.011127 -0.065815 0.997770 0.000000 0.000000 0.000000 0.000000 1.000000
0.967933 0.251142 0.005771 -0.000000 -0.250962 0.965710 0.066499 4.745000 0.011127 -0.065815 0.997770 0.000000 0.000000 0.000000 0.000000 1.000000
0.967933 0.251142 0.005771 0.000000 -0.250962 0.965710 0.066499 4.745000 0.011127 -0.065815 0.997770 0.000000 0.000000 0.000000 0.000000 1.000000
0.967933 0.251142 0.005771 0.000000 -0.250962 0.965710 0.066499 4.745000 0.011127 -0.065815 0.997770 0.000000 0.000000 0.000000 0.000000 1.000000
0.967933 0.251142 0.005771 0.000000 -0.250962 0.965710 0.066499 4.745000 0.011128 -0.065815 0.997770 -0.000000 0.000000 0.000000 0.000000 1.000000
0.967933 0.251142 0.005771 -0.000000 -0.250962 0.965710 0.066499 4.745000 0.011128 -0.065815 0.997770 -0.000000 0.000000 0.000000 0.000000 1.000000
0.967933 0.251142 0.005771 0.000000 -0.250962 0.965710 0.066499 4.745000 0.011127 -0.065815 0.997770 0.000000 0.000000 0.000000 0.000000 1.000000
0.967933 0.251142 0.005771 0.000000 -0.250962 0.965710 0.066499 4.745000 0.011127 -0.065815 0.997770 0.000000 0.000000 0.000000 0.000000 1.000000
0.967933 0.251142 0.005771 0.000000 -0.250962 0.965710 0.066499 4.745000 0.011127 -0.065815 0.997770 0.000000 0.000000 0.000000 0.000000 1.000000
0.967933 0.251142 0.005771 0.000000 -0.250962 0.965710 0.066499 4.745000 0.011127 -0.065815 0.997770 0.000000 0.000000 0.000000 0.000000 1.000000</float_array>
        <technique_common>
          <accessor source="#mixamorig_LeftHandThumb2-Matrix-animation-output-transform-array" count="22" stride="16">
            <param type="float4x4"/>
          </accessor>
        </technique_common>
      </source>
      <source id="mixamorig_LeftHandThumb2-Interpolations">
        <Name_array id="mixamorig_LeftHandThumb2-Interpolations-array" count="22">
 LINEAR LINEAR LINEAR LINEAR LINEAR LINEAR LINEAR LINEAR LINEAR LINEAR LINEAR
LINEAR LINEAR LINEAR LINEAR LINEAR LINEAR LINEAR LINEAR LINEAR LINEAR LINEAR</Name_array>
        <technique_common>
          <accessor source="#mixamorig_LeftHandThumb2-Interpolations-array" count="22">
            <param type="name"/>
          </accessor>
        </technique_common>
      </source>
      <sampler id="mixamorig_LeftHandThumb2-Matrix-animation-transform">
        <input semantic="INPUT" source="#mixamorig_LeftHandThumb2-Matrix-animation-input"/>
        <input semantic="OUTPUT" source="#mixamorig_LeftHandThumb2-Matrix-animation-output-transform"/>
        <input semantic="INTERPOLATION" source="#mixamorig_LeftHandThumb2-Interpolations"/>
      </sampler>
      <channel source="#mixamorig_LeftHandThumb2-Matrix-animation-transform" target="mixamorig_LeftHandThumb2/matrix"/>
    </animation>
    <animation id="mixamorig_LeftHandThumb3-anim" name="mixamorig_LeftHandThumb3">
      <source id="mixamorig_LeftHandThumb3-Matrix-animation-input">
        <float_array id="mixamorig_LeftHandThumb3-Matrix-animation-input-array" count="22">

0.000000 0.033333 0.066667 0.100000 0.133333 0.166667 0.200000 0.233333 0.266667 0.300000 0.333333 0.366667 0.400000 0.433333 0.466667 0.500000
0.533333 0.566667 0.600000 0.633333 0.666667 0.700000</float_array>
        <technique_common>
          <accessor source="#mixamorig_LeftHandThumb3-Matrix-animation-input-array" count="22">
            <param name="TIME" type="float"/>
          </accessor>
        </technique_common>
      </source>
      <source id="mixamorig_LeftHandThumb3-Matrix-animation-output-transform">
        <float_array id="mixamorig_LeftHandThumb3-Matrix-animation-output-transform-array" count="352">

1.000000 0.000000 0.000000 -0.000000 -0.000000 1.000000 0.000000 4.382100 -0.000000 -0.000000 1.000000 0.000000 0.000000 0.000000 0.000000 1.000000
1.000000 0.000000 0.000000 0.000000 0.000000 1.000000 0.000000 4.382100 0.000000 -0.000000 1.000000 0.000000 0.000000 0.000000 0.000000 1.000000
1.000000 0.000000 0.000000 0.000000 -0.000000 1.000000 -0.000000 4.382100 -0.000000 0.000000 1.000000 0.000000 0.000000 0.000000 0.000000 1.000000
1.000000 -0.000000 -0.000000 0.000000 0.000000 1.000000 0.000000 4.382100 0.000000 -0.000000 1.000000 -0.000000 0.000000 0.000000 0.000000 1.000000
1.000000 0.000000 -0.000000 0.000000 -0.000000 1.000000 0.000000 4.382100 0.000000 -0.000000 1.000000 0.000000 0.000000 0.000000 0.000000 1.000000
1.000000 0.000000 -0.000000 0.000000 -0.000000 1.000000 -0.000000 4.382100 0.000000 0.000000 1.000000 -0.000000 0.000000 0.000000 0.000000 1.000000
1.000000 0.000000 -0.000000 0.000000 -0.000000 1.000000 0.000000 4.382100 0.000000 -0.000000 1.000000 0.000000 0.000000 0.000000 0.000000 1.000000
1.000000 0.000000 -0.000000 0.000000 0.000000 1.000000 0.000000 4.382100 -0.000000 0.000000 1.000000 0.000000 0.000000 0.000000 0.000000 1.000000
1.000000 -0.000000 -0.000000 0.000000 0.000000 1.000000 -0.000000 4.382100 0.000000 0.000000 1.000000 0.000000 0.000000 0.000000 0.000000 1.000000
1.000000 0.000000 0.000000 0.000000 -0.000000 1.000000 0.000000 4.382100 -0.000000 -0.000000 1.000000 0.000000 0.000000 0.000000 0.000000 1.000000
1.000000 -0.000000 -0.000000 0.000000 0.000000 1.000000 -0.000000 4.382100 0.000000 0.000000 1.000000 0.000000 0.000000 0.000000 0.000000 1.000000
1.000000 0.000000 -0.000000 0.000000 -0.000000 1.000000 0.000000 4.382100 0.000000 -0.000000 1.000000 0.000000 0.000000 0.000000 0.000000 1.000000
1.000000 0.000000 -0.000000 0.000000 -0.000000 1.000000 0.000000 4.382100 0.000000 -0.000000 1.000000 0.000000 0.000000 0.000000 0.000000 1.000000
1.000000 0.000000 0.000000 0.000000 -0.000000 1.000000 0.000000 4.382100 -0.000000 -0.000000 1.000000 0.000000 0.000000 0.000000 0.000000 1.000000
1.000000 0.000000 0.000000 0.000000 -0.000000 1.000000 -0.000000 4.382100 -0.000000 0.000000 1.000000 0.000000 0.000000 0.000000 0.000000 1.000000
1.000000 -0.000000 0.000000 0.000000 0.000000 1.000000 0.000000 4.382100 -0.000000 -0.000000 1.000000 -0.000000 0.000000 0.000000 0.000000 1.000000
1.000000 0.000000 0.000000 0.000000 -0.000000 1.000000 0.000000 4.382100 -0.000000 -0.000000 1.000000 0.000000 0.000000 0.000000 0.000000 1.000000
1.000000 0.000000 0.000000 0.000000 -0.000000 1.000000 0.000000 4.382100 -0.000000 -0.000000 1.000000 0.000000 0.000000 0.000000 0.000000 1.000000
1.000000 0.000000 -0.000000 0.000000 -0.000000 1.000000 0.000000 4.382100 0.000000 -0.000000 1.000000 0.000000 0.000000 0.000000 0.000000 1.000000
1.000000 -0.000000 -0.000000 0.000000 0.000000 1.000000 -0.000000 4.382100 0.000000 0.000000 1.000000 0.000000 0.000000 0.000000 0.000000 1.000000
1.000000 0.000000 0.000000 -0.000000 -0.000000 1.000000 0.000000 4.382100 -0.000000 -0.000000 1.000000 0.000000 0.000000 0.000000 0.000000 1.000000
1.000000 -0.000000 0.000000 0.000000 0.000000 1.000000 -0.000000 4.382100 -0.000000 0.000000 1.000000 0.000000 0.000000 0.000000 0.000000 1.000000</float_array>
        <technique_common>
          <accessor source="#mixamorig_LeftHandThumb3-Matrix-animation-output-transform-array" count="22" stride="16">
            <param type="float4x4"/>
          </accessor>
        </technique_common>
      </source>
      <source id="mixamorig_LeftHandThumb3-Interpolations">
        <Name_array id="mixamorig_LeftHandThumb3-Interpolations-array" count="22">
 LINEAR LINEAR LINEAR LINEAR LINEAR LINEAR LINEAR LINEAR LINEAR LINEAR LINEAR
LINEAR LINEAR LINEAR LINEAR LINEAR LINEAR LINEAR LINEAR LINEAR LINEAR LINEAR</Name_array>
        <technique_common>
          <accessor source="#mixamorig_LeftHandThumb3-Interpolations-array" count="22">
            <param type="name"/>
          </accessor>
        </technique_common>
      </source>
      <sampler id="mixamorig_LeftHandThumb3-Matrix-animation-transform">
        <input semantic="INPUT" source="#mixamorig_LeftHandThumb3-Matrix-animation-input"/>
        <input semantic="OUTPUT" source="#mixamorig_LeftHandThumb3-Matrix-animation-output-transform"/>
        <input semantic="INTERPOLATION" source="#mixamorig_LeftHandThumb3-Interpolations"/>
      </sampler>
      <channel source="#mixamorig_LeftHandThumb3-Matrix-animation-transform" target="mixamorig_LeftHandThumb3/matrix"/>
    </animation>
    <animation id="mixamorig_LeftHandIndex1-anim" name="mixamorig_LeftHandIndex1">
      <source id="mixamorig_LeftHandIndex1-Matrix-animation-input">
        <float_array id="mixamorig_LeftHandIndex1-Matrix-animation-input-array" count="22">

0.000000 0.033333 0.066667 0.100000 0.133333 0.166667 0.200000 0.233333 0.266667 0.300000 0.333333 0.366667 0.400000 0.433333 0.466667 0.500000
0.533333 0.566667 0.600000 0.633333 0.666667 0.700000</float_array>
        <technique_common>
          <accessor source="#mixamorig_LeftHandIndex1-Matrix-animation-input-array" count="22">
            <param name="TIME" type="float"/>
          </accessor>
        </technique_common>
      </source>
      <source id="mixamorig_LeftHandIndex1-Matrix-animation-output-transform">
        <float_array id="mixamorig_LeftHandIndex1-Matrix-animation-output-transform-array" count="352">

0.992389 -0.095985 0.077137 -2.822000 0.095574 0.205395 -0.974001 12.266600 0.077646 0.973961 0.213006 0.231800 0.000000 0.000000 0.000000 1.000000
0.992637 -0.095388 0.074646 -2.822000 0.095008 0.230922 -0.968322 12.266600 0.075128 0.968285 0.238285 0.231800 0.000000 0.000000 0.000000 1.000000
0.993222 -0.093701 0.068776 -2.822000 0.093394 0.291124 -0.952116 12.266600 0.069192 0.952086 0.297902 0.231800 0.000000 0.000000 0.000000 1.000000
0.993905 -0.091211 0.061923 -2.822000 0.090985 0.361478 -0.927931 12.266600 0.062254 0.927908 0.367574 0.231800 0.000000 0.000000 0.000000 1.000000
0.994461 -0.088735 0.056337 -2.822000 0.088573 0.418896 -0.903704 12.266600 0.056591 0.903688 0.424435 0.231800 0.000000 0.000000 0.000000 1.000000
0.994689 -0.087593 0.054042 -2.822000 0.087457 0.442502 -0.892493 12.266600 0.054263 0.892479 0.447813 0.231800 0.000000 0.000000 0.000000 1.000000
0.994631 -0.087892 0.054628 -2.822000 0.087749 0.436477 -0.895426 12.266600 0.054857 0.895412 0.441846 0.231800 0.000000 0.000000 0.000000 1.000000
0.994470 -0.088690 0.056243 -2.822000 0.088529 0.419856 -0.903263 12.266600 0.056496 0.903247 0.425386 0.231800 0.000000 0.000000 0.000000 1.000000
0.994227 -0.089826 0.058684 -2.822000 0.089638 0.394759 -0.914401 12.266600 0.058971 0.914383 0.400532 0.231800 0.000000 0.000000 0.000000 1.000000
0.993922 -0.091137 0.061744 -2.822000 0.090915 0.363324 -0.927216 12.266600 0.062071 0.927194 0.369402 0.231800 0.000000 0.000000 0.000000 1.000000
0.993578 -0.092475 0.065203 -2.822000 0.092211 0.327793 -0.940239 12.266600 0.065575 0.940213 0.334215 0.231800 0.000000 0.000000 0.000000 1.000000
0.993217 -0.093719 0.068832 -2.822000 0.093411 0.290549 -0.952290 12.266600 0.069248 0.952259 0.297333 0.231800 0.000000 0.000000 0.000000 1.000000
0.992863 -0.094785 0.072383 -2.822000 0.094433 0.254115 -0.962553 12.266600 0.072841 0.962518 0.261253 0.231800 0.000000 0.000000 0.000000 1.000000
0.992542 -0.095625 0.075602 -2.822000 0.095233 0.221118 -0.970586 12.266600 0.076095 0.970548 0.228576 0.231800 0.000000 0.000000 0.000000 1.000000
0.992281 -0.096225 0.078225 -2.822000 0.095798 0.194238 -0.976266 12.266600 0.078746 0.976224 0.201956 0.231800 0.000000 0.000000 0.000000 1.000000
0.992105 -0.096584 0.079990 -2.822000 0.096136 0.176162 -0.979655 12.266600 0.080528 0.979611 0.184057 0.231800 0.000000 0.000000 0.000000 1.000000
0.992041 -0.096709 0.080634 -2.822000 0.096250 0.169556 -0.980809 12.266600 0.081181 0.980764 0.177515 0.231800 0.000000 0.000000 0.000000 1.000000
0.992077 -0.096640 0.080269 -2.822000 0.096186 0.173295 -0.980162 12.266600 0.080812 0.980117 0.181218 0.231800 0.000000 0.000000 0.000000 1.000000
0.992164 -0.096469 0.079400 -2.822000 0.096027 0.182200 -0.978561 12.266600 0.079934 0.978518 0.190036 0.231800 0.000000 0.000000 0.000000 1.000000
0.992267 -0.096255 0.078365 -2.822000 0.095827 0.192809 -0.976546 12.266600 0.078888 0.976504 0.200542 0.231800 0.000000 0.000000 0.000000 1.000000
0.992353 -0.096066 0.077499 -2.822000 0.095650 0.201680 -0.974770 12.266600 0.078013 0.974729 0.209327 0.231800 0.000000 0.000000 0.000000 1.000000
0.992385 -0.096000 0.077176 -2.822000 0.095615 0.205394 -0.973998 12.266600 0.077652 0.973960 0.213009 0.231800 0.000000 0.000000 0.000000 1.000000</float_array>
        <technique_common>
          <accessor source="#mixamorig_LeftHandIndex1-Matrix-animation-output-transform-array" count="22" stride="16">
            <param type="float4x4"/>
          </accessor>
        </technique_common>
      </source>
      <source id="mixamorig_LeftHandIndex1-Interpolations">
        <Name_array id="mixamorig_LeftHandIndex1-Interpolations-array" count="22">
 LINEAR LINEAR LINEAR LINEAR LINEAR LINEAR LINEAR LINEAR LINEAR LINEAR LINEAR
LINEAR LINEAR LINEAR LINEAR LINEAR LINEAR LINEAR LINEAR LINEAR LINEAR LINEAR</Name_array>
        <technique_common>
          <accessor source="#mixamorig_LeftHandIndex1-Interpolations-array" count="22">
            <param type="name"/>
          </accessor>
        </technique_common>
      </source>
      <sampler id="mixamorig_LeftHandIndex1-Matrix-animation-transform">
        <input semantic="INPUT" source="#mixamorig_LeftHandIndex1-Matrix-animation-input"/>
        <input semantic="OUTPUT" source="#mixamorig_LeftHandIndex1-Matrix-animation-output-transform"/>
        <input semantic="INTERPOLATION" source="#mixamorig_LeftHandIndex1-Interpolations"/>
      </sampler>
      <channel source="#mixamorig_LeftHandIndex1-Matrix-animation-transform" target="mixamorig_LeftHandIndex1/matrix"/>
    </animation>
    <animation id="mixamorig_LeftHandIndex2-anim" name="mixamorig_LeftHandIndex2">
      <source id="mixamorig_LeftHandIndex2-Matrix-animation-input">
        <float_array id="mixamorig_LeftHandIndex2-Matrix-animation-input-array" count="22">

0.000000 0.033333 0.066667 0.100000 0.133333 0.166667 0.200000 0.233333 0.266667 0.300000 0.333333 0.366667 0.400000 0.433333 0.466667 0.500000
0.533333 0.566667 0.600000 0.633333 0.666667 0.700000</float_array>
        <technique_common>
          <accessor source="#mixamorig_LeftHandIndex2-Matrix-animation-input-array" count="22">
            <param name="TIME" type="float"/>
          </accessor>
        </technique_common>
      </source>
      <source id="mixamorig_LeftHandIndex2-Matrix-animation-output-transform">
        <float_array id="mixamorig_LeftHandIndex2-Matrix-animation-output-transform-array" count="352">

0.991670 -0.111276 0.064871 0.000000 0.072702 0.067821 -0.995045 3.892000 0.106325 0.991473 0.075346 -0.000000 0.000000 0.000000 0.000000 1.000000
0.992020 -0.109784 0.062000 0.000000 0.072445 0.093863 -0.992946 3.892000 0.103190 0.989514 0.101068 0.000000 0.000000 0.000000 0.000000 1.000000
0.992835 -0.105921 0.055318 -0.000000 0.071502 0.155669 -0.985218 3.892000 0.095744 0.982114 0.162127 0.000000 0.000000 0.000000 0.000000 1.000000
0.993767 -0.100772 0.047678 -0.000000 0.069769 0.228623 -0.971012 3.892000 0.086950 0.968285 0.234228 -0.000000 0.000000 0.000000 0.000000 1.000000
0.994510 -0.096026 0.041583 0.000000 0.067815 0.288789 -0.954988 3.892000 0.079695 0.952565 0.293715 -0.000000 0.000000 0.000000 0.000000 1.000000
0.994811 -0.093925 0.039117 0.000000 0.066861 0.313699 -0.947165 3.892000 0.076691 0.944866 0.318351 0.000000 0.000000 0.000000 0.000000 1.000000
0.994734 -0.094470 0.039744 0.000000 0.067113 0.307331 -0.949233 3.892000 0.077460 0.946902 0.312052 0.000000 0.000000 0.000000 0.000000 1.000000
0.994522 -0.095944 0.041481 0.000000 0.067777 0.289799 -0.954685 3.892000 0.079575 0.952266 0.294714 -0.000000 0.000000 0.000000 0.000000 1.000000
0.994199 -0.098083 0.044128 -0.000000 0.068697 0.263425 -0.962231 3.892000 0.082754 0.959681 0.268635 -0.000000 0.000000 0.000000 0.000000 1.000000
0.993791 -0.100626 0.047478 0.000000 0.069712 0.230548 -0.970561 3.892000 0.086718 0.967844 0.236131 0.000000 0.000000 0.000000 0.000000 1.000000
0.993323 -0.103324 0.051311 0.000000 0.070684 0.193589 -0.978533 3.892000 0.091173 0.975627 0.199599 0.000000 0.000000 0.000000 0.000000 1.000000
0.992827 -0.105959 0.055378 -0.000000 0.071509 0.155071 -0.985312 3.892000 0.095815 0.982204 0.161536 0.000000 0.000000 0.000000 0.000000 1.000000
0.992336 -0.108351 0.059406 0.000000 0.072133 0.117604 -0.990437 3.892000 0.100329 0.987132 0.124518 0.000000 0.000000 0.000000 0.000000 1.000000
0.991886 -0.110365 0.063094 0.000000 0.072547 0.083845 -0.993834 3.892000 0.104395 0.990348 0.091171 0.000000 0.000000 0.000000 0.000000 1.000000
0.991517 -0.111902 0.066126 0.000000 0.072781 0.056464 -0.995748 3.892000 0.107692 0.992114 0.064129 0.000000 0.000000 0.000000 0.000000 1.000000
0.991266 -0.112883 0.068178 0.000000 0.072885 0.038113 -0.996612 3.892000 0.109902 0.992877 0.046007 0.000000 0.000000 0.000000 0.000000 1.000000
0.991175 -0.113232 0.068931 0.000000 0.072914 0.031418 -0.996843 3.892000 0.110708 0.993072 0.039397 0.000000 0.000000 0.000000 0.000000 1.000000
0.991227 -0.113035 0.068506 -0.000000 0.072900 0.035206 -0.996718 3.892000 0.110252 0.992967 0.043138 0.000000 0.000000 0.000000 0.000000 1.000000
0.991350 -0.112560 0.067494 0.000000 0.072858 0.044239 -0.996361 3.892000 0.109165 0.992660 0.052057 0.000000 0.000000 0.000000 0.000000 1.000000
0.991497 -0.111981 0.066292 0.000000 0.072795 0.055015 -0.995828 3.892000 0.107867 0.992186 0.062698 0.000000 0.000000 0.000000 0.000000 1.000000
0.991619 -0.111487 0.065291 -0.000000 0.072732 0.064039 -0.995293 3.892000 0.106781 0.991700 0.071611 -0.000000 0.000000 0.000000 0.000000 1.000000
0.991670 -0.111276 0.064872 0.000000 0.072703 0.067821 -0.995045 3.892000 0.106325 0.991473 0.075346 0.000000 0.000000 0.000000 0.000000 1.000000</float_array>
        <technique_common>
          <accessor source="#mixamorig_LeftHandIndex2-Matrix-animation-output-transform-array" count="22" stride="16">
            <param type="float4x4"/>
          </accessor>
        </technique_common>
      </source>
      <source id="mixamorig_LeftHandIndex2-Interpolations">
        <Name_array id="mixamorig_LeftHandIndex2-Interpolations-array" count="22">
 LINEAR LINEAR LINEAR LINEAR LINEAR LINEAR LINEAR LINEAR LINEAR LINEAR LINEAR
LINEAR LINEAR LINEAR LINEAR LINEAR LINEAR LINEAR LINEAR LINEAR LINEAR LINEAR</Name_array>
        <technique_common>
          <accessor source="#mixamorig_LeftHandIndex2-Interpolations-array" count="22">
            <param type="name"/>
          </accessor>
        </technique_common>
      </source>
      <sampler id="mixamorig_LeftHandIndex2-Matrix-animation-transform">
        <input semantic="INPUT" source="#mixamorig_LeftHandIndex2-Matrix-animation-input"/>
        <input semantic="OUTPUT" source="#mixamorig_LeftHandIndex2-Matrix-animation-output-transform"/>
        <input semantic="INTERPOLATION" source="#mixamorig_LeftHandIndex2-Interpolations"/>
      </sampler>
      <channel source="#mixamorig_LeftHandIndex2-Matrix-animation-transform" target="mixamorig_LeftHandIndex2/matrix"/>
    </animation>
    <animation id="mixamorig_LeftHandIndex3-anim" name="mixamorig_LeftHandIndex3">
      <source id="mixamorig_LeftHandIndex3-Matrix-animation-input">
        <float_array id="mixamorig_LeftHandIndex3-Matrix-animation-input-array" count="22">

0.000000 0.033333 0.066667 0.100000 0.133333 0.166667 0.200000 0.233333 0.266667 0.300000 0.333333 0.366667 0.400000 0.433333 0.466667 0.500000
0.533333 0.566667 0.600000 0.633333 0.666667 0.700000</float_array>
        <technique_common>
          <accessor source="#mixamorig_LeftHandIndex3-Matrix-animation-input-array" count="22">
            <param name="TIME" type="float"/>
          </accessor>
        </technique_common>
      </source>
      <source id="mixamorig_LeftHandIndex3-Matrix-animation-output-transform">
        <float_array id="mixamorig_LeftHandIndex3-Matrix-animation-output-transform-array" count="352">

1.000000 0.000000 0.000000 0.000000 -0.000000 1.000000 0.000000 3.415200 -0.000000 -0.000000 1.000000 0.000000 0.000000 0.000000 0.000000 1.000000
1.000000 -0.000000 -0.000000 -0.000000 0.000000 1.000000 -0.000000 3.415200 0.000000 0.000000 1.000000 0.000000 0.000000 0.000000 0.000000 1.000000
1.000000 0.000000 -0.000000 0.000000 -0.000000 1.000000 -0.000000 3.415200 0.000000 0.000000 1.000000 0.000000 0.000000 0.000000 0.000000 1.000000
1.000000 -0.000000 0.000000 -0.000000 0.000000 1.000000 0.000000 3.415200 0.000000 -0.000000 1.000000 0.000000 0.000000 0.000000 0.000000 1.000000
1.000000 0.000000 0.000000 0.000000 -0.000000 1.000000 0.000000 3.415200 -0.000000 -0.000000 1.000000 0.000000 0.000000 0.000000 0.000000 1.000000
1.000000 -0.000000 -0.000000 0.000000 0.000000 1.000000 0.000000 3.415200 0.000000 -0.000000 1.000000 0.000000 0.000000 0.000000 0.000000 1.000000
1.000000 0.000000 0.000000 0.000000 -0.000000 1.000000 -0.000000 3.415200 -0.000000 0.000000 1.000000 0.000000 0.000000 0.000000 0.000000 1.000000
1.000000 0.000000 0.000000 0.000000 0.000000 1.000000 -0.000000 3.415200 0.000000 0.000000 1.000000 0.000000 0.000000 0.000000 0.000000 1.000000
1.000000 0.000000 0.000000 -0.000000 -0.000000 1.000000 -0.000000 3.415200 -0.000000 0.000000 1.000000 0.000000 0.000000 0.000000 0.000000 1.000000
1.000000 0.000000 -0.000000 0.000000 -0.000000 1.000000 0.000000 3.415200 0.000000 -0.000000 1.000000 -0.000000 0.000000 0.000000 0.000000 1.000000
1.000000 0.000000 0.000000 0.000000 0.000000 1.000000 0.000000 3.415200 -0.000000 0.000000 1.000000 0.000000 0.000000 0.000000 0.000000 1.000000
1.000000 0.000000 -0.000000 0.000000 -0.000000 1.000000 -0.000000 3.415200 0.000000 0.000000 1.000000 0.000000 0.000000 0.000000 0.000000 1.000000
1.000000 0.000000 0.000000 -0.000000 -0.000000 1.000000 0.000000 3.415200 0.000000 0.000000 1.000000 0.000000 0.000000 0.000000 0.000000 1.000000
1.000000 0.000000 -0.000000 0.000000 -0.000000 1.000000 0.000000 3.415200 -0.000000 0.000000 1.000000 -0.000000 0.000000 0.000000 0.000000 1.000000
1.000000 0.000000 0.000000 0.000000 -0.000000 1.000000 -0.000000 3.415200 -0.000000 0.000000 1.000000 0.000000 0.000000 0.000000 0.000000 1.000000
1.000000 -0.000000 0.000000 0.000000 -0.000000 1.000000 -0.000000 3.415200 0.000000 0.000000 1.000000 -0.000000 0.000000 0.000000 0.000000 1.000000
1.000000 0.000000 0.000000 0.000000 -0.000000 1.000000 -0.000000 3.415200 -0.000000 0.000000 1.000000 0.000000 0.000000 0.000000 0.000000 1.000000
1.000000 0.000000 -0.000000 -0.000000 0.000000 1.000000 0.000000 3.415200 0.000000 -0.000000 1.000000 0.000000 0.000000 0.000000 0.000000 1.000000
1.000000 -0.000000 0.000000 0.000000 0.000000 1.000000 0.000000 3.415200 0.000000 0.000000 1.000000 0.000000 0.000000 0.000000 0.000000 1.000000
1.000000 0.000000 0.000000 -0.000000 -0.000000 1.000000 -0.000000 3.415200 -0.000000 0.000000 1.000000 0.000000 0.000000 0.000000 0.000000 1.000000
1.000000 -0.000000 0.000000 0.000000 0.000000 1.000000 0.000000 3.415200 0.000000 0.000000 1.000000 -0.000000 0.000000 0.000000 0.000000 1.000000
1.000000 -0.000000 -0.000000 0.000000 -0.000000 1.000000 0.000000 3.415200 0.000000 0.000000 1.000000 -0.000000 0.000000 0.000000 0.000000 1.000000</float_array>
        <technique_common>
          <accessor source="#mixamorig_LeftHandIndex3-Matrix-animation-output-transform-array" count="22" stride="16">
            <param type="float4x4"/>
          </accessor>
        </technique_common>
      </source>
      <source id="mixamorig_LeftHandIndex3-Interpolations">
        <Name_array id="mixamorig_LeftHandIndex3-Interpolations-array" count="22">
 LINEAR LINEAR LINEAR LINEAR LINEAR LINEAR LINEAR LINEAR LINEAR LINEAR LINEAR
LINEAR LINEAR LINEAR LINEAR LINEAR LINEAR LINEAR LINEAR LINEAR LINEAR LINEAR</Name_array>
        <technique_common>
          <accessor source="#mixamorig_LeftHandIndex3-Interpolations-array" count="22">
            <param type="name"/>
          </accessor>
        </technique_common>
      </source>
      <sampler id="mixamorig_LeftHandIndex3-Matrix-animation-transform">
        <input semantic="INPUT" source="#mixamorig_LeftHandIndex3-Matrix-animation-input"/>
        <input semantic="OUTPUT" source="#mixamorig_LeftHandIndex3-Matrix-animation-output-transform"/>
        <input semantic="INTERPOLATION" source="#mixamorig_LeftHandIndex3-Interpolations"/>
      </sampler>
      <channel source="#mixamorig_LeftHandIndex3-Matrix-animation-transform" target="mixamorig_LeftHandIndex3/matrix"/>
    </animation>
    <animation id="mixamorig_LeftHandMiddle1-anim" name="mixamorig_LeftHandMiddle1">
      <source id="mixamorig_LeftHandMiddle1-Matrix-animation-input">
        <float_array id="mixamorig_LeftHandMiddle1-Matrix-animation-input-array" count="22">

0.000000 0.033333 0.066667 0.100000 0.133333 0.166667 0.200000 0.233333 0.266667 0.300000 0.333333 0.366667 0.400000 0.433333 0.466667 0.500000
0.533333 0.566667 0.600000 0.633333 0.666667 0.700000</float_array>
        <technique_common>
          <accessor source="#mixamorig_LeftHandMiddle1-Matrix-animation-input-array" count="22">
            <param name="TIME" type="float"/>
          </accessor>
        </technique_common>
      </source>
      <source id="mixamorig_LeftHandMiddle1-Matrix-animation-output-transform">
        <float_array id="mixamorig_LeftHandMiddle1-Matrix-animation-output-transform-array" count="352">

0.994355 -0.092421 0.052127 0.000000 0.065333 0.146172 -0.987099 12.775500 0.083609 0.984933 0.151385 0.000000 0.000000 0.000000 0.000000 1.000000
0.994586 -0.091215 0.049775 0.000000 0.064966 0.171983 -0.982955 12.775500 0.081100 0.980868 0.176977 0.000000 0.000000 0.000000 0.000000 1.000000
0.995134 -0.088056 0.044209 0.000000 0.063729 0.233024 -0.970381 12.775500 0.075147 0.968476 0.237502 0.000000 0.000000 0.000000 0.000000 1.000000
0.995761 -0.083839 0.037837 0.000000 0.061768 0.304675 -0.950451 12.775500 0.068157 0.948759 0.308562 0.000000 0.000000 0.000000 0.000000 1.000000
0.996261 -0.079947 0.032752 0.000000 0.059728 0.363422 -0.929708 12.775500 0.062425 0.928188 0.366838 0.000000 0.000000 0.000000 0.000000 1.000000
0.996463 -0.078222 0.030693 0.000000 0.058766 0.387650 -0.919931 12.775500 0.060060 0.918482 0.390876 0.000000 0.000000 0.000000 0.000000 1.000000
0.996412 -0.078669 0.031217 0.000000 0.059019 0.381462 -0.922499 12.775500 0.060664 0.921031 0.384736 0.000000 0.000000 0.000000 0.000000 1.000000
0.996269 -0.079879 0.032668 0.000000 0.059690 0.364406 -0.929325 12.775500 0.062329 0.927808 0.367815 0.000000 0.000000 0.000000 0.000000 1.000000
0.996052 -0.081635 0.034877 0.000000 0.060636 0.338695 -0.938940 12.775500 0.064838 0.937348 0.342308 -0.000000 0.000000 0.000000 0.000000 1.000000
0.995777 -0.083721 0.037672 0.000000 0.061709 0.306560 -0.949849 12.775500 0.067973 0.948162 0.310431 0.000000 0.000000 0.000000 0.000000 1.000000
0.995462 -0.085931 0.040869 0.000000 0.062778 0.270325 -0.960720 12.775500 0.071508 0.958927 0.274493 0.000000 0.000000 0.000000 0.000000 1.000000
0.995129 -0.088089 0.044261 0.000000 0.063742 0.232440 -0.970520 12.775500 0.075204 0.968614 0.236922 0.000000 0.000000 0.000000 0.000000 1.000000
0.994799 -0.090047 0.047618 -0.000000 0.064535 0.195471 -0.978584 12.775500 0.078810 0.976567 0.200265 0.000000 0.000000 0.000000 0.000000 1.000000
0.994496 -0.091692 0.050690 -0.000000 0.065130 0.162064 -0.984628 12.775500 0.082068 0.982511 0.167144 0.000000 0.000000 0.000000 0.000000 1.000000
0.994248 -0.092947 0.053215 0.000000 0.065529 0.134903 -0.988690 12.775500 0.084717 0.986490 0.140218 0.000000 0.000000 0.000000 0.000000 1.000000
0.994084 -0.093730 0.054878 0.000000 0.065707 0.116665 -0.990995 12.775500 0.086484 0.988739 0.122133 0.000000 0.000000 0.000000 0.000000 1.000000
0.994026 -0.093991 0.055486 0.000000 0.065761 0.110004 -0.991753 12.775500 0.087112 0.989477 0.115528 0.000000 0.000000 0.000000 0.000000 1.000000
0.994060 -0.093836 0.055140 -0.000000 0.065728 0.113774 -0.991330 12.775500 0.086749 0.989065 0.119266 0.000000 0.000000 0.000000 0.000000 1.000000
0.994139 -0.093474 0.054326 0.000000 0.065656 0.122755 -0.990263 12.775500 0.085895 0.988025 0.128172 0.000000 0.000000 0.000000 0.000000 1.000000
0.994232 -0.093022 0.053379 0.000000 0.065579 0.133461 -0.988882 12.775500 0.084864 0.986679 0.138792 0.000000 0.000000 0.000000 0.000000 1.000000
0.994310 -0.092636 0.052590 0.000000 0.065506 0.142419 -0.987636 12.775500 0.084001 0.985462 0.147677 0.000000 0.000000 0.000000 0.000000 1.000000
0.994339 -0.092526 0.052240 0.000000 0.065461 0.146174 -0.987091 12.775500 0.083695 0.984922 0.151404 0.000000 0.000000 0.000000 0.000000 1.000000</float_array>
        <technique_common>
          <accessor source="#mixamorig_LeftHandMiddle1-Matrix-animation-output-transform-array" count="22" stride="16">
            <param type="float4x4"/>
          </accessor>
        </technique_common>
      </source>
      <source id="mixamorig_LeftHandMiddle1-Interpolations">
        <Name_array id="mixamorig_LeftHandMiddle1-Interpolations-array" count="22">
 LINEAR LINEAR LINEAR LINEAR LINEAR LINEAR LINEAR LINEAR LINEAR LINEAR LINEAR
LINEAR LINEAR LINEAR LINEAR LINEAR LINEAR LINEAR LINEAR LINEAR LINEAR LINEAR</Name_array>
        <technique_common>
          <accessor source="#mixamorig_LeftHandMiddle1-Interpolations-array" count="22">
            <param type="name"/>
          </accessor>
        </technique_common>
      </source>
      <sampler id="mixamorig_LeftHandMiddle1-Matrix-animation-transform">
        <input semantic="INPUT" source="#mixamorig_LeftHandMiddle1-Matrix-animation-input"/>
        <input semantic="OUTPUT" source="#mixamorig_LeftHandMiddle1-Matrix-animation-output-transform"/>
        <input semantic="INTERPOLATION" source="#mixamorig_LeftHandMiddle1-Interpolations"/>
      </sampler>
      <channel source="#mixamorig_LeftHandMiddle1-Matrix-animation-transform" target="mixamorig_LeftHandMiddle1/matrix"/>
    </animation>
    <animation id="mixamorig_LeftHandMiddle2-anim" name="mixamorig_LeftHandMiddle2">
      <source id="mixamorig_LeftHandMiddle2-Matrix-animation-input">
        <float_array id="mixamorig_LeftHandMiddle2-Matrix-animation-input-array" count="22">

0.000000 0.033333 0.066667 0.100000 0.133333 0.166667 0.200000 0.233333 0.266667 0.300000 0.333333 0.366667 0.400000 0.433333 0.466667 0.500000
0.533333 0.566667 0.600000 0.633333 0.666667 0.700000</float_array>
        <technique_common>
          <accessor source="#mixamorig_LeftHandMiddle2-Matrix-animation-input-array" count="22">
            <param name="TIME" type="float"/>
          </accessor>
        </technique_common>
      </source>
      <source id="mixamorig_LeftHandMiddle2-Matrix-animation-output-transform">
        <float_array id="mixamorig_LeftHandMiddle2-Matrix-animation-output-transform-array" count="352">

0.991617 -0.104450 0.076064 0.000000 0.093612 0.174978 -0.980112 3.614000 0.089064 0.979016 0.183289 0.000000 0.000000 0.000000 0.000000 1.000000
0.991913 -0.103571 0.073359 0.000000 0.093077 0.200668 -0.975228 3.614000 0.086285 0.974169 0.208685 -0.000000 0.000000 0.000000 0.000000 1.000000
0.992608 -0.101187 0.067008 -0.000000 0.091508 0.261341 -0.960899 3.614000 0.079719 0.959928 0.268668 -0.000000 0.000000 0.000000 0.000000 1.000000
0.993415 -0.097826 0.059641 -0.000000 0.089102 0.332404 -0.938919 3.614000 0.072026 0.938050 0.338932 0.000000 0.000000 0.000000 0.000000 1.000000
0.994068 -0.094593 0.053674 0.000000 0.086649 0.390542 -0.916498 3.614000 0.065733 0.915712 0.396422 -0.000000 0.000000 0.000000 0.000000 1.000000
0.994335 -0.093127 0.051233 0.000000 0.085503 0.414484 -0.906031 3.614000 0.063141 0.905279 0.420099 -0.000000 0.000000 0.000000 0.000000 1.000000
0.994267 -0.093509 0.051855 0.000000 0.085803 0.408371 -0.908774 3.614000 0.063803 0.908014 0.414054 0.000000 0.000000 0.000000 0.000000 1.000000
0.994079 -0.094535 0.053573 0.000000 0.086603 0.391515 -0.916087 3.614000 0.065628 0.915303 0.397384 0.000000 0.000000 0.000000 0.000000 1.000000
0.993794 -0.096008 0.056175 0.000000 0.087734 0.366086 -0.926436 3.614000 0.068381 0.925615 0.372237 0.000000 0.000000 0.000000 0.000000 1.000000
0.993436 -0.097728 0.059446 0.000000 0.089028 0.334270 -0.938263 3.614000 0.071824 0.937397 0.340777 -0.000000 0.000000 0.000000 0.000000 1.000000
0.993030 -0.099514 0.063158 -0.000000 0.090331 0.298353 -0.950172 3.614000 0.075712 0.949254 0.305262 0.000000 0.000000 0.000000 0.000000 1.000000
0.992602 -0.101210 0.067065 0.000000 0.091521 0.260755 -0.961057 3.614000 0.079781 0.960085 0.268089 0.000000 0.000000 0.000000 0.000000 1.000000
0.992182 -0.102702 0.070902 0.000000 0.092519 0.224023 -0.970183 3.614000 0.083756 0.969157 0.231773 -0.000000 0.000000 0.000000 0.000000 1.000000
0.991800 -0.103916 0.074391 0.000000 0.093285 0.190793 -0.977188 3.614000 0.087352 0.976115 0.198922 0.000000 0.000000 0.000000 0.000000 1.000000
0.991488 -0.104810 0.077241 -0.000000 0.093815 0.163750 -0.982031 3.614000 0.090278 0.980918 0.172189 0.000000 0.000000 0.000000 0.000000 1.000000
0.991278 -0.105364 0.079162 -0.000000 0.094123 0.145580 -0.984859 3.614000 0.092244 0.983720 0.154227 0.000000 0.000000 0.000000 0.000000 1.000000
0.991204 -0.105548 0.079841 0.000000 0.094201 0.138942 -0.985810 3.614000 0.092957 0.984660 0.147663 0.000000 0.000000 0.000000 0.000000 1.000000
0.991246 -0.105444 0.079456 0.000000 0.094157 0.142699 -0.985277 3.614000 0.092553 0.984133 0.151378 0.000000 0.000000 0.000000 0.000000 1.000000
0.991348 -0.105184 0.078523 -0.000000 0.094028 0.151650 -0.983952 3.614000 0.091588 0.982822 0.160228 0.000000 0.000000 0.000000 0.000000 1.000000
0.991471 -0.104857 0.077400 0.000000 0.093848 0.162317 -0.982266 3.614000 0.090434 0.981152 0.170773 0.000000 0.000000 0.000000 0.000000 1.000000
0.991570 -0.104586 0.076494 0.000000 0.093722 0.171239 -0.980762 3.614000 0.089475 0.979663 0.179598 -0.000000 0.000000 0.000000 0.000000 1.000000
0.991607 -0.104502 0.076124 -0.000000 0.093682 0.174978 -0.980105 3.614000 0.089103 0.979011 0.183299 0.000000 0.000000 0.000000 0.000000 1.000000</float_array>
        <technique_common>
          <accessor source="#mixamorig_LeftHandMiddle2-Matrix-animation-output-transform-array" count="22" stride="16">
            <param type="float4x4"/>
          </accessor>
        </technique_common>
      </source>
      <source id="mixamorig_LeftHandMiddle2-Interpolations">
        <Name_array id="mixamorig_LeftHandMiddle2-Interpolations-array" count="22">
 LINEAR LINEAR LINEAR LINEAR LINEAR LINEAR LINEAR LINEAR LINEAR LINEAR LINEAR
LINEAR LINEAR LINEAR LINEAR LINEAR LINEAR LINEAR LINEAR LINEAR LINEAR LINEAR</Name_array>
        <technique_common>
          <accessor source="#mixamorig_LeftHandMiddle2-Interpolations-array" count="22">
            <param type="name"/>
          </accessor>
        </technique_common>
      </source>
      <sampler id="mixamorig_LeftHandMiddle2-Matrix-animation-transform">
        <input semantic="INPUT" source="#mixamorig_LeftHandMiddle2-Matrix-animation-input"/>
        <input semantic="OUTPUT" source="#mixamorig_LeftHandMiddle2-Matrix-animation-output-transform"/>
        <input semantic="INTERPOLATION" source="#mixamorig_LeftHandMiddle2-Interpolations"/>
      </sampler>
      <channel source="#mixamorig_LeftHandMiddle2-Matrix-animation-transform" target="mixamorig_LeftHandMiddle2/matrix"/>
    </animation>
    <animation id="mixamorig_LeftHandMiddle3-anim" name="mixamorig_LeftHandMiddle3">
      <source id="mixamorig_LeftHandMiddle3-Matrix-animation-input">
        <float_array id="mixamorig_LeftHandMiddle3-Matrix-animation-input-array" count="22">

0.000000 0.033333 0.066667 0.100000 0.133333 0.166667 0.200000 0.233333 0.266667 0.300000 0.333333 0.366667 0.400000 0.433333 0.466667 0.500000
0.533333 0.566667 0.600000 0.633333 0.666667 0.700000</float_array>
        <technique_common>
          <accessor source="#mixamorig_LeftHandMiddle3-Matrix-animation-input-array" count="22">
            <param name="TIME" type="float"/>
          </accessor>
        </technique_common>
      </source>
      <source id="mixamorig_LeftHandMiddle3-Matrix-animation-output-transform">
        <float_array id="mixamorig_LeftHandMiddle3-Matrix-animation-output-transform-array" count="352">

1.000000 -0.000000 -0.000000 0.000000 0.000000 1.000000 0.000000 3.459800 0.000000 0.000000 1.000000 -0.000000 0.000000 0.000000 0.000000 1.000000
1.000000 -0.000000 -0.000000 0.000000 0.000000 1.000000 -0.000000 3.459800 0.000000 0.000000 1.000000 -0.000000 0.000000 0.000000 0.000000 1.000000
1.000000 -0.000000 -0.000000 0.000000 0.000000 1.000000 0.000000 3.459800 -0.000000 -0.000000 1.000000 0.000000 0.000000 0.000000 0.000000 1.000000
1.000000 -0.000000 -0.000000 0.000000 0.000000 1.000000 -0.000000 3.459800 0.000000 0.000000 1.000000 0.000000 0.000000 0.000000 0.000000 1.000000
1.000000 0.000000 0.000000 0.000000 -0.000000 1.000000 -0.000000 3.459800 -0.000000 0.000000 1.000000 0.000000 0.000000 0.000000 0.000000 1.000000
1.000000 0.000000 -0.000000 0.000000 0.000000 1.000000 0.000000 3.459800 -0.000000 0.000000 1.000000 0.000000 0.000000 0.000000 0.000000 1.000000
1.000000 -0.000000 0.000000 0.000000 -0.000000 1.000000 -0.000000 3.459800 -0.000000 0.000000 1.000000 0.000000 0.000000 0.000000 0.000000 1.000000
1.000000 0.000000 -0.000000 0.000000 -0.000000 1.000000 -0.000000 3.459800 0.000000 0.000000 1.000000 0.000000 0.000000 0.000000 0.000000 1.000000
1.000000 0.000000 -0.000000 0.000000 -0.000000 1.000000 -0.000000 3.459800 -0.000000 -0.000000 1.000000 0.000000 0.000000 0.000000 0.000000 1.000000
1.000000 -0.000000 0.000000 0.000000 0.000000 1.000000 -0.000000 3.459800 -0.000000 0.000000 1.000000 -0.000000 0.000000 0.000000 0.000000 1.000000
1.000000 -0.000000 -0.000000 -0.000000 -0.000000 1.000000 0.000000 3.459800 0.000000 0.000000 1.000000 -0.000000 0.000000 0.000000 0.000000 1.000000
1.000000 0.000000 -0.000000 -0.000000 0.000000 1.000000 0.000000 3.459800 -0.000000 0.000000 1.000000 0.000000 0.000000 0.000000 0.000000 1.000000
1.000000 0.000000 0.000000 0.000000 -0.000000 1.000000 0.000000 3.459800 -0.000000 -0.000000 1.000000 0.000000 0.000000 0.000000 0.000000 1.000000
1.000000 0.000000 0.000000 0.000000 0.000000 1.000000 -0.000000 3.459800 0.000000 0.000000 1.000000 0.000000 0.000000 0.000000 0.000000 1.000000
1.000000 0.000000 0.000000 0.000000 -0.000000 1.000000 -0.000000 3.459800 -0.000000 0.000000 1.000000 0.000000 0.000000 0.000000 0.000000 1.000000
1.000000 0.000000 0.000000 0.000000 0.000000 1.000000 0.000000 3.459800 0.000000 0.000000 1.000000 0.000000 0.000000 0.000000 0.000000 1.000000
1.000000 0.000000 -0.000000 -0.000000 0.000000 1.000000 0.000000 3.459800 -0.000000 0.000000 1.000000 -0.000000 0.000000 0.000000 0.000000 1.000000
1.000000 0.000000 0.000000 -0.000000 -0.000000 1.000000 0.000000 3.459800 -0.000000 -0.000000 1.000000 0.000000 0.000000 0.000000 0.000000 1.000000
1.000000 -0.000000 0.000000 -0.000000 -0.000000 1.000000 0.000000 3.459800 0.000000 0.000000 1.000000 0.000000 0.000000 0.000000 0.000000 1.000000
1.000000 0.000000 0.000000 -0.000000 -0.000000 1.000000 0.000000 3.459800 -0.000000 -0.000000 1.000000 0.000000 0.000000 0.000000 0.000000 1.000000
1.000000 0.000000 -0.000000 -0.000000 -0.000000 1.000000 0.000000 3.459800 -0.000000 0.000000 1.000000 0.000000 0.000000 0.000000 0.000000 1.000000
1.000000 0.000000 0.000000 0.000000 0.000000 1.000000 0.000000 3.459800 -0.000000 0.000000 1.000000 0.000000 0.000000 0.000000 0.000000 1.000000</float_array>
        <technique_common>
          <accessor source="#mixamorig_LeftHandMiddle3-Matrix-animation-output-transform-array" count="22" stride="16">
            <param type="float4x4"/>
          </accessor>
        </technique_common>
      </source>
      <source id="mixamorig_LeftHandMiddle3-Interpolations">
        <Name_array id="mixamorig_LeftHandMiddle3-Interpolations-array" count="22">
 LINEAR LINEAR LINEAR LINEAR LINEAR LINEAR LINEAR LINEAR LINEAR LINEAR LINEAR
LINEAR LINEAR LINEAR LINEAR LINEAR LINEAR LINEAR LINEAR LINEAR LINEAR LINEAR</Name_array>
        <technique_common>
          <accessor source="#mixamorig_LeftHandMiddle3-Interpolations-array" count="22">
            <param type="name"/>
          </accessor>
        </technique_common>
      </source>
      <sampler id="mixamorig_LeftHandMiddle3-Matrix-animation-transform">
        <input semantic="INPUT" source="#mixamorig_LeftHandMiddle3-Matrix-animation-input"/>
        <input semantic="OUTPUT" source="#mixamorig_LeftHandMiddle3-Matrix-animation-output-transform"/>
        <input semantic="INTERPOLATION" source="#mixamorig_LeftHandMiddle3-Interpolations"/>
      </sampler>
      <channel source="#mixamorig_LeftHandMiddle3-Matrix-animation-transform" target="mixamorig_LeftHandMiddle3/matrix"/>
    </animation>
    <animation id="mixamorig_LeftHandRing1-anim" name="mixamorig_LeftHandRing1">
      <source id="mixamorig_LeftHandRing1-Matrix-animation-input">
        <float_array id="mixamorig_LeftHandRing1-Matrix-animation-input-array" count="22">

0.000000 0.033333 0.066667 0.100000 0.133333 0.166667 0.200000 0.233333 0.266667 0.300000 0.333333 0.366667 0.400000 0.433333 0.466667 0.500000
0.533333 0.566667 0.600000 0.633333 0.666667 0.700000</float_array>
        <technique_common>
          <accessor source="#mixamorig_LeftHandRing1-Matrix-animation-input-array" count="22">
            <param name="TIME" type="float"/>
          </accessor>
        </technique_common>
      </source>
      <source id="mixamorig_LeftHandRing1-Matrix-animation-output-transform">
        <float_array id="mixamorig_LeftHandRing1-Matrix-animation-output-transform-array" count="352">

0.994790 -0.057519 -0.084167 2.216600 -0.079711 0.075801 -0.993932 12.147000 0.063550 0.995463 0.070821 -0.010000 0.000000 0.000000 0.000000 1.000000
0.994889 -0.053476 -0.085650 2.216600 -0.079909 0.101560 -0.991615 12.147000 0.061726 0.993391 0.096768 -0.010000 0.000000 0.000000 0.000000 1.000000
0.995100 -0.043724 -0.088675 2.216600 -0.080484 0.162679 -0.983391 12.147000 0.057424 0.985710 0.158363 -0.010000 0.000000 0.000000 0.000000 1.000000
0.995296 -0.031866 -0.091485 2.216600 -0.081516 0.234780 -0.968624 12.147000 0.052345 0.971526 0.231078 -0.010000 0.000000 0.000000 0.000000 1.000000
0.995413 -0.021793 -0.093154 2.216600 -0.082666 0.294203 -0.952161 12.147000 0.048157 0.955495 0.291052 -0.010000 0.000000 0.000000 0.000000 1.000000
0.995449 -0.017540 -0.093667 2.216600 -0.083224 0.318795 -0.944163 12.147000 0.046422 0.947661 0.315884 -0.010000 0.000000 0.000000 0.000000 1.000000
0.995441 -0.018632 -0.093547 2.216600 -0.083077 0.312509 -0.946275 12.147000 0.046865 0.949732 0.309536 -0.010000 0.000000 0.000000 0.000000 1.000000
0.995415 -0.021621 -0.093178 2.216600 -0.082688 0.295201 -0.951850 12.147000 0.048086 0.955190 0.292060 -0.010000 0.000000 0.000000 0.000000 1.000000
0.995369 -0.026073 -0.092524 2.216600 -0.082147 0.269158 -0.959586 12.147000 0.049922 0.962743 0.265769 -0.010000 0.000000 0.000000 0.000000 1.000000
0.995301 -0.031548 -0.091547 2.216600 -0.081548 0.236683 -0.968159 12.147000 0.052211 0.971075 0.232998 -0.010000 0.000000 0.000000 0.000000 1.000000
0.995210 -0.037608 -0.090241 2.216600 -0.080972 0.200165 -0.976411 12.147000 0.054784 0.979040 0.196161 -0.010000 0.000000 0.000000 0.000000 1.000000
0.995099 -0.043820 -0.088650 2.216600 -0.080478 0.162093 -0.983488 12.147000 0.057465 0.985802 0.157772 -0.010000 0.000000 0.000000 0.000000 1.000000
0.994975 -0.049761 -0.086882 2.216600 -0.080099 0.125046 -0.988912 12.147000 0.060074 0.990902 0.120432 -0.010000 0.000000 0.000000 0.000000 1.000000
0.994851 -0.055031 -0.085106 2.216600 -0.079842 0.091656 -0.992585 12.147000 0.062423 0.994269 0.086790 -0.010000 0.000000 0.000000 0.000000 1.000000
0.994742 -0.059248 -0.083540 2.216600 -0.079693 0.064567 -0.994726 12.147000 0.064329 0.996153 0.059506 -0.010000 0.000000 0.000000 0.000000 1.000000
0.994666 -0.062059 -0.082386 2.216600 -0.079580 0.046409 -0.995748 12.147000 0.065618 0.996993 0.041223 -0.010000 0.000000 0.000000 0.000000 1.000000
0.994637 -0.063090 -0.081954 2.216600 -0.079546 0.039786 -0.996037 12.147000 0.066101 0.997214 0.034554 -0.010000 0.000000 0.000000 0.000000 1.000000
0.994654 -0.062501 -0.082204 2.216600 -0.079570 0.043533 -0.995878 12.147000 0.065822 0.997095 0.038327 -0.010000 0.000000 0.000000 0.000000 1.000000
0.994690 -0.061115 -0.082804 2.216600 -0.079643 0.052468 -0.995442 12.147000 0.065181 0.996751 0.047322 -0.010000 0.000000 0.000000 0.000000 1.000000
0.994732 -0.059450 -0.083506 2.216600 -0.079740 0.063127 -0.994815 12.147000 0.064413 0.996233 0.058053 -0.010000 0.000000 0.000000 0.000000 1.000000
0.994767 -0.058050 -0.084080 2.216600 -0.079828 0.072051 -0.994201 12.147000 0.063772 0.995710 0.067040 -0.010000 0.000000 0.000000 0.000000 1.000000
0.994785 -0.057412 -0.084299 2.216600 -0.079852 0.075784 -0.993922 12.147000 0.063452 0.995470 0.070805 -0.010000 0.000000 0.000000 0.000000 1.000000</float_array>
        <technique_common>
          <accessor source="#mixamorig_LeftHandRing1-Matrix-animation-output-transform-array" count="22" stride="16">
            <param type="float4x4"/>
          </accessor>
        </technique_common>
      </source>
      <source id="mixamorig_LeftHandRing1-Interpolations">
        <Name_array id="mixamorig_LeftHandRing1-Interpolations-array" count="22">
 LINEAR LINEAR LINEAR LINEAR LINEAR LINEAR LINEAR LINEAR LINEAR LINEAR LINEAR
LINEAR LINEAR LINEAR LINEAR LINEAR LINEAR LINEAR LINEAR LINEAR LINEAR LINEAR</Name_array>
        <technique_common>
          <accessor source="#mixamorig_LeftHandRing1-Interpolations-array" count="22">
            <param type="name"/>
          </accessor>
        </technique_common>
      </source>
      <sampler id="mixamorig_LeftHandRing1-Matrix-animation-transform">
        <input semantic="INPUT" source="#mixamorig_LeftHandRing1-Matrix-animation-input"/>
        <input semantic="OUTPUT" source="#mixamorig_LeftHandRing1-Matrix-animation-output-transform"/>
        <input semantic="INTERPOLATION" source="#mixamorig_LeftHandRing1-Interpolations"/>
      </sampler>
      <channel source="#mixamorig_LeftHandRing1-Matrix-animation-transform" target="mixamorig_LeftHandRing1/matrix"/>
    </animation>
    <animation id="mixamorig_LeftHandRing2-anim" name="mixamorig_LeftHandRing2">
      <source id="mixamorig_LeftHandRing2-Matrix-animation-input">
        <float_array id="mixamorig_LeftHandRing2-Matrix-animation-input-array" count="22">

0.000000 0.033333 0.066667 0.100000 0.133333 0.166667 0.200000 0.233333 0.266667 0.300000 0.333333 0.366667 0.400000 0.433333 0.466667 0.500000
0.533333 0.566667 0.600000 0.633333 0.666667 0.700000</float_array>
        <technique_common>
          <accessor source="#mixamorig_LeftHandRing2-Matrix-animation-input-array" count="22">
            <param name="TIME" type="float"/>
          </accessor>
        </technique_common>
      </source>
      <source id="mixamorig_LeftHandRing2-Matrix-animation-output-transform">
        <float_array id="mixamorig_LeftHandRing2-Matrix-animation-output-transform-array" count="352">

0.995751 -0.062740 0.067404 0.000000 0.075028 0.128381 -0.988883 3.601200 0.053389 0.989738 0.132543 0.000000 0.000000 0.000000 0.000000 1.000000
0.995851 -0.062896 0.065764 0.000000 0.074803 0.154274 -0.985192 3.601200 0.051819 0.986024 0.158338 0.000000 0.000000 0.000000 0.000000 1.000000
0.996090 -0.063092 0.061839 0.000000 0.074101 0.215557 -0.973676 3.601200 0.048101 0.974451 0.219390 0.000000 0.000000 0.000000 0.000000 1.000000
0.996376 -0.063003 0.057151 -0.000000 0.072961 0.287583 -0.954973 3.601200 0.043730 0.955681 0.291138 0.000000 0.000000 0.000000 0.000000 1.000000
0.996614 -0.062660 0.053238 0.000000 0.071758 0.346719 -0.935220 3.601200 0.040143 0.935874 0.350041 -0.000000 0.000000 0.000000 0.000000 1.000000
0.996713 -0.062444 0.051604 0.000000 0.071186 0.371130 -0.925848 3.601200 0.038662 0.926479 0.374355 0.000000 0.000000 0.000000 0.000000 1.000000
0.996688 -0.062504 0.052022 0.000000 0.071336 0.364894 -0.928312 3.601200 0.039040 0.928949 0.368144 0.000000 0.000000 0.000000 0.000000 1.000000
0.996618 -0.062652 0.053170 0.000000 0.071734 0.347710 -0.934854 3.601200 0.040083 0.935507 0.351028 0.000000 0.000000 0.000000 0.000000 1.000000
0.996513 -0.062835 0.054891 0.000000 0.072293 0.321819 -0.944037 3.601200 0.041654 0.944714 0.325239 0.000000 0.000000 0.000000 0.000000 1.000000
0.996383 -0.062995 0.057024 0.000000 0.072923 0.289478 -0.954403 3.601200 0.043615 0.955109 0.293025 0.000000 0.000000 0.000000 0.000000 1.000000
0.996238 -0.063088 0.059406 -0.000000 0.073547 0.253037 -0.964657 3.601200 0.045827 0.965397 0.256725 -0.000000 0.000000 0.000000 0.000000 1.000000
0.996088 -0.063090 0.061873 -0.000000 0.074104 0.214965 -0.973806 3.601200 0.048137 0.974582 0.218799 0.000000 0.000000 0.000000 0.000000 1.000000
0.995943 -0.062999 0.064255 0.000000 0.074555 0.177841 -0.981231 3.601200 0.050389 0.982041 0.181817 0.000000 0.000000 0.000000 0.000000 1.000000
0.995813 -0.062840 0.066388 -0.000000 0.074887 0.144317 -0.986694 3.601200 0.052423 0.987534 0.148419 0.000000 0.000000 0.000000 0.000000 1.000000
0.995708 -0.062659 0.068109 -0.000000 0.075105 0.117075 -0.990279 3.601200 0.054076 0.991144 0.121279 0.000000 0.000000 0.000000 0.000000 1.000000
0.995638 -0.062511 0.069257 -0.000000 0.075225 0.098791 -0.992261 3.601200 0.055185 0.993143 0.103062 0.000000 0.000000 0.000000 0.000000 1.000000
0.995610 -0.062477 0.069693 0.000000 0.075284 0.092116 -0.992898 3.601200 0.055613 0.993786 0.096415 0.000000 0.000000 0.000000 0.000000 1.000000
0.995626 -0.062490 0.069454 0.000000 0.075258 0.095894 -0.992543 3.601200 0.055364 0.993428 0.100177 -0.000000 0.000000 0.000000 0.000000 1.000000
0.995661 -0.062563 0.068878 -0.000000 0.075191 0.104898 -0.991636 3.601200 0.054815 0.992513 0.109147 -0.000000 0.000000 0.000000 0.000000 1.000000
0.995703 -0.062648 0.068203 0.000000 0.075119 0.115633 -0.990447 3.601200 0.054163 0.991314 0.119842 -0.000000 0.000000 0.000000 0.000000 1.000000
0.995740 -0.062701 0.067608 0.000000 0.075022 0.124617 -0.989365 3.601200 0.053609 0.990222 0.128790 -0.000000 0.000000 0.000000 0.000000 1.000000
0.995758 -0.062693 0.067348 0.000000 0.074966 0.128382 -0.988887 3.601200 0.053350 0.989741 0.132537 0.000000 0.000000 0.000000 0.000000 1.000000</float_array>
        <technique_common>
          <accessor source="#mixamorig_LeftHandRing2-Matrix-animation-output-transform-array" count="22" stride="16">
            <param type="float4x4"/>
          </accessor>
        </technique_common>
      </source>
      <source id="mixamorig_LeftHandRing2-Interpolations">
        <Name_array id="mixamorig_LeftHandRing2-Interpolations-array" count="22">
 LINEAR LINEAR LINEAR LINEAR LINEAR LINEAR LINEAR LINEAR LINEAR LINEAR LINEAR
LINEAR LINEAR LINEAR LINEAR LINEAR LINEAR LINEAR LINEAR LINEAR LINEAR LINEAR</Name_array>
        <technique_common>
          <accessor source="#mixamorig_LeftHandRing2-Interpolations-array" count="22">
            <param type="name"/>
          </accessor>
        </technique_common>
      </source>
      <sampler id="mixamorig_LeftHandRing2-Matrix-animation-transform">
        <input semantic="INPUT" source="#mixamorig_LeftHandRing2-Matrix-animation-input"/>
        <input semantic="OUTPUT" source="#mixamorig_LeftHandRing2-Matrix-animation-output-transform"/>
        <input semantic="INTERPOLATION" source="#mixamorig_LeftHandRing2-Interpolations"/>
      </sampler>
      <channel source="#mixamorig_LeftHandRing2-Matrix-animation-transform" target="mixamorig_LeftHandRing2/matrix"/>
    </animation>
    <animation id="mixamorig_LeftHandRing3-anim" name="mixamorig_LeftHandRing3">
      <source id="mixamorig_LeftHandRing3-Matrix-animation-input">
        <float_array id="mixamorig_LeftHandRing3-Matrix-animation-input-array" count="22">

0.000000 0.033333 0.066667 0.100000 0.133333 0.166667 0.200000 0.233333 0.266667 0.300000 0.333333 0.366667 0.400000 0.433333 0.466667 0.500000
0.533333 0.566667 0.600000 0.633333 0.666667 0.700000</float_array>
        <technique_common>
          <accessor source="#mixamorig_LeftHandRing3-Matrix-animation-input-array" count="22">
            <param name="TIME" type="float"/>
          </accessor>
        </technique_common>
      </source>
      <source id="mixamorig_LeftHandRing3-Matrix-animation-output-transform">
        <float_array id="mixamorig_LeftHandRing3-Matrix-animation-output-transform-array" count="352">

1.000000 -0.000000 0.000000 -0.000000 0.000000 1.000000 -0.000000 3.307300 -0.000000 0.000000 1.000000 0.000000 0.000000 0.000000 0.000000 1.000000
1.000000 0.000000 -0.000000 0.000000 -0.000000 1.000000 -0.000000 3.307300 0.000000 0.000000 1.000000 0.000000 0.000000 0.000000 0.000000 1.000000
1.000000 -0.000000 -0.000000 0.000000 -0.000000 1.000000 0.000000 3.307300 -0.000000 -0.000000 1.000000 0.000000 0.000000 0.000000 0.000000 1.000000
1.000000 0.000000 -0.000000 -0.000000 -0.000000 1.000000 0.000000 3.307300 0.000000 -0.000000 1.000000 0.000000 0.000000 0.000000 0.000000 1.000000
1.000000 0.000000 -0.000000 -0.000000 -0.000000 1.000000 -0.000000 3.307300 0.000000 0.000000 1.000000 0.000000 0.000000 0.000000 0.000000 1.000000
1.000000 0.000000 -0.000000 0.000000 0.000000 1.000000 0.000000 3.307300 0.000000 0.000000 1.000000 0.000000 0.000000 0.000000 0.000000 1.000000
1.000000 0.000000 0.000000 0.000000 0.000000 1.000000 -0.000000 3.307300 -0.000000 -0.000000 1.000000 -0.000000 0.000000 0.000000 0.000000 1.000000
1.000000 -0.000000 0.000000 0.000000 -0.000000 1.000000 0.000000 3.307300 -0.000000 -0.000000 1.000000 0.000000 0.000000 0.000000 0.000000 1.000000
1.000000 -0.000000 -0.000000 0.000000 0.000000 1.000000 0.000000 3.307300 0.000000 -0.000000 1.000000 0.000000 0.000000 0.000000 0.000000 1.000000
1.000000 0.000000 0.000000 0.000000 -0.000000 1.000000 -0.000000 3.307300 -0.000000 0.000000 1.000000 -0.000000 0.000000 0.000000 0.000000 1.000000
1.000000 0.000000 0.000000 -0.000000 -0.000000 1.000000 -0.000000 3.307300 -0.000000 0.000000 1.000000 -0.000000 0.000000 0.000000 0.000000 1.000000
1.000000 -0.000000 -0.000000 0.000000 0.000000 1.000000 0.000000 3.307300 0.000000 -0.000000 1.000000 0.000000 0.000000 0.000000 0.000000 1.000000
1.000000 0.000000 -0.000000 0.000000 0.000000 1.000000 -0.000000 3.307300 0.000000 0.000000 1.000000 0.000000 0.000000 0.000000 0.000000 1.000000
1.000000 0.000000 0.000000 0.000000 0.000000 1.000000 0.000000 3.307300 -0.000000 0.000000 1.000000 0.000000 0.000000 0.000000 0.000000 1.000000
1.000000 0.000000 0.000000 0.000000 -0.000000 1.000000 0.000000 3.307300 -0.000000 -0.000000 1.000000 0.000000 0.000000 0.000000 0.000000 1.000000
1.000000 0.000000 0.000000 0.000000 -0.000000 1.000000 0.000000 3.307300 -0.000000 -0.000000 1.000000 0.000000 0.000000 0.000000 0.000000 1.000000
1.000000 0.000000 0.000000 0.000000 -0.000000 1.000000 -0.000000 3.307300 -0.000000 0.000000 1.000000 0.000000 0.000000 0.000000 0.000000 1.000000
1.000000 0.000000 -0.000000 -0.000000 0.000000 1.000000 -0.000000 3.307300 0.000000 0.000000 1.000000 0.000000 0.000000 0.000000 0.000000 1.000000
1.000000 -0.000000 -0.000000 0.000000 0.000000 1.000000 -0.000000 3.307300 -0.000000 -0.000000 1.000000 0.000000 0.000000 0.000000 0.000000 1.000000
1.000000 0.000000 0.000000 -0.000000 -0.000000 1.000000 0.000000 3.307300 -0.000000 -0.000000 1.000000 0.000000 0.000000 0.000000 0.000000 1.000000
1.000000 0.000000 0.000000 0.000000 -0.000000 1.000000 0.000000 3.307300 -0.000000 -0.000000 1.000000 0.000000 0.000000 0.000000 0.000000 1.000000
1.000000 0.000000 -0.000000 0.000000 -0.000000 1.000000 0.000000 3.307300 -0.000000 0.000000 1.000000 -0.000000 0.000000 0.000000 0.000000 1.000000</float_array>
        <technique_common>
          <accessor source="#mixamorig_LeftHandRing3-Matrix-animation-output-transform-array" count="22" stride="16">
            <param type="float4x4"/>
          </accessor>
        </technique_common>
      </source>
      <source id="mixamorig_LeftHandRing3-Interpolations">
        <Name_array id="mixamorig_LeftHandRing3-Interpolations-array" count="22">
 LINEAR LINEAR LINEAR LINEAR LINEAR LINEAR LINEAR LINEAR LINEAR LINEAR LINEAR
LINEAR LINEAR LINEAR LINEAR LINEAR LINEAR LINEAR LINEAR LINEAR LINEAR LINEAR</Name_array>
        <technique_common>
          <accessor source="#mixamorig_LeftHandRing3-Interpolations-array" count="22">
            <param type="name"/>
          </accessor>
        </technique_common>
      </source>
      <sampler id="mixamorig_LeftHandRing3-Matrix-animation-transform">
        <input semantic="INPUT" source="#mixamorig_LeftHandRing3-Matrix-animation-input"/>
        <input semantic="OUTPUT" source="#mixamorig_LeftHandRing3-Matrix-animation-output-transform"/>
        <input semantic="INTERPOLATION" source="#mixamorig_LeftHandRing3-Interpolations"/>
      </sampler>
      <channel source="#mixamorig_LeftHandRing3-Matrix-animation-transform" target="mixamorig_LeftHandRing3/matrix"/>
    </animation>
    <animation id="mixamorig_LeftHandPinky1-anim" name="mixamorig_LeftHandPinky1">
      <source id="mixamorig_LeftHandPinky1-Matrix-animation-input">
        <float_array id="mixamorig_LeftHandPinky1-Matrix-animation-input-array" count="22">

0.000000 0.033333 0.066667 0.100000 0.133333 0.166667 0.200000 0.233333 0.266667 0.300000 0.333333 0.366667 0.400000 0.433333 0.466667 0.500000
0.533333 0.566667 0.600000 0.633333 0.666667 0.700000</float_array>
        <technique_common>
          <accessor source="#mixamorig_LeftHandPinky1-Matrix-animation-input-array" count="22">
            <param name="TIME" type="float"/>
          </accessor>
        </technique_common>
      </source>
      <source id="mixamorig_LeftHandPinky1-Matrix-animation-output-transform">
        <float_array id="mixamorig_LeftHandPinky1-Matrix-animation-output-transform-array" count="352">

0.980233 -0.061379 -0.188084 4.725800 -0.189740 -0.022321 -0.981581 10.908200 0.056050 0.997865 -0.033526 0.226100 0.000000 0.000000 0.000000 1.000000
0.980315 -0.055073 -0.189604 4.725800 -0.189726 0.003057 -0.981832 10.908200 0.054652 0.998478 -0.007452 0.226100 0.000000 0.000000 0.000000 1.000000
0.980473 -0.039894 -0.192563 4.725800 -0.189837 0.063534 -0.979758 10.908200 0.051321 0.997182 0.054720 0.226100 0.000000 0.000000 0.000000 1.000000
0.980596 -0.021578 -0.194850 4.725800 -0.190234 0.135375 -0.972360 10.908200 0.047359 0.990559 0.128643 0.226100 0.000000 0.000000 0.000000 1.000000
0.980642 -0.006136 -0.195712 4.725800 -0.190785 0.195002 -0.962068 10.908200 0.044068 0.980784 0.190057 0.226100 0.000000 0.000000 0.000000 1.000000
0.980646 0.000350 -0.195788 4.725800 -0.191075 0.219795 -0.956651 10.908200 0.042699 0.975546 0.215608 0.226100 0.000000 0.000000 0.000000 1.000000
0.980646 -0.001314 -0.195785 4.725800 -0.190998 0.213452 -0.958101 10.908200 0.043049 0.976953 0.209070 0.226100 0.000000 0.000000 0.000000 1.000000
0.980642 -0.005874 -0.195719 4.725800 -0.190797 0.196008 -0.961861 10.908200 0.044013 0.980585 0.191093 0.226100 0.000000 0.000000 0.000000 1.000000
0.980629 -0.012684 -0.195464 4.725800 -0.190527 0.169823 -0.966881 10.908200 0.045458 0.985393 0.164117 0.226100 0.000000 0.000000 0.000000 1.000000
0.980598 -0.021089 -0.194891 4.725800 -0.190248 0.137278 -0.972091 10.908200 0.047254 0.990308 0.130602 0.226100 0.000000 0.000000 0.000000 1.000000
0.980546 -0.030428 -0.193918 4.725800 -0.190007 0.100816 -0.976593 10.908200 0.049265 0.994440 0.093073 0.226100 0.000000 0.000000 0.000000 1.000000
0.980472 -0.040041 -0.192540 4.725800 -0.189836 0.062952 -0.979796 10.908200 0.051353 0.997213 0.054121 0.226100 0.000000 0.000000 0.000000 1.000000
0.980381 -0.049278 -0.190851 4.725800 -0.189746 0.026251 -0.981482 10.908200 0.053375 0.998440 0.016386 0.226100 0.000000 0.000000 0.000000 1.000000
0.980284 -0.057504 -0.189039 4.725800 -0.189728 -0.006708 -0.981814 10.908200 0.055190 0.998323 -0.017486 0.226100 0.000000 0.000000 0.000000 1.000000
0.980195 -0.064111 -0.187371 4.725800 -0.189758 -0.033366 -0.981264 10.908200 0.056658 0.997385 -0.044870 0.226100 0.000000 0.000000 0.000000 1.000000
0.980130 -0.068506 -0.186153 4.725800 -0.189799 -0.051195 -0.980487 10.908200 0.057639 0.996336 -0.063180 0.226100 0.000000 0.000000 0.000000 1.000000
0.980109 -0.070106 -0.185665 4.725800 -0.189795 -0.057691 -0.980127 10.908200 0.058002 0.995870 -0.069849 0.226100 0.000000 0.000000 0.000000 1.000000
0.980121 -0.069202 -0.185940 4.725800 -0.189795 -0.054016 -0.980337 10.908200 0.057798 0.996139 -0.066076 0.226100 0.000000 0.000000 0.000000 1.000000
0.980152 -0.067042 -0.186568 4.725800 -0.189783 -0.045248 -0.980783 10.908200 0.057312 0.996724 -0.057073 0.226100 0.000000 0.000000 0.000000 1.000000
0.980190 -0.064459 -0.187279 4.725800 -0.189761 -0.034778 -0.981214 10.908200 0.056735 0.997314 -0.046321 0.226100 0.000000 0.000000 0.000000 1.000000
0.980213 -0.062284 -0.187889 4.725800 -0.189784 -0.026004 -0.981481 10.908200 0.056244 0.997720 -0.037310 0.226100 0.000000 0.000000 0.000000 1.000000
0.980219 -0.061366 -0.188161 4.725800 -0.189817 -0.022325 -0.981566 10.908200 0.056034 0.997866 -0.033532 0.226100 0.000000 0.000000 0.000000 1.000000</float_array>
        <technique_common>
          <accessor source="#mixamorig_LeftHandPinky1-Matrix-animation-output-transform-array" count="22" stride="16">
            <param type="float4x4"/>
          </accessor>
        </technique_common>
      </source>
      <source id="mixamorig_LeftHandPinky1-Interpolations">
        <Name_array id="mixamorig_LeftHandPinky1-Interpolations-array" count="22">
 LINEAR LINEAR LINEAR LINEAR LINEAR LINEAR LINEAR LINEAR LINEAR LINEAR LINEAR
LINEAR LINEAR LINEAR LINEAR LINEAR LINEAR LINEAR LINEAR LINEAR LINEAR LINEAR</Name_array>
        <technique_common>
          <accessor source="#mixamorig_LeftHandPinky1-Interpolations-array" count="22">
            <param type="name"/>
          </accessor>
        </technique_common>
      </source>
      <sampler id="mixamorig_LeftHandPinky1-Matrix-animation-transform">
        <input semantic="INPUT" source="#mixamorig_LeftHandPinky1-Matrix-animation-input"/>
        <input semantic="OUTPUT" source="#mixamorig_LeftHandPinky1-Matrix-animation-output-transform"/>
        <input semantic="INTERPOLATION" source="#mixamorig_LeftHandPinky1-Interpolations"/>
      </sampler>
      <channel source="#mixamorig_LeftHandPinky1-Matrix-animation-transform" target="mixamorig_LeftHandPinky1/matrix"/>
    </animation>
    <animation id="mixamorig_LeftHandPinky2-anim" name="mixamorig_LeftHandPinky2">
      <source id="mixamorig_LeftHandPinky2-Matrix-animation-input">
        <float_array id="mixamorig_LeftHandPinky2-Matrix-animation-input-array" count="22">

0.000000 0.033333 0.066667 0.100000 0.133333 0.166667 0.200000 0.233333 0.266667 0.300000 0.333333 0.366667 0.400000 0.433333 0.466667 0.500000
0.533333 0.566667 0.600000 0.633333 0.666667 0.700000</float_array>
        <technique_common>
          <accessor source="#mixamorig_LeftHandPinky2-Matrix-animation-input-array" count="22">
            <param name="TIME" type="float"/>
          </accessor>
        </technique_common>
      </source>
      <source id="mixamorig_LeftHandPinky2-Matrix-animation-output-transform">
        <float_array id="mixamorig_LeftHandPinky2-Matrix-animation-output-transform-array" count="352">

0.993692 -0.025500 0.109208 0.000000 0.108234 -0.036878 -0.993441 4.136700 0.029360 0.998994 -0.033885 -0.000000 0.000000 0.000000 0.000000 1.000000
0.993707 -0.027792 0.108510 0.000000 0.108247 -0.010827 -0.994065 4.136700 0.028802 0.999555 -0.007750 0.000000 0.000000 0.000000 0.000000 1.000000
0.993747 -0.033177 0.106608 0.000000 0.108219 0.051291 -0.992803 4.136700 0.027470 0.998133 0.054561 0.000000 0.000000 0.000000 0.000000 1.000000
0.993805 -0.039431 0.103905 0.000000 0.108079 0.125149 -0.986234 4.136700 0.025885 0.991354 0.128636 -0.000000 0.000000 0.000000 0.000000 1.000000
0.993861 -0.044505 0.101287 0.000000 0.107871 0.186512 -0.976513 4.136700 0.024569 0.981444 0.190168 0.000000 0.000000 0.000000 0.000000 1.000000
0.993887 -0.046583 0.100096 0.000000 0.107760 0.212044 -0.971301 4.136700 0.024021 0.976149 0.215767 0.000000 0.000000 0.000000 0.000000 1.000000
0.993880 -0.046053 0.100406 -0.000000 0.107789 0.205510 -0.972701 4.136700 0.024162 0.977571 0.209217 -0.000000 0.000000 0.000000 0.000000 1.000000
0.993862 -0.044590 0.101239 -0.000000 0.107866 0.187547 -0.976315 4.136700 0.024547 0.981243 0.191206 -0.000000 0.000000 0.000000 0.000000 1.000000
0.993837 -0.042376 0.102433 -0.000000 0.107967 0.160592 -0.981098 4.136700 0.025125 0.986111 0.164177 0.000000 0.000000 0.000000 0.000000 1.000000
0.993807 -0.039594 0.103823 0.000000 0.108070 0.127104 -0.985984 4.136700 0.025843 0.991099 0.130596 -0.000000 0.000000 0.000000 0.000000 1.000000
0.993777 -0.036441 0.105262 0.000000 0.108157 0.089605 -0.990087 4.136700 0.026648 0.995310 0.092989 0.000000 0.000000 0.000000 0.000000 1.000000
0.993748 -0.033124 0.106623 0.000000 0.108214 0.050686 -0.992835 4.136700 0.027482 0.998165 0.053954 -0.000000 0.000000 0.000000 0.000000 1.000000
0.993722 -0.029869 0.107814 -0.000000 0.108239 0.012983 -0.994040 4.136700 0.028291 0.999470 0.016134 -0.000000 0.000000 0.000000 0.000000 1.000000
0.993702 -0.026912 0.108778 0.000000 0.108235 -0.020860 -0.993906 4.136700 0.029017 0.999420 -0.017816 0.000000 0.000000 0.000000 0.000000 1.000000
0.993687 -0.024497 0.109483 0.000000 0.108214 -0.048220 -0.992957 4.136700 0.029604 0.998536 -0.045264 0.000000 0.000000 0.000000 0.000000 1.000000
0.993678 -0.022870 0.109917 0.000000 0.108190 -0.066514 -0.991903 4.136700 0.029996 0.997523 -0.063619 0.000000 0.000000 0.000000 0.000000 1.000000
0.993674 -0.022275 0.110070 -0.000000 0.108181 -0.073179 -0.991434 4.136700 0.030139 0.997070 -0.070307 0.000000 0.000000 0.000000 0.000000 1.000000
0.993676 -0.022612 0.109986 0.000000 0.108188 -0.069407 -0.991705 4.136700 0.030058 0.997332 -0.066522 -0.000000 0.000000 0.000000 0.000000 1.000000
0.993680 -0.023414 0.109779 0.000000 0.108203 -0.060410 -0.992292 4.136700 0.029865 0.997899 -0.057494 0.000000 0.000000 0.000000 0.000000 1.000000
0.993685 -0.024368 0.109524 0.000000 0.108218 -0.049664 -0.992886 4.136700 0.029634 0.998469 -0.046713 0.000000 0.000000 0.000000 0.000000 1.000000
0.993690 -0.025166 0.109303 0.000000 0.108230 -0.040657 -0.993294 4.136700 0.029441 0.998856 -0.037676 0.000000 0.000000 0.000000 0.000000 1.000000
0.993696 -0.025487 0.109176 0.000000 0.108202 -0.036878 -0.993445 4.136700 0.029346 0.998995 -0.033888 0.000000 0.000000 0.000000 0.000000 1.000000</float_array>
        <technique_common>
          <accessor source="#mixamorig_LeftHandPinky2-Matrix-animation-output-transform-array" count="22" stride="16">
            <param type="float4x4"/>
          </accessor>
        </technique_common>
      </source>
      <source id="mixamorig_LeftHandPinky2-Interpolations">
        <Name_array id="mixamorig_LeftHandPinky2-Interpolations-array" count="22">
 LINEAR LINEAR LINEAR LINEAR LINEAR LINEAR LINEAR LINEAR LINEAR LINEAR LINEAR
LINEAR LINEAR LINEAR LINEAR LINEAR LINEAR LINEAR LINEAR LINEAR LINEAR LINEAR</Name_array>
        <technique_common>
          <accessor source="#mixamorig_LeftHandPinky2-Interpolations-array" count="22">
            <param type="name"/>
          </accessor>
        </technique_common>
      </source>
      <sampler id="mixamorig_LeftHandPinky2-Matrix-animation-transform">
        <input semantic="INPUT" source="#mixamorig_LeftHandPinky2-Matrix-animation-input"/>
        <input semantic="OUTPUT" source="#mixamorig_LeftHandPinky2-Matrix-animation-output-transform"/>
        <input semantic="INTERPOLATION" source="#mixamorig_LeftHandPinky2-Interpolations"/>
      </sampler>
      <channel source="#mixamorig_LeftHandPinky2-Matrix-animation-transform" target="mixamorig_LeftHandPinky2/matrix"/>
    </animation>
    <animation id="mixamorig_LeftHandPinky3-anim" name="mixamorig_LeftHandPinky3">
      <source id="mixamorig_LeftHandPinky3-Matrix-animation-input">
        <float_array id="mixamorig_LeftHandPinky3-Matrix-animation-input-array" count="22">

0.000000 0.033333 0.066667 0.100000 0.133333 0.166667 0.200000 0.233333 0.266667 0.300000 0.333333 0.366667 0.400000 0.433333 0.466667 0.500000
0.533333 0.566667 0.600000 0.633333 0.666667 0.700000</float_array>
        <technique_common>
          <accessor source="#mixamorig_LeftHandPinky3-Matrix-animation-input-array" count="22">
            <param name="TIME" type="float"/>
          </accessor>
        </technique_common>
      </source>
      <source id="mixamorig_LeftHandPinky3-Matrix-animation-output-transform">
        <float_array id="mixamorig_LeftHandPinky3-Matrix-animation-output-transform-array" count="352">

1.000000 0.000000 -0.000000 0.000000 -0.000000 1.000000 0.000000 2.594800 0.000000 -0.000000 1.000000 0.000000 0.000000 0.000000 0.000000 1.000000
1.000000 0.000000 0.000000 -0.000000 -0.000000 1.000000 0.000000 2.594800 -0.000000 -0.000000 1.000000 0.000000 0.000000 0.000000 0.000000 1.000000
1.000000 0.000000 -0.000000 0.000000 -0.000000 1.000000 0.000000 2.594800 0.000000 -0.000000 1.000000 0.000000 0.000000 0.000000 0.000000 1.000000
1.000000 0.000000 -0.000000 0.000000 -0.000000 1.000000 0.000000 2.594800 0.000000 -0.000000 1.000000 0.000000 0.000000 0.000000 0.000000 1.000000
1.000000 0.000000 -0.000000 -0.000000 -0.000000 1.000000 0.000000 2.594800 0.000000 -0.000000 1.000000 -0.000000 0.000000 0.000000 0.000000 1.000000
1.000000 0.000000 -0.000000 0.000000 -0.000000 1.000000 0.000000 2.594800 0.000000 -0.000000 1.000000 0.000000 0.000000 0.000000 0.000000 1.000000
1.000000 -0.000000 -0.000000 0.000000 0.000000 1.000000 -0.000000 2.594800 0.000000 0.000000 1.000000 0.000000 0.000000 0.000000 0.000000 1.000000
1.000000 -0.000000 0.000000 0.000000 0.000000 1.000000 0.000000 2.594800 -0.000000 -0.000000 1.000000 0.000000 0.000000 0.000000 0.000000 1.000000
1.000000 0.000000 -0.000000 0.000000 -0.000000 1.000000 0.000000 2.594800 0.000000 -0.000000 1.000000 0.000000 0.000000 0.000000 0.000000 1.000000
1.000000 0.000000 -0.000000 0.000000 -0.000000 1.000000 0.000000 2.594800 0.000000 -0.000000 1.000000 0.000000 0.000000 0.000000 0.000000 1.000000
1.000000 0.000000 -0.000000 0.000000 -0.000000 1.000000 0.000000 2.594800 0.000000 -0.000000 1.000000 -0.000000 0.000000 0.000000 0.000000 1.000000
1.000000 0.000000 -0.000000 0.000000 -0.000000 1.000000 0.000000 2.594800 0.000000 -0.000000 1.000000 0.000000 0.000000 0.000000 0.000000 1.000000
1.000000 0.000000 -0.000000 0.000000 -0.000000 1.000000 0.000000 2.594800 0.000000 -0.000000 1.000000 -0.000000 0.000000 0.000000 0.000000 1.000000
1.000000 0.000000 -0.000000 -0.000000 -0.000000 1.000000 0.000000 2.594800 0.000000 -0.000000 1.000000 0.000000 0.000000 0.000000 0.000000 1.000000
1.000000 0.000000 -0.000000 0.000000 -0.000000 1.000000 0.000000 2.594800 0.000000 -0.000000 1.000000 0.000000 0.000000 0.000000 0.000000 1.000000
1.000000 0.000000 -0.000000 -0.000000 -0.000000 1.000000 0.000000 2.594800 0.000000 -0.000000 1.000000 0.000000 0.000000 0.000000 0.000000 1.000000
1.000000 -0.000000 -0.000000 -0.000000 0.000000 1.000000 0.000000 2.594800 0.000000 -0.000000 1.000000 0.000000 0.000000 0.000000 0.000000 1.000000
1.000000 0.000000 -0.000000 0.000000 -0.000000 1.000000 0.000000 2.594800 0.000000 -0.000000 1.000000 0.000000 0.000000 0.000000 0.000000 1.000000
1.000000 0.000000 -0.000000 0.000000 -0.000000 1.000000 0.000000 2.594800 0.000000 -0.000000 1.000000 0.000000 0.000000 0.000000 0.000000 1.000000
1.000000 0.000000 -0.000000 0.000000 -0.000000 1.000000 0.000000 2.594800 0.000000 -0.000000 1.000000 0.000000 0.000000 0.000000 0.000000 1.000000
1.000000 0.000000 -0.000000 0.000000 -0.000000 1.000000 0.000000 2.594800 0.000000 -0.000000 1.000000 0.000000 0.000000 0.000000 0.000000 1.000000
1.000000 0.000000 0.000000 0.000000 -0.000000 1.000000 0.000000 2.594800 0.000000 -0.000000 1.000000 -0.000000 0.000000 0.000000 0.000000 1.000000</float_array>
        <technique_common>
          <accessor source="#mixamorig_LeftHandPinky3-Matrix-animation-output-transform-array" count="22" stride="16">
            <param type="float4x4"/>
          </accessor>
        </technique_common>
      </source>
      <source id="mixamorig_LeftHandPinky3-Interpolations">
        <Name_array id="mixamorig_LeftHandPinky3-Interpolations-array" count="22">
 LINEAR LINEAR LINEAR LINEAR LINEAR LINEAR LINEAR LINEAR LINEAR LINEAR LINEAR
LINEAR LINEAR LINEAR LINEAR LINEAR LINEAR LINEAR LINEAR LINEAR LINEAR LINEAR</Name_array>
        <technique_common>
          <accessor source="#mixamorig_LeftHandPinky3-Interpolations-array" count="22">
            <param type="name"/>
          </accessor>
        </technique_common>
      </source>
      <sampler id="mixamorig_LeftHandPinky3-Matrix-animation-transform">
        <input semantic="INPUT" source="#mixamorig_LeftHandPinky3-Matrix-animation-input"/>
        <input semantic="OUTPUT" source="#mixamorig_LeftHandPinky3-Matrix-animation-output-transform"/>
        <input semantic="INTERPOLATION" source="#mixamorig_LeftHandPinky3-Interpolations"/>
      </sampler>
      <channel source="#mixamorig_LeftHandPinky3-Matrix-animation-transform" target="mixamorig_LeftHandPinky3/matrix"/>
    </animation>
    <animation id="mixamorig_RightShoulder-anim" name="mixamorig_RightShoulder">
      <source id="mixamorig_RightShoulder-Matrix-animation-input">
        <float_array id="mixamorig_RightShoulder-Matrix-animation-input-array" count="22">

0.000000 0.033333 0.066667 0.100000 0.133333 0.166667 0.200000 0.233333 0.266667 0.300000 0.333333 0.366667 0.400000 0.433333 0.466667 0.500000
0.533333 0.566667 0.600000 0.633333 0.666667 0.700000</float_array>
        <technique_common>
          <accessor source="#mixamorig_RightShoulder-Matrix-animation-input-array" count="22">
            <param name="TIME" type="float"/>
          </accessor>
        </technique_common>
      </source>
      <source id="mixamorig_RightShoulder-Matrix-animation-output-transform">
        <float_array id="mixamorig_RightShoulder-Matrix-animation-output-transform-array" count="352">

-0.093344 -0.978279 0.185089 -6.105700 -0.056573 -0.180389 -0.981967 9.106400 0.994025 -0.102132 -0.038506 0.757100 0.000000 0.000000 0.000000 1.000000
-0.066907 -0.984193 0.163974 -6.105700 -0.055993 -0.160380 -0.985466 9.106400 0.996187 -0.075116 -0.044377 0.757100 0.000000 0.000000 0.000000 1.000000
-0.051619 -0.984787 0.165923 -6.105700 -0.056623 -0.162992 -0.985001 9.106400 0.997060 -0.060240 -0.047349 0.757100 0.000000 0.000000 0.000000 1.000000
-0.062752 -0.982998 0.172559 -6.105700 -0.056617 -0.169115 -0.983969 9.106400 0.996422 -0.071515 -0.045042 0.757100 0.000000 0.000000 0.000000 1.000000
-0.058968 -0.982907 0.174406 -6.105700 -0.056834 -0.171121 -0.983609 9.106400 0.996641 -0.067913 -0.045772 0.757100 0.000000 0.000000 0.000000 1.000000
-0.040933 -0.986113 0.160951 -6.105700 -0.056739 -0.158532 -0.985722 9.106400 0.997550 -0.049481 -0.049462 0.757100 0.000000 0.000000 0.000000 1.000000
-0.048102 -0.987460 0.150364 -6.105700 -0.055916 -0.147640 -0.987459 9.106400 0.997276 -0.055907 -0.048113 0.757100 0.000000 0.000000 0.000000 1.000000
-0.058659 -0.985870 0.156905 -6.105700 -0.055819 -0.153691 -0.986541 9.106400 0.996716 -0.066628 -0.046015 0.757100 0.000000 0.000000 0.000000 1.000000
-0.076395 -0.982581 0.169404 -6.105700 -0.055924 -0.165410 -0.984638 9.106400 0.995508 -0.084695 -0.042314 0.757100 0.000000 0.000000 0.000000 1.000000
-0.096695 -0.982091 0.161701 -6.105700 -0.054573 -0.156986 -0.986092 9.106400 0.993817 -0.104174 -0.038416 0.757100 0.000000 0.000000 0.000000 1.000000
-0.111837 -0.981701 0.154128 -6.105700 -0.053262 -0.148956 -0.987408 9.106400 0.992298 -0.118638 -0.035628 0.757100 0.000000 0.000000 0.000000 1.000000
-0.147517 -0.973275 0.175998 -6.105700 -0.053953 -0.169761 -0.984007 9.106400 0.987587 -0.154654 -0.027468 0.757100 0.000000 0.000000 0.000000 1.000000
-0.180352 -0.973469 0.140826 -6.105700 -0.048357 -0.134226 -0.989770 9.106400 0.982413 -0.185317 -0.022867 0.757100 0.000000 0.000000 0.000000 1.000000
-0.177123 -0.976269 0.124606 -6.105700 -0.046428 -0.118179 -0.991906 9.106400 0.983093 -0.181475 -0.024394 0.757100 0.000000 0.000000 0.000000 1.000000
-0.210604 -0.972495 0.099500 -6.105700 -0.040670 -0.092978 -0.994837 9.106400 0.976725 -0.213563 -0.019969 0.757100 0.000000 0.000000 0.000000 1.000000
-0.235457 -0.968509 0.080935 -6.105700 -0.035664 -0.074610 -0.996575 9.106400 0.971230 -0.237537 -0.016974 0.757100 0.000000 0.000000 0.000000 1.000000
-0.236687 -0.967351 0.090612 -6.105700 -0.037060 -0.084206 -0.995759 9.106400 0.970879 -0.239042 -0.015919 0.757100 0.000000 0.000000 0.000000 1.000000
-0.224454 -0.968052 0.111782 -6.105700 -0.041162 -0.105188 -0.993600 9.106400 0.973615 -0.227619 -0.016237 0.757100 0.000000 0.000000 0.000000 1.000000
-0.213107 -0.967359 0.137124 -6.105700 -0.045612 -0.130345 -0.990419 9.106400 0.975964 -0.217320 -0.016345 0.757100 0.000000 0.000000 0.000000 1.000000
-0.182718 -0.967273 0.176061 -6.105700 -0.052461 -0.169229 -0.984180 9.106400 0.981765 -0.189064 -0.019823 0.757100 0.000000 0.000000 0.000000 1.000000
-0.135821 -0.972869 0.187292 -6.105700 -0.055430 -0.181286 -0.981867 9.106400 0.989182 -0.143740 -0.029304 0.757100 0.000000 0.000000 0.000000 1.000000
-0.093344 -0.978279 0.185089 -6.105700 -0.056573 -0.180389 -0.981967 9.106400 0.994025 -0.102132 -0.038506 0.757100 0.000000 0.000000 0.000000 1.000000</float_array>
        <technique_common>
          <accessor source="#mixamorig_RightShoulder-Matrix-animation-output-transform-array" count="22" stride="16">
            <param type="float4x4"/>
          </accessor>
        </technique_common>
      </source>
      <source id="mixamorig_RightShoulder-Interpolations">
        <Name_array id="mixamorig_RightShoulder-Interpolations-array" count="22">
 LINEAR LINEAR LINEAR LINEAR LINEAR LINEAR LINEAR LINEAR LINEAR LINEAR LINEAR
LINEAR LINEAR LINEAR LINEAR LINEAR LINEAR LINEAR LINEAR LINEAR LINEAR LINEAR</Name_array>
        <technique_common>
          <accessor source="#mixamorig_RightShoulder-Interpolations-array" count="22">
            <param type="name"/>
          </accessor>
        </technique_common>
      </source>
      <sampler id="mixamorig_RightShoulder-Matrix-animation-transform">
        <input semantic="INPUT" source="#mixamorig_RightShoulder-Matrix-animation-input"/>
        <input semantic="OUTPUT" source="#mixamorig_RightShoulder-Matrix-animation-output-transform"/>
        <input semantic="INTERPOLATION" source="#mixamorig_RightShoulder-Interpolations"/>
      </sampler>
      <channel source="#mixamorig_RightShoulder-Matrix-animation-transform" target="mixamorig_RightShoulder/matrix"/>
    </animation>
    <animation id="mixamorig_RightArm-anim" name="mixamorig_RightArm">
      <source id="mixamorig_RightArm-Matrix-animation-input">
        <float_array id="mixamorig_RightArm-Matrix-animation-input-array" count="22">

0.000000 0.033333 0.066667 0.100000 0.133333 0.166667 0.200000 0.233333 0.266667 0.300000 0.333333 0.366667 0.400000 0.433333 0.466667 0.500000
0.533333 0.566667 0.600000 0.633333 0.666667 0.700000</float_array>
        <technique_common>
          <accessor source="#mixamorig_RightArm-Matrix-animation-input-array" count="22">
            <param name="TIME" type="float"/>
          </accessor>
        </technique_common>
      </source>
      <source id="mixamorig_RightArm-Matrix-animation-output-transform">
        <float_array id="mixamorig_RightArm-Matrix-animation-output-transform-array" count="352">

0.995766 -0.062882 -0.067058 -0.000000 -0.016173 0.598248 -0.801148 12.922300 0.090496 0.798840 0.594698 0.000000 0.000000 0.000000 0.000000 1.000000
0.996670 0.057029 -0.058284 -0.000000 -0.080723 0.588862 -0.804192 12.922300 -0.011541 0.806219 0.591504 0.000000 0.000000 0.000000 0.000000 1.000000
0.995930 0.075509 -0.049214 0.000000 -0.084211 0.584913 -0.806713 12.922300 -0.032128 0.807573 0.588891 -0.000000 0.000000 0.000000 0.000000 1.000000
0.993882 0.098041 -0.050861 0.000000 -0.099083 0.587978 -0.802785 12.922300 -0.048801 0.802913 0.594095 -0.000000 0.000000 0.000000 0.000000 1.000000
0.992281 0.109963 -0.057336 0.000000 -0.112280 0.600312 -0.791845 12.922300 -0.052655 0.792170 0.608024 0.000000 0.000000 0.000000 0.000000 1.000000
0.990054 0.115436 -0.080423 0.000000 -0.134181 0.602919 -0.786437 12.922300 -0.042295 0.789407 0.612412 0.000000 0.000000 0.000000 0.000000 1.000000
0.992342 0.079357 -0.094656 0.000000 -0.123405 0.603811 -0.787517 12.922300 -0.005340 0.793167 0.608980 0.000000 0.000000 0.000000 0.000000 1.000000
0.995247 -0.030578 -0.092462 -0.000000 -0.056506 0.591953 -0.803989 12.922300 0.079317 0.805392 0.587412 0.000000 0.000000 0.000000 0.000000 1.000000
0.988404 -0.119572 -0.093598 0.000000 -0.009233 0.567924 -0.823029 12.922300 0.151568 0.814349 0.560234 0.000000 0.000000 0.000000 0.000000 1.000000
0.981243 -0.164086 -0.101181 0.000000 0.003891 0.541621 -0.840614 12.922300 0.192735 0.824453 0.532101 -0.000000 0.000000 0.000000 0.000000 1.000000
0.970574 -0.220853 -0.095969 0.000000 0.043052 0.551264 -0.833220 12.922300 0.236923 0.804570 0.544550 -0.000000 0.000000 0.000000 0.000000 1.000000
0.946909 -0.308905 -0.089117 0.000000 0.115772 0.586212 -0.801843 12.922300 0.299934 0.748955 0.590852 0.000000 0.000000 0.000000 0.000000 1.000000
0.897832 -0.432820 -0.081019 0.000000 0.232058 0.621449 -0.748298 12.922300 0.374228 0.653045 0.658396 0.000000 0.000000 0.000000 0.000000 1.000000
0.849690 -0.520905 -0.081758 0.000000 0.323421 0.637336 -0.699430 12.922300 0.416444 0.567857 0.710009 -0.000000 0.000000 0.000000 0.000000 1.000000
0.826132 -0.557433 -0.082303 0.000000 0.359796 0.634262 -0.684294 12.922300 0.433650 0.535705 0.724547 -0.000000 0.000000 0.000000 0.000000 1.000000
0.806842 -0.586314 -0.072396 0.000000 0.369457 0.596409 -0.712600 12.922300 0.460985 0.548208 0.697826 0.000000 0.000000 0.000000 0.000000 1.000000
0.804101 -0.590437 -0.069325 -0.000000 0.357793 0.573770 -0.736730 12.922300 0.474770 0.567601 0.672624 -0.000000 0.000000 0.000000 0.000000 1.000000
0.837987 -0.539739 -0.080378 -0.000000 0.310548 0.592807 -0.743062 12.922300 0.448708 0.597714 0.664379 -0.000000 0.000000 0.000000 0.000000 1.000000
0.891131 -0.444446 -0.091394 0.000000 0.233993 0.622703 -0.746651 12.922300 0.388758 0.643978 0.658908 0.000000 0.000000 0.000000 0.000000 1.000000
0.948078 -0.304759 -0.090941 0.000000 0.128821 0.629418 -0.766314 12.922300 0.290781 0.714811 0.635997 0.000000 0.000000 0.000000 0.000000 1.000000
0.986663 -0.139660 -0.083609 0.000000 0.020520 0.616274 -0.787265 12.922300 0.161476 0.775050 0.610920 0.000000 0.000000 0.000000 0.000000 1.000000
0.995766 -0.062882 -0.067058 -0.000000 -0.016173 0.598248 -0.801148 12.922300 0.090496 0.798840 0.594698 0.000000 0.000000 0.000000 0.000000 1.000000</float_array>
        <technique_common>
          <accessor source="#mixamorig_RightArm-Matrix-animation-output-transform-array" count="22" stride="16">
            <param type="float4x4"/>
          </accessor>
        </technique_common>
      </source>
      <source id="mixamorig_RightArm-Interpolations">
        <Name_array id="mixamorig_RightArm-Interpolations-array" count="22">
 LINEAR LINEAR LINEAR LINEAR LINEAR LINEAR LINEAR LINEAR LINEAR LINEAR LINEAR
LINEAR LINEAR LINEAR LINEAR LINEAR LINEAR LINEAR LINEAR LINEAR LINEAR LINEAR</Name_array>
        <technique_common>
          <accessor source="#mixamorig_RightArm-Interpolations-array" count="22">
            <param type="name"/>
          </accessor>
        </technique_common>
      </source>
      <sampler id="mixamorig_RightArm-Matrix-animation-transform">
        <input semantic="INPUT" source="#mixamorig_RightArm-Matrix-animation-input"/>
        <input semantic="OUTPUT" source="#mixamorig_RightArm-Matrix-animation-output-transform"/>
        <input semantic="INTERPOLATION" source="#mixamorig_RightArm-Interpolations"/>
      </sampler>
      <channel source="#mixamorig_RightArm-Matrix-animation-transform" target="mixamorig_RightArm/matrix"/>
    </animation>
    <animation id="mixamorig_RightForeArm-anim" name="mixamorig_RightForeArm">
      <source id="mixamorig_RightForeArm-Matrix-animation-input">
        <float_array id="mixamorig_RightForeArm-Matrix-animation-input-array" count="22">

0.000000 0.033333 0.066667 0.100000 0.133333 0.166667 0.200000 0.233333 0.266667 0.300000 0.333333 0.366667 0.400000 0.433333 0.466667 0.500000
0.533333 0.566667 0.600000 0.633333 0.666667 0.700000</float_array>
        <technique_common>
          <accessor source="#mixamorig_RightForeArm-Matrix-animation-input-array" count="22">
            <param name="TIME" type="float"/>
          </accessor>
        </technique_common>
      </source>
      <source id="mixamorig_RightForeArm-Matrix-animation-output-transform">
        <float_array id="mixamorig_RightForeArm-Matrix-animation-output-transform-array" count="352">

0.018779 0.996479 -0.081712 0.000000 -0.998352 0.014257 -0.055582 27.404699 -0.054222 0.082622 0.995105 0.000000 0.000000 0.000000 0.000000 1.000000
-0.034498 0.997999 -0.052982 -0.000000 -0.996743 -0.038225 -0.071015 27.404699 -0.072898 0.050359 0.996067 -0.000000 0.000000 0.000000 0.000000 1.000000
-0.113162 0.992552 -0.045102 0.000000 -0.984917 -0.118040 -0.126510 27.404699 -0.130892 0.030105 0.990939 -0.000000 0.000000 0.000000 0.000000 1.000000
-0.195432 0.979463 -0.049595 0.000000 -0.965924 -0.200988 -0.163077 27.404699 -0.169696 0.016034 0.985366 0.000000 0.000000 0.000000 0.000000 1.000000
-0.247246 0.967214 -0.058025 0.000000 -0.957571 -0.253055 -0.137917 27.404699 -0.148079 0.021463 0.988743 0.000000 0.000000 0.000000 0.000000 1.000000
-0.268878 0.959621 -0.082658 0.000000 -0.951438 -0.277978 -0.132265 27.404699 -0.149902 0.043081 0.987762 0.000000 0.000000 0.000000 0.000000 1.000000
-0.259113 0.961039 -0.096255 0.000000 -0.953214 -0.270517 -0.134920 27.404699 -0.155702 0.056792 0.986170 0.000000 0.000000 0.000000 0.000000 1.000000
-0.237809 0.966427 -0.097287 -0.000000 -0.961642 -0.248356 -0.116466 27.404699 -0.136718 0.065858 0.988418 0.000000 0.000000 0.000000 0.000000 1.000000
-0.141848 0.985035 -0.097901 -0.000000 -0.982678 -0.152040 -0.105958 27.404699 -0.119257 0.081176 0.989539 -0.000000 0.000000 0.000000 0.000000 1.000000
0.064950 0.990777 -0.118924 0.000000 -0.995305 0.055750 -0.079120 27.404699 -0.071761 0.123504 0.989746 0.000000 0.000000 0.000000 0.000000 1.000000
0.240528 0.956088 -0.167457 0.000000 -0.970248 0.231906 -0.069566 27.404699 -0.027677 0.179208 0.983422 0.000000 0.000000 0.000000 0.000000 1.000000
0.284220 0.935463 -0.210065 -0.000000 -0.958722 0.275386 -0.070811 27.404699 -0.008393 0.221520 0.975120 0.000000 0.000000 0.000000 0.000000 1.000000
0.247367 0.938494 -0.240911 0.000000 -0.968903 0.241139 -0.055485 27.404699 0.006020 0.247145 0.968960 -0.000000 0.000000 0.000000 0.000000 1.000000
0.207361 0.945138 -0.252420 -0.000000 -0.978145 0.196278 -0.068615 27.404699 -0.015306 0.261131 0.965182 -0.000000 0.000000 0.000000 0.000000 1.000000
0.183075 0.951058 -0.248942 -0.000000 -0.983056 0.174748 -0.055346 27.404699 -0.009135 0.254857 0.966936 0.000000 0.000000 0.000000 0.000000 1.000000
0.150306 0.961286 -0.230947 0.000000 -0.988627 0.147322 -0.030217 27.404699 0.004976 0.232862 0.972497 0.000000 0.000000 0.000000 0.000000 1.000000
0.111120 0.970450 -0.214195 0.000000 -0.993799 0.107624 -0.027954 27.404699 -0.004075 0.215973 0.976391 0.000000 0.000000 0.000000 0.000000 1.000000
0.062762 0.975765 -0.209628 0.000000 -0.998029 0.061324 -0.013358 27.404699 -0.000179 0.210053 0.977690 0.000000 0.000000 0.000000 0.000000 1.000000
0.033131 0.980204 -0.195198 0.000000 -0.999443 0.033270 -0.002565 27.404699 0.003981 0.195174 0.980760 0.000000 0.000000 0.000000 0.000000 1.000000
0.065465 0.984995 -0.159687 0.000000 -0.997411 0.059817 -0.039925 27.404699 -0.029773 0.161887 0.986360 -0.000000 0.000000 0.000000 0.000000 1.000000
0.088624 0.988023 -0.126315 0.000000 -0.995350 0.083041 -0.048809 27.404699 -0.037736 0.130054 0.990789 -0.000000 0.000000 0.000000 0.000000 1.000000
0.018780 0.996479 -0.081712 0.000000 -0.998352 0.014257 -0.055582 27.404699 -0.054221 0.082621 0.995105 0.000000 0.000000 0.000000 0.000000 1.000000</float_array>
        <technique_common>
          <accessor source="#mixamorig_RightForeArm-Matrix-animation-output-transform-array" count="22" stride="16">
            <param type="float4x4"/>
          </accessor>
        </technique_common>
      </source>
      <source id="mixamorig_RightForeArm-Interpolations">
        <Name_array id="mixamorig_RightForeArm-Interpolations-array" count="22">
 LINEAR LINEAR LINEAR LINEAR LINEAR LINEAR LINEAR LINEAR LINEAR LINEAR LINEAR
LINEAR LINEAR LINEAR LINEAR LINEAR LINEAR LINEAR LINEAR LINEAR LINEAR LINEAR</Name_array>
        <technique_common>
          <accessor source="#mixamorig_RightForeArm-Interpolations-array" count="22">
            <param type="name"/>
          </accessor>
        </technique_common>
      </source>
      <sampler id="mixamorig_RightForeArm-Matrix-animation-transform">
        <input semantic="INPUT" source="#mixamorig_RightForeArm-Matrix-animation-input"/>
        <input semantic="OUTPUT" source="#mixamorig_RightForeArm-Matrix-animation-output-transform"/>
        <input semantic="INTERPOLATION" source="#mixamorig_RightForeArm-Interpolations"/>
      </sampler>
      <channel source="#mixamorig_RightForeArm-Matrix-animation-transform" target="mixamorig_RightForeArm/matrix"/>
    </animation>
    <animation id="mixamorig_RightHand-anim" name="mixamorig_RightHand">
      <source id="mixamorig_RightHand-Matrix-animation-input">
        <float_array id="mixamorig_RightHand-Matrix-animation-input-array" count="22">

0.000000 0.033333 0.066667 0.100000 0.133333 0.166667 0.200000 0.233333 0.266667 0.300000 0.333333 0.366667 0.400000 0.433333 0.466667 0.500000
0.533333 0.566667 0.600000 0.633333 0.666667 0.700000</float_array>
        <technique_common>
          <accessor source="#mixamorig_RightHand-Matrix-animation-input-array" count="22">
            <param name="TIME" type="float"/>
          </accessor>
        </technique_common>
      </source>
      <source id="mixamorig_RightHand-Matrix-animation-output-transform">
        <float_array id="mixamorig_RightHand-Matrix-animation-output-transform-array" count="352">

0.994847 0.101255 0.005143 0.000000 -0.100949 0.993993 -0.042287 27.614500 -0.009394 0.041550 0.999092 -0.000000 0.000000 0.000000 0.000000 1.000000
0.992258 0.123588 0.012273 0.000000 -0.123074 0.991734 -0.036295 27.614500 -0.016657 0.034503 0.999266 -0.000000 0.000000 0.000000 0.000000 1.000000
0.973228 0.217675 0.073787 -0.000000 -0.213495 0.975066 -0.060552 27.614500 -0.085128 0.043178 0.995434 -0.000000 0.000000 0.000000 0.000000 1.000000
0.943165 0.314846 0.106357 0.000000 -0.300947 0.944942 -0.128514 27.614500 -0.140963 0.089202 0.985988 0.000000 0.000000 0.000000 0.000000 1.000000
0.884299 0.465245 0.039531 -0.000000 -0.450013 0.871793 -0.193558 27.614500 -0.124515 0.153373 0.980292 0.000000 0.000000 0.000000 0.000000 1.000000
0.883918 0.466974 0.024972 0.000000 -0.452225 0.867156 -0.208644 27.614500 -0.119086 0.173132 0.977673 0.000000 0.000000 0.000000 0.000000 1.000000
0.886834 0.461282 0.027259 0.000000 -0.445994 0.869890 -0.210666 27.614500 -0.120889 0.174669 0.977178 -0.000000 0.000000 0.000000 0.000000 1.000000
0.862749 0.505604 -0.005412 0.000000 -0.498915 0.849499 -0.171567 27.614500 -0.082148 0.150719 0.985158 0.000000 0.000000 0.000000 0.000000 1.000000
0.910439 0.413221 0.018667 0.000000 -0.402737 0.895827 -0.187874 27.614500 -0.094355 0.163530 0.982016 0.000000 0.000000 0.000000 0.000000 1.000000
0.906494 0.421162 0.029860 0.000000 -0.412772 0.898868 -0.147155 27.614500 -0.088816 0.121070 0.988663 0.000000 0.000000 0.000000 0.000000 1.000000
0.906572 0.420093 0.040608 0.000000 -0.416669 0.906176 -0.072338 27.614500 -0.067186 0.048660 0.996553 0.000000 0.000000 0.000000 0.000000 1.000000
0.909230 0.413558 0.047643 0.000000 -0.410523 0.909725 -0.062213 27.614500 -0.069071 0.037007 0.996925 0.000000 0.000000 0.000000 0.000000 1.000000
0.926935 0.373893 0.031545 0.000000 -0.369650 0.924372 -0.094319 27.614500 -0.064424 0.075767 0.995042 0.000000 0.000000 0.000000 0.000000 1.000000
0.942553 0.329209 0.056693 0.000000 -0.320902 0.939460 -0.120154 27.614500 -0.092817 0.095059 0.991135 0.000000 0.000000 0.000000 0.000000 1.000000
0.950259 0.308691 0.041453 0.000000 -0.300960 0.944319 -0.132985 27.614500 -0.080196 0.113895 0.990251 0.000000 0.000000 0.000000 0.000000 1.000000
0.963657 0.267124 0.003321 0.000000 -0.264512 0.955827 -0.128174 27.614500 -0.037412 0.122638 0.991746 0.000000 0.000000 0.000000 0.000000 1.000000
0.971772 0.235874 -0.004708 0.000000 -0.235184 0.966973 -0.098245 27.614500 -0.018621 0.096579 0.995151 0.000000 0.000000 0.000000 0.000000 1.000000
0.978315 0.204150 -0.034963 0.000000 -0.206700 0.973081 -0.101923 27.614500 0.013215 0.106939 0.994178 -0.000000 0.000000 0.000000 0.000000 1.000000
0.985958 0.157480 -0.055561 0.000000 -0.162524 0.981364 -0.102526 27.614500 0.038379 0.110116 0.993177 -0.000000 0.000000 0.000000 0.000000 1.000000
0.983818 0.179092 0.005407 -0.000000 -0.176164 0.972361 -0.153232 27.614500 -0.032700 0.149799 0.988176 0.000000 0.000000 0.000000 0.000000 1.000000
0.993985 0.108693 0.013370 0.000000 -0.108397 0.993882 -0.021182 27.614500 -0.015590 0.019605 0.999686 0.000000 0.000000 0.000000 0.000000 1.000000
0.994847 0.101255 0.005143 0.000000 -0.100949 0.993993 -0.042287 27.614500 -0.009394 0.041550 0.999092 0.000000 0.000000 0.000000 0.000000 1.000000</float_array>
        <technique_common>
          <accessor source="#mixamorig_RightHand-Matrix-animation-output-transform-array" count="22" stride="16">
            <param type="float4x4"/>
          </accessor>
        </technique_common>
      </source>
      <source id="mixamorig_RightHand-Interpolations">
        <Name_array id="mixamorig_RightHand-Interpolations-array" count="22">
 LINEAR LINEAR LINEAR LINEAR LINEAR LINEAR LINEAR LINEAR LINEAR LINEAR LINEAR
LINEAR LINEAR LINEAR LINEAR LINEAR LINEAR LINEAR LINEAR LINEAR LINEAR LINEAR</Name_array>
        <technique_common>
          <accessor source="#mixamorig_RightHand-Interpolations-array" count="22">
            <param type="name"/>
          </accessor>
        </technique_common>
      </source>
      <sampler id="mixamorig_RightHand-Matrix-animation-transform">
        <input semantic="INPUT" source="#mixamorig_RightHand-Matrix-animation-input"/>
        <input semantic="OUTPUT" source="#mixamorig_RightHand-Matrix-animation-output-transform"/>
        <input semantic="INTERPOLATION" source="#mixamorig_RightHand-Interpolations"/>
      </sampler>
      <channel source="#mixamorig_RightHand-Matrix-animation-transform" target="mixamorig_RightHand/matrix"/>
    </animation>
    <animation id="mixamorig_RightHandThumb1-anim" name="mixamorig_RightHandThumb1">
      <source id="mixamorig_RightHandThumb1-Matrix-animation-input">
        <float_array id="mixamorig_RightHandThumb1-Matrix-animation-input-array" count="22">

0.000000 0.033333 0.066667 0.100000 0.133333 0.166667 0.200000 0.233333 0.266667 0.300000 0.333333 0.366667 0.400000 0.433333 0.466667 0.500000
0.533333 0.566667 0.600000 0.633333 0.666667 0.700000</float_array>
        <technique_common>
          <accessor source="#mixamorig_RightHandThumb1-Matrix-animation-input-array" count="22">
            <param name="TIME" type="float"/>
          </accessor>
        </technique_common>
      </source>
      <source id="mixamorig_RightHandThumb1-Matrix-animation-output-transform">
        <float_array id="mixamorig_RightHandThumb1-Matrix-animation-output-transform-array" count="352">

0.884615 0.464500 -0.041173 3.003000 -0.392175 0.693283 -0.604614 3.788800 -0.252298 0.550998 0.795454 2.167100 0.000000 0.000000 0.000000 1.000000
0.885711 0.462474 -0.040436 3.003000 -0.390230 0.694501 -0.604474 3.788800 -0.251471 0.551168 0.795598 2.167100 0.000000 0.000000 0.000000 1.000000
0.888370 0.457501 -0.038634 3.003000 -0.385458 0.697463 -0.604126 3.788800 -0.249442 0.551579 0.795952 2.167100 0.000000 0.000000 0.000000 1.000000
0.891662 0.451237 -0.036380 3.003000 -0.379450 0.701137 -0.603676 3.788800 -0.246894 0.552079 0.796399 2.167100 0.000000 0.000000 0.000000 1.000000
0.894686 0.445377 -0.034283 3.003000 -0.373829 0.704524 -0.603240 3.788800 -0.244516 0.552526 0.796823 2.167100 0.000000 0.000000 0.000000 1.000000
0.896596 0.441622 -0.032945 3.003000 -0.370227 0.706667 -0.602955 3.788800 -0.242997 0.552804 0.797095 2.167100 0.000000 0.000000 0.000000 1.000000
0.896867 0.441091 -0.032694 3.003000 -0.369675 0.706968 -0.602940 3.788800 -0.242838 0.552843 0.797116 2.167100 0.000000 0.000000 0.000000 1.000000
0.896856 0.441118 -0.032617 3.003000 -0.369643 0.706952 -0.602978 3.788800 -0.242926 0.552842 0.797091 2.167100 0.000000 0.000000 0.000000 1.000000
0.896851 0.441131 -0.032578 3.003000 -0.369626 0.706944 -0.602998 3.788800 -0.242970 0.552841 0.797078 2.167100 0.000000 0.000000 0.000000 1.000000
0.896850 0.441134 -0.032570 3.003000 -0.369623 0.706943 -0.603002 3.788800 -0.242980 0.552841 0.797075 2.167100 0.000000 0.000000 0.000000 1.000000
0.896852 0.441129 -0.032584 3.003000 -0.369629 0.706946 -0.602994 3.788800 -0.242963 0.552841 0.797080 2.167100 0.000000 0.000000 0.000000 1.000000
0.896856 0.441118 -0.032615 3.003000 -0.369642 0.706952 -0.602979 3.788800 -0.242928 0.552841 0.797090 2.167100 0.000000 0.000000 0.000000 1.000000
0.896861 0.441105 -0.032653 3.003000 -0.369658 0.706960 -0.602960 3.788800 -0.242884 0.552842 0.797103 2.167100 0.000000 0.000000 0.000000 1.000000
0.896867 0.441091 -0.032693 3.003000 -0.369675 0.706968 -0.602940 3.788800 -0.242838 0.552843 0.797116 2.167100 0.000000 0.000000 0.000000 1.000000
0.896871 0.441079 -0.032727 3.003000 -0.369689 0.706975 -0.602924 3.788800 -0.242800 0.552844 0.797127 2.167100 0.000000 0.000000 0.000000 1.000000
0.896874 0.441072 -0.032747 3.003000 -0.369698 0.706978 -0.602914 3.788800 -0.242777 0.552844 0.797134 2.167100 0.000000 0.000000 0.000000 1.000000
0.896874 0.441071 -0.032750 3.003000 -0.369698 0.706979 -0.602913 3.788800 -0.242774 0.552845 0.797134 2.167100 0.000000 0.000000 0.000000 1.000000
0.895631 0.443525 -0.033623 3.003000 -0.372052 0.705583 -0.603100 3.788800 -0.243767 0.552665 0.796956 2.167100 0.000000 0.000000 0.000000 1.000000
0.892637 0.449360 -0.035709 3.003000 -0.377651 0.702228 -0.603537 3.788800 -0.246130 0.552224 0.796535 2.167100 0.000000 0.000000 0.000000 1.000000
0.889008 0.456296 -0.038201 3.003000 -0.384303 0.698173 -0.604040 3.788800 -0.248950 0.551677 0.796038 2.167100 0.000000 0.000000 0.000000 1.000000
0.885922 0.462081 -0.040293 3.003000 -0.389854 0.694736 -0.604447 3.788800 -0.251310 0.551201 0.795626 2.167100 0.000000 0.000000 0.000000 1.000000
0.884615 0.464500 -0.041173 3.003000 -0.392175 0.693283 -0.604614 3.788800 -0.252298 0.550998 0.795454 2.167100 0.000000 0.000000 0.000000 1.000000</float_array>
        <technique_common>
          <accessor source="#mixamorig_RightHandThumb1-Matrix-animation-output-transform-array" count="22" stride="16">
            <param type="float4x4"/>
          </accessor>
        </technique_common>
      </source>
      <source id="mixamorig_RightHandThumb1-Interpolations">
        <Name_array id="mixamorig_RightHandThumb1-Interpolations-array" count="22">
 LINEAR LINEAR LINEAR LINEAR LINEAR LINEAR LINEAR LINEAR LINEAR LINEAR LINEAR
LINEAR LINEAR LINEAR LINEAR LINEAR LINEAR LINEAR LINEAR LINEAR LINEAR LINEAR</Name_array>
        <technique_common>
          <accessor source="#mixamorig_RightHandThumb1-Interpolations-array" count="22">
            <param type="name"/>
          </accessor>
        </technique_common>
      </source>
      <sampler id="mixamorig_RightHandThumb1-Matrix-animation-transform">
        <input semantic="INPUT" source="#mixamorig_RightHandThumb1-Matrix-animation-input"/>
        <input semantic="OUTPUT" source="#mixamorig_RightHandThumb1-Matrix-animation-output-transform"/>
        <input semantic="INTERPOLATION" source="#mixamorig_RightHandThumb1-Interpolations"/>
      </sampler>
      <channel source="#mixamorig_RightHandThumb1-Matrix-animation-transform" target="mixamorig_RightHandThumb1/matrix"/>
    </animation>
    <animation id="mixamorig_RightHandThumb2-anim" name="mixamorig_RightHandThumb2">
      <source id="mixamorig_RightHandThumb2-Matrix-animation-input">
        <float_array id="mixamorig_RightHandThumb2-Matrix-animation-input-array" count="22">

0.000000 0.033333 0.066667 0.100000 0.133333 0.166667 0.200000 0.233333 0.266667 0.300000 0.333333 0.366667 0.400000 0.433333 0.466667 0.500000
0.533333 0.566667 0.600000 0.633333 0.666667 0.700000</float_array>
        <technique_common>
          <accessor source="#mixamorig_RightHandThumb2-Matrix-animation-input-array" count="22">
            <param name="TIME" type="float"/>
          </accessor>
        </technique_common>
      </source>
      <source id="mixamorig_RightHandThumb2-Matrix-animation-output-transform">
        <float_array id="mixamorig_RightHandThumb2-Matrix-animation-output-transform-array" count="352">

0.978983 -0.203903 -0.004051 -0.000000 0.203785 0.977250 0.058779 4.745000 -0.008026 -0.058369 0.998263 0.000000 0.000000 0.000000 0.000000 1.000000
0.976680 -0.214653 -0.004462 -0.000000 0.214525 0.974841 0.060530 4.745000 -0.008643 -0.060075 0.998156 -0.000000 0.000000 0.000000 0.000000 1.000000
0.970545 -0.240857 -0.005510 0.000000 0.240701 0.968434 0.064799 4.745000 -0.010271 -0.064217 0.997883 0.000000 0.000000 0.000000 0.000000 1.000000
0.961860 -0.273454 -0.006913 0.000000 0.273254 0.959383 0.070119 4.745000 -0.012542 -0.069334 0.997515 0.000000 0.000000 0.000000 0.000000 1.000000
0.952774 -0.303567 -0.008308 0.000000 0.303315 0.949931 0.075041 4.745000 -0.014888 -0.074017 0.997146 0.000000 0.000000 0.000000 0.000000 1.000000
0.946477 -0.322638 -0.009242 0.000000 0.322348 0.943389 0.078162 4.745000 -0.016499 -0.076958 0.996898 0.000000 0.000000 0.000000 0.000000 1.000000
0.945511 -0.325455 -0.009383 0.000000 0.325159 0.942385 0.078623 4.745000 -0.016746 -0.077390 0.996860 0.000000 0.000000 0.000000 0.000000 1.000000
0.945412 -0.325743 -0.009399 0.000000 0.325447 0.942281 0.078679 4.745000 -0.016773 -0.077443 0.996856 0.000000 0.000000 0.000000 0.000000 1.000000
0.945232 -0.326264 -0.009426 -0.000000 0.325966 0.942094 0.078766 4.745000 -0.016818 -0.077525 0.996849 0.000000 0.000000 0.000000 0.000000 1.000000
0.944994 -0.326950 -0.009461 0.000000 0.326651 0.941848 0.078876 4.745000 -0.016878 -0.077627 0.996840 0.000000 0.000000 0.000000 0.000000 1.000000
0.944718 -0.327747 -0.009501 0.000000 0.327446 0.941562 0.078997 4.745000 -0.016946 -0.077741 0.996830 0.000000 0.000000 0.000000 0.000000 1.000000
0.944425 -0.328588 -0.009544 -0.000000 0.328285 0.941258 0.079135 4.745000 -0.017020 -0.077870 0.996818 0.000000 0.000000 0.000000 0.000000 1.000000
0.944137 -0.329413 -0.009586 -0.000000 0.329109 0.940959 0.079272 4.745000 -0.017093 -0.077999 0.996807 -0.000000 0.000000 0.000000 0.000000 1.000000
0.943875 -0.330162 -0.009624 0.000000 0.329856 0.940687 0.079390 4.745000 -0.017158 -0.078108 0.996797 -0.000000 0.000000 0.000000 0.000000 1.000000
0.943661 -0.330773 -0.009655 0.000000 0.330466 0.940465 0.079486 4.745000 -0.017212 -0.078198 0.996789 -0.000000 0.000000 0.000000 0.000000 1.000000
0.943517 -0.331184 -0.009677 -0.000000 0.330876 0.940315 0.079556 4.745000 -0.017249 -0.078264 0.996783 0.000000 0.000000 0.000000 0.000000 1.000000
0.943464 -0.331334 -0.009685 0.000000 0.331026 0.940260 0.079584 4.745000 -0.017263 -0.078291 0.996781 0.000000 0.000000 0.000000 0.000000 1.000000
0.947941 -0.318318 -0.009031 0.000000 0.318037 0.944909 0.077453 4.745000 -0.016121 -0.076293 0.996955 -0.000000 0.000000 0.000000 0.000000 1.000000
0.957890 -0.287036 -0.007536 0.000000 0.286815 0.955251 0.072336 4.745000 -0.013565 -0.071451 0.997352 0.000000 0.000000 0.000000 0.000000 1.000000
0.968411 -0.249291 -0.005868 0.000000 0.249125 0.966208 0.066174 4.745000 -0.010827 -0.065545 0.997791 0.000000 0.000000 0.000000 0.000000 1.000000
0.976080 -0.217364 -0.004573 0.000000 0.217234 0.974213 0.060971 4.745000 -0.008798 -0.060506 0.998129 0.000000 0.000000 0.000000 0.000000 1.000000
0.978983 -0.203903 -0.004057 0.000000 0.203785 0.977250 0.058779 4.745000 -0.008021 -0.058370 0.998263 -0.000000 0.000000 0.000000 0.000000 1.000000</float_array>
        <technique_common>
          <accessor source="#mixamorig_RightHandThumb2-Matrix-animation-output-transform-array" count="22" stride="16">
            <param type="float4x4"/>
          </accessor>
        </technique_common>
      </source>
      <source id="mixamorig_RightHandThumb2-Interpolations">
        <Name_array id="mixamorig_RightHandThumb2-Interpolations-array" count="22">
 LINEAR LINEAR LINEAR LINEAR LINEAR LINEAR LINEAR LINEAR LINEAR LINEAR LINEAR
LINEAR LINEAR LINEAR LINEAR LINEAR LINEAR LINEAR LINEAR LINEAR LINEAR LINEAR</Name_array>
        <technique_common>
          <accessor source="#mixamorig_RightHandThumb2-Interpolations-array" count="22">
            <param type="name"/>
          </accessor>
        </technique_common>
      </source>
      <sampler id="mixamorig_RightHandThumb2-Matrix-animation-transform">
        <input semantic="INPUT" source="#mixamorig_RightHandThumb2-Matrix-animation-input"/>
        <input semantic="OUTPUT" source="#mixamorig_RightHandThumb2-Matrix-animation-output-transform"/>
        <input semantic="INTERPOLATION" source="#mixamorig_RightHandThumb2-Interpolations"/>
      </sampler>
      <channel source="#mixamorig_RightHandThumb2-Matrix-animation-transform" target="mixamorig_RightHandThumb2/matrix"/>
    </animation>
    <animation id="mixamorig_RightHandThumb3-anim" name="mixamorig_RightHandThumb3">
      <source id="mixamorig_RightHandThumb3-Matrix-animation-input">
        <float_array id="mixamorig_RightHandThumb3-Matrix-animation-input-array" count="22">

0.000000 0.033333 0.066667 0.100000 0.133333 0.166667 0.200000 0.233333 0.266667 0.300000 0.333333 0.366667 0.400000 0.433333 0.466667 0.500000
0.533333 0.566667 0.600000 0.633333 0.666667 0.700000</float_array>
        <technique_common>
          <accessor source="#mixamorig_RightHandThumb3-Matrix-animation-input-array" count="22">
            <param name="TIME" type="float"/>
          </accessor>
        </technique_common>
      </source>
      <source id="mixamorig_RightHandThumb3-Matrix-animation-output-transform">
        <float_array id="mixamorig_RightHandThumb3-Matrix-animation-output-transform-array" count="352">

1.000000 -0.000000 0.000000 0.000000 0.000000 1.000000 -0.000000 4.382100 -0.000000 0.000000 1.000000 0.000000 0.000000 0.000000 0.000000 1.000000
1.000000 -0.000000 -0.000000 0.000000 0.000000 1.000000 0.000000 4.382100 0.000000 -0.000000 1.000000 0.000000 0.000000 0.000000 0.000000 1.000000
1.000000 -0.000000 -0.000000 -0.000000 0.000000 1.000000 -0.000000 4.382100 0.000000 0.000000 1.000000 0.000000 0.000000 0.000000 0.000000 1.000000
1.000000 0.000000 -0.000000 0.000000 -0.000000 1.000000 -0.000000 4.382100 0.000000 0.000000 1.000000 0.000000 0.000000 0.000000 0.000000 1.000000
1.000000 0.000000 -0.000000 0.000000 -0.000000 1.000000 0.000000 4.382100 0.000000 -0.000000 1.000000 0.000000 0.000000 0.000000 0.000000 1.000000
1.000000 0.000000 0.000000 0.000000 -0.000000 1.000000 -0.000000 4.382100 -0.000000 0.000000 1.000000 0.000000 0.000000 0.000000 0.000000 1.000000
1.000000 -0.000000 0.000000 0.000000 0.000000 1.000000 0.000000 4.382100 -0.000000 -0.000000 1.000000 -0.000000 0.000000 0.000000 0.000000 1.000000
1.000000 0.000000 -0.000000 -0.000000 -0.000000 1.000000 -0.000000 4.382100 0.000000 0.000000 1.000000 0.000000 0.000000 0.000000 0.000000 1.000000
1.000000 -0.000000 -0.000000 0.000000 0.000000 1.000000 0.000000 4.382100 0.000000 -0.000000 1.000000 0.000000 0.000000 0.000000 0.000000 1.000000
1.000000 0.000000 0.000000 0.000000 -0.000000 1.000000 -0.000000 4.382100 -0.000000 0.000000 1.000000 0.000000 0.000000 0.000000 0.000000 1.000000
1.000000 0.000000 0.000000 -0.000000 -0.000000 1.000000 0.000000 4.382100 -0.000000 -0.000000 1.000000 0.000000 0.000000 0.000000 0.000000 1.000000
1.000000 -0.000000 -0.000000 -0.000000 0.000000 1.000000 0.000000 4.382100 0.000000 -0.000000 1.000000 0.000000 0.000000 0.000000 0.000000 1.000000
1.000000 0.000000 0.000000 -0.000000 -0.000000 1.000000 -0.000000 4.382100 0.000000 -0.000000 1.000000 0.000000 0.000000 0.000000 0.000000 1.000000
1.000000 0.000000 0.000000 0.000000 -0.000000 1.000000 -0.000000 4.382100 -0.000000 0.000000 1.000000 -0.000000 0.000000 0.000000 0.000000 1.000000
1.000000 0.000000 -0.000000 0.000000 -0.000000 1.000000 -0.000000 4.382100 0.000000 0.000000 1.000000 -0.000000 0.000000 0.000000 0.000000 1.000000
1.000000 0.000000 -0.000000 -0.000000 -0.000000 1.000000 -0.000000 4.382100 0.000000 0.000000 1.000000 0.000000 0.000000 0.000000 0.000000 1.000000
1.000000 0.000000 -0.000000 0.000000 -0.000000 1.000000 0.000000 4.382100 0.000000 -0.000000 1.000000 0.000000 0.000000 0.000000 0.000000 1.000000
1.000000 0.000000 0.000000 0.000000 -0.000000 1.000000 -0.000000 4.382100 -0.000000 0.000000 1.000000 0.000000 0.000000 0.000000 0.000000 1.000000
1.000000 -0.000000 -0.000000 0.000000 0.000000 1.000000 0.000000 4.382100 0.000000 -0.000000 1.000000 -0.000000 0.000000 0.000000 0.000000 1.000000
1.000000 -0.000000 0.000000 -0.000000 0.000000 1.000000 0.000000 4.382100 -0.000000 -0.000000 1.000000 0.000000 0.000000 0.000000 0.000000 1.000000
1.000000 -0.000000 -0.000000 0.000000 0.000000 1.000000 -0.000000 4.382100 0.000000 0.000000 1.000000 0.000000 0.000000 0.000000 0.000000 1.000000
1.000000 -0.000000 -0.000000 0.000000 0.000000 1.000000 -0.000000 4.382100 0.000000 0.000000 1.000000 -0.000000 0.000000 0.000000 0.000000 1.000000</float_array>
        <technique_common>
          <accessor source="#mixamorig_RightHandThumb3-Matrix-animation-output-transform-array" count="22" stride="16">
            <param type="float4x4"/>
          </accessor>
        </technique_common>
      </source>
      <source id="mixamorig_RightHandThumb3-Interpolations">
        <Name_array id="mixamorig_RightHandThumb3-Interpolations-array" count="22">
 LINEAR LINEAR LINEAR LINEAR LINEAR LINEAR LINEAR LINEAR LINEAR LINEAR LINEAR
LINEAR LINEAR LINEAR LINEAR LINEAR LINEAR LINEAR LINEAR LINEAR LINEAR LINEAR</Name_array>
        <technique_common>
          <accessor source="#mixamorig_RightHandThumb3-Interpolations-array" count="22">
            <param type="name"/>
          </accessor>
        </technique_common>
      </source>
      <sampler id="mixamorig_RightHandThumb3-Matrix-animation-transform">
        <input semantic="INPUT" source="#mixamorig_RightHandThumb3-Matrix-animation-input"/>
        <input semantic="OUTPUT" source="#mixamorig_RightHandThumb3-Matrix-animation-output-transform"/>
        <input semantic="INTERPOLATION" source="#mixamorig_RightHandThumb3-Interpolations"/>
      </sampler>
      <channel source="#mixamorig_RightHandThumb3-Matrix-animation-transform" target="mixamorig_RightHandThumb3/matrix"/>
    </animation>
    <animation id="mixamorig_RightHandIndex1-anim" name="mixamorig_RightHandIndex1">
      <source id="mixamorig_RightHandIndex1-Matrix-animation-input">
        <float_array id="mixamorig_RightHandIndex1-Matrix-animation-input-array" count="22">

0.000000 0.033333 0.066667 0.100000 0.133333 0.166667 0.200000 0.233333 0.266667 0.300000 0.333333 0.366667 0.400000 0.433333 0.466667 0.500000
0.533333 0.566667 0.600000 0.633333 0.666667 0.700000</float_array>
        <technique_common>
          <accessor source="#mixamorig_RightHandIndex1-Matrix-animation-input-array" count="22">
            <param name="TIME" type="float"/>
          </accessor>
        </technique_common>
      </source>
      <source id="mixamorig_RightHandIndex1-Matrix-animation-output-transform">
        <float_array id="mixamorig_RightHandIndex1-Matrix-animation-output-transform-array" count="352">

0.996871 -0.041831 -0.067077 2.822000 -0.051849 0.294527 -0.954235 12.266600 0.059672 0.954727 0.291437 0.231800 0.000000 0.000000 0.000000 1.000000
0.996799 -0.041419 -0.068376 2.822000 -0.054027 0.281383 -0.958073 12.266600 0.058923 0.958701 0.278245 0.231800 0.000000 0.000000 0.000000 1.000000
0.996613 -0.040488 -0.071577 2.822000 -0.059314 0.248976 -0.966692 12.266600 0.056960 0.967663 0.245731 0.231800 0.000000 0.000000 0.000000 1.000000
0.996354 -0.039474 -0.075630 2.822000 -0.065840 0.207947 -0.975922 12.266600 0.054250 0.977343 0.204590 0.231800 0.000000 0.000000 0.000000 1.000000
0.996089 -0.038682 -0.079444 2.822000 -0.071818 0.169348 -0.982936 12.266600 0.051475 0.984797 0.165907 0.231800 0.000000 0.000000 0.000000 1.000000
0.995907 -0.038255 -0.081894 2.822000 -0.075576 0.144556 -0.986606 12.266600 0.049581 0.988757 0.141073 0.231800 0.000000 0.000000 0.000000 1.000000
0.995895 -0.038231 -0.082049 2.822000 -0.075812 0.142979 -0.986818 12.266600 0.049458 0.988987 0.139494 0.231800 0.000000 0.000000 0.000000 1.000000
0.996008 -0.038483 -0.080545 2.822000 -0.073515 0.158202 -0.984666 12.266600 0.050635 0.986657 0.154742 0.231800 0.000000 0.000000 0.000000 1.000000
0.996202 -0.038994 -0.077852 2.822000 -0.069343 0.185452 -0.980204 12.266600 0.052660 0.981879 0.182044 0.231800 0.000000 0.000000 0.000000 1.000000
0.996441 -0.039786 -0.074307 2.822000 -0.063730 0.221335 -0.973113 12.266600 0.055163 0.974386 0.218012 0.231800 0.000000 0.000000 0.000000 1.000000
0.996692 -0.040864 -0.070245 2.822000 -0.057129 0.262439 -0.963256 12.266600 0.057797 0.964083 0.259236 0.231800 0.000000 0.000000 0.000000 1.000000
0.996927 -0.042189 -0.066001 2.822000 -0.050030 0.305397 -0.950910 12.266600 0.060275 0.951290 0.302348 0.231800 0.000000 0.000000 0.000000 1.000000
0.997127 -0.043675 -0.061894 2.822000 -0.042958 0.346963 -0.936894 12.266600 0.062394 0.936861 0.344090 0.231800 0.000000 0.000000 0.000000 1.000000
0.997281 -0.045178 -0.058228 2.822000 -0.036467 0.384078 -0.922580 12.266600 0.064044 0.922195 0.381386 0.231800 0.000000 0.000000 0.000000 1.000000
0.997387 -0.046511 -0.055283 2.822000 -0.031126 0.413893 -0.909793 12.266600 0.065197 0.909137 0.411364 0.231800 0.000000 0.000000 0.000000 1.000000
0.997449 -0.047463 -0.053324 2.822000 -0.027509 0.433729 -0.900623 12.266600 0.065874 0.899792 0.431317 0.231800 0.000000 0.000000 0.000000 1.000000
0.997469 -0.047823 -0.052611 2.822000 -0.026179 0.440943 -0.897153 12.266600 0.066103 0.896260 0.438576 0.231800 0.000000 0.000000 0.000000 1.000000
0.997426 -0.047094 -0.054069 2.822000 -0.028892 0.426175 -0.904179 12.266600 0.065625 0.903414 0.423718 0.231800 0.000000 0.000000 0.000000 1.000000
0.997305 -0.045454 -0.057595 2.822000 -0.035328 0.390495 -0.919927 12.266600 0.064305 0.919482 0.387836 0.231800 0.000000 0.000000 0.000000 1.000000
0.997127 -0.043679 -0.061881 2.822000 -0.042934 0.347114 -0.936840 12.266600 0.062400 0.936805 0.344242 0.231800 0.000000 0.000000 0.000000 1.000000
0.996952 -0.042347 -0.065532 2.822000 -0.049232 0.310168 -0.949406 12.266600 0.060530 0.949738 0.307138 0.231800 0.000000 0.000000 0.000000 1.000000
0.996871 -0.041831 -0.067077 2.822000 -0.051849 0.294527 -0.954235 12.266600 0.059672 0.954727 0.291437 0.231800 0.000000 0.000000 0.000000 1.000000</float_array>
        <technique_common>
          <accessor source="#mixamorig_RightHandIndex1-Matrix-animation-output-transform-array" count="22" stride="16">
            <param type="float4x4"/>
          </accessor>
        </technique_common>
      </source>
      <source id="mixamorig_RightHandIndex1-Interpolations">
        <Name_array id="mixamorig_RightHandIndex1-Interpolations-array" count="22">
 LINEAR LINEAR LINEAR LINEAR LINEAR LINEAR LINEAR LINEAR LINEAR LINEAR LINEAR
LINEAR LINEAR LINEAR LINEAR LINEAR LINEAR LINEAR LINEAR LINEAR LINEAR LINEAR</Name_array>
        <technique_common>
          <accessor source="#mixamorig_RightHandIndex1-Interpolations-array" count="22">
            <param type="name"/>
          </accessor>
        </technique_common>
      </source>
      <sampler id="mixamorig_RightHandIndex1-Matrix-animation-transform">
        <input semantic="INPUT" source="#mixamorig_RightHandIndex1-Matrix-animation-input"/>
        <input semantic="OUTPUT" source="#mixamorig_RightHandIndex1-Matrix-animation-output-transform"/>
        <input semantic="INTERPOLATION" source="#mixamorig_RightHandIndex1-Interpolations"/>
      </sampler>
      <channel source="#mixamorig_RightHandIndex1-Matrix-animation-transform" target="mixamorig_RightHandIndex1/matrix"/>
    </animation>
    <animation id="mixamorig_RightHandIndex2-anim" name="mixamorig_RightHandIndex2">
      <source id="mixamorig_RightHandIndex2-Matrix-animation-input">
        <float_array id="mixamorig_RightHandIndex2-Matrix-animation-input-array" count="22">

0.000000 0.033333 0.066667 0.100000 0.133333 0.166667 0.200000 0.233333 0.266667 0.300000 0.333333 0.366667 0.400000 0.433333 0.466667 0.500000
0.533333 0.566667 0.600000 0.633333 0.666667 0.700000</float_array>
        <technique_common>
          <accessor source="#mixamorig_RightHandIndex2-Matrix-animation-input-array" count="22">
            <param name="TIME" type="float"/>
          </accessor>
        </technique_common>
      </source>
      <source id="mixamorig_RightHandIndex2-Matrix-animation-output-transform">
        <float_array id="mixamorig_RightHandIndex2-Matrix-animation-output-transform-array" count="352">

0.993941 0.095299 -0.054761 -0.000000 -0.051425 -0.037112 -0.997987 3.892000 -0.097139 0.994757 -0.031986 0.000000 0.000000 0.000000 0.000000 1.000000
0.993809 0.095908 -0.056084 -0.000000 -0.051368 -0.050954 -0.997379 3.892000 -0.098515 0.994085 -0.045712 -0.000000 0.000000 0.000000 0.000000 1.000000
0.993481 0.097325 -0.059350 0.000000 -0.051140 -0.084783 -0.995086 3.892000 -0.101879 0.991635 -0.079254 0.000000 0.000000 0.000000 0.000000 1.000000
0.993065 0.098942 -0.063503 0.000000 -0.050688 -0.127039 -0.990602 3.892000 -0.106080 0.986951 -0.121142 -0.000000 0.000000 0.000000 0.000000 1.000000
0.992670 0.100291 -0.067437 -0.000000 -0.050107 -0.166246 -0.984810 3.892000 -0.109978 0.980971 -0.160002 0.000000 0.000000 0.000000 0.000000 1.000000
0.992416 0.101069 -0.069975 0.000000 -0.049654 -0.191150 -0.980304 3.892000 -0.112454 0.976344 -0.184681 -0.000000 0.000000 0.000000 0.000000 1.000000
0.992399 0.101116 -0.070136 0.000000 -0.049623 -0.192725 -0.979997 3.892000 -0.112611 0.976029 -0.186243 0.000000 0.000000 0.000000 0.000000 1.000000
0.992556 0.100649 -0.068575 0.000000 -0.049910 -0.177468 -0.982860 3.892000 -0.111094 0.978966 -0.171124 0.000000 0.000000 0.000000 0.000000 1.000000
0.992835 0.099748 -0.065791 0.000000 -0.050366 -0.149951 -0.987410 3.892000 -0.108358 0.983649 -0.143853 0.000000 0.000000 0.000000 0.000000 1.000000
0.993202 0.098434 -0.062140 0.000000 -0.050851 -0.113312 -0.992257 3.892000 -0.104713 0.988671 -0.107536 0.000000 0.000000 0.000000 0.000000 1.000000
0.993618 0.096748 -0.057985 -0.000000 -0.051245 -0.070762 -0.996176 3.892000 -0.100481 0.992790 -0.065352 0.000000 0.000000 0.000000 0.000000 1.000000
0.994051 0.094771 -0.053671 -0.000000 -0.051461 -0.025611 -0.998347 3.892000 -0.095989 0.995170 -0.020581 0.000000 0.000000 0.000000 0.000000 1.000000
0.994467 0.092642 -0.049526 0.000000 -0.051475 0.018769 -0.998498 3.892000 -0.091573 0.995523 0.023434 0.000000 0.000000 0.000000 0.000000 1.000000
0.994836 0.090552 -0.045850 0.000000 -0.051317 0.058997 -0.996938 3.892000 -0.087570 0.994143 0.063340 -0.000000 0.000000 0.000000 0.000000 1.000000
0.995130 0.088738 -0.042916 0.000000 -0.051069 0.091743 -0.994472 3.892000 -0.084310 0.991821 0.095828 -0.000000 0.000000 0.000000 0.000000 1.000000
0.995325 0.087462 -0.040974 0.000000 -0.050841 0.113751 -0.992208 3.892000 -0.082120 0.989652 0.117666 0.000000 0.000000 0.000000 0.000000 1.000000
0.995396 0.086984 -0.040269 -0.000000 -0.050745 0.121801 -0.991257 3.892000 -0.081318 0.988736 0.125654 -0.000000 0.000000 0.000000 0.000000 1.000000
0.995251 0.087955 -0.041713 -0.000000 -0.050934 0.105350 -0.993130 3.892000 -0.082956 0.990538 0.109329 0.000000 0.000000 0.000000 0.000000 1.000000
0.994899 0.090175 -0.045219 -0.000000 -0.051274 0.066007 -0.996501 3.892000 -0.086875 0.993736 0.070294 0.000000 0.000000 0.000000 0.000000 1.000000
0.994468 0.092638 -0.049512 0.000000 -0.051475 0.018925 -0.998495 3.892000 -0.091561 0.995520 0.023589 0.000000 0.000000 0.000000 0.000000 1.000000
0.994099 0.094543 -0.053196 0.000000 -0.051474 -0.020559 -0.998463 3.892000 -0.095491 0.995308 -0.015572 0.000000 0.000000 0.000000 0.000000 1.000000
0.993941 0.095299 -0.054762 0.000000 -0.051426 -0.037111 -0.997987 3.892000 -0.097139 0.994757 -0.031986 0.000000 0.000000 0.000000 0.000000 1.000000</float_array>
        <technique_common>
          <accessor source="#mixamorig_RightHandIndex2-Matrix-animation-output-transform-array" count="22" stride="16">
            <param type="float4x4"/>
          </accessor>
        </technique_common>
      </source>
      <source id="mixamorig_RightHandIndex2-Interpolations">
        <Name_array id="mixamorig_RightHandIndex2-Interpolations-array" count="22">
 LINEAR LINEAR LINEAR LINEAR LINEAR LINEAR LINEAR LINEAR LINEAR LINEAR LINEAR
LINEAR LINEAR LINEAR LINEAR LINEAR LINEAR LINEAR LINEAR LINEAR LINEAR LINEAR</Name_array>
        <technique_common>
          <accessor source="#mixamorig_RightHandIndex2-Interpolations-array" count="22">
            <param type="name"/>
          </accessor>
        </technique_common>
      </source>
      <sampler id="mixamorig_RightHandIndex2-Matrix-animation-transform">
        <input semantic="INPUT" source="#mixamorig_RightHandIndex2-Matrix-animation-input"/>
        <input semantic="OUTPUT" source="#mixamorig_RightHandIndex2-Matrix-animation-output-transform"/>
        <input semantic="INTERPOLATION" source="#mixamorig_RightHandIndex2-Interpolations"/>
      </sampler>
      <channel source="#mixamorig_RightHandIndex2-Matrix-animation-transform" target="mixamorig_RightHandIndex2/matrix"/>
    </animation>
    <animation id="mixamorig_RightHandIndex3-anim" name="mixamorig_RightHandIndex3">
      <source id="mixamorig_RightHandIndex3-Matrix-animation-input">
        <float_array id="mixamorig_RightHandIndex3-Matrix-animation-input-array" count="22">

0.000000 0.033333 0.066667 0.100000 0.133333 0.166667 0.200000 0.233333 0.266667 0.300000 0.333333 0.366667 0.400000 0.433333 0.466667 0.500000
0.533333 0.566667 0.600000 0.633333 0.666667 0.700000</float_array>
        <technique_common>
          <accessor source="#mixamorig_RightHandIndex3-Matrix-animation-input-array" count="22">
            <param name="TIME" type="float"/>
          </accessor>
        </technique_common>
      </source>
      <source id="mixamorig_RightHandIndex3-Matrix-animation-output-transform">
        <float_array id="mixamorig_RightHandIndex3-Matrix-animation-output-transform-array" count="352">

1.000000 0.000000 0.000000 0.000000 -0.000000 1.000000 -0.000000 3.415200 -0.000000 0.000000 1.000000 0.000000 0.000000 0.000000 0.000000 1.000000
1.000000 -0.000000 -0.000000 0.000000 0.000000 1.000000 0.000000 3.415200 0.000000 -0.000000 1.000000 0.000000 0.000000 0.000000 0.000000 1.000000
1.000000 -0.000000 -0.000000 0.000000 0.000000 1.000000 0.000000 3.415200 0.000000 -0.000000 1.000000 0.000000 0.000000 0.000000 0.000000 1.000000
1.000000 0.000000 -0.000000 0.000000 -0.000000 1.000000 -0.000000 3.415200 0.000000 0.000000 1.000000 0.000000 0.000000 0.000000 0.000000 1.000000
1.000000 0.000000 0.000000 0.000000 -0.000000 1.000000 0.000000 3.415200 -0.000000 -0.000000 1.000000 0.000000 0.000000 0.000000 0.000000 1.000000
1.000000 -0.000000 -0.000000 0.000000 0.000000 1.000000 0.000000 3.415200 0.000000 -0.000000 1.000000 -0.000000 0.000000 0.000000 0.000000 1.000000
1.000000 -0.000000 -0.000000 0.000000 0.000000 1.000000 -0.000000 3.415200 0.000000 0.000000 1.000000 0.000000 0.000000 0.000000 0.000000 1.000000
1.000000 0.000000 0.000000 -0.000000 -0.000000 1.000000 0.000000 3.415200 -0.000000 0.000000 1.000000 -0.000000 0.000000 0.000000 0.000000 1.000000
1.000000 0.000000 0.000000 0.000000 -0.000000 1.000000 0.000000 3.415200 0.000000 -0.000000 1.000000 0.000000 0.000000 0.000000 0.000000 1.000000
1.000000 -0.000000 0.000000 0.000000 0.000000 1.000000 0.000000 3.415200 -0.000000 -0.000000 1.000000 0.000000 0.000000 0.000000 0.000000 1.000000
1.000000 -0.000000 0.000000 -0.000000 -0.000000 1.000000 -0.000000 3.415200 0.000000 -0.000000 1.000000 -0.000000 0.000000 0.000000 0.000000 1.000000
1.000000 0.000000 0.000000 0.000000 -0.000000 1.000000 -0.000000 3.415200 -0.000000 0.000000 1.000000 0.000000 0.000000 0.000000 0.000000 1.000000
1.000000 -0.000000 -0.000000 0.000000 0.000000 1.000000 -0.000000 3.415200 0.000000 0.000000 1.000000 0.000000 0.000000 0.000000 0.000000 1.000000
1.000000 -0.000000 -0.000000 -0.000000 0.000000 1.000000 -0.000000 3.415200 0.000000 0.000000 1.000000 0.000000 0.000000 0.000000 0.000000 1.000000
1.000000 0.000000 0.000000 -0.000000 0.000000 1.000000 0.000000 3.415200 0.000000 -0.000000 1.000000 -0.000000 0.000000 0.000000 0.000000 1.000000
1.000000 -0.000000 0.000000 0.000000 0.000000 1.000000 0.000000 3.415200 -0.000000 -0.000000 1.000000 0.000000 0.000000 0.000000 0.000000 1.000000
1.000000 -0.000000 -0.000000 0.000000 0.000000 1.000000 -0.000000 3.415200 0.000000 -0.000000 1.000000 0.000000 0.000000 0.000000 0.000000 1.000000
1.000000 -0.000000 0.000000 0.000000 -0.000000 1.000000 0.000000 3.415200 0.000000 0.000000 1.000000 0.000000 0.000000 0.000000 0.000000 1.000000
1.000000 0.000000 -0.000000 -0.000000 0.000000 1.000000 -0.000000 3.415200 -0.000000 0.000000 1.000000 0.000000 0.000000 0.000000 0.000000 1.000000
1.000000 0.000000 -0.000000 0.000000 0.000000 1.000000 -0.000000 3.415200 -0.000000 0.000000 1.000000 -0.000000 0.000000 0.000000 0.000000 1.000000
1.000000 -0.000000 0.000000 0.000000 0.000000 1.000000 -0.000000 3.415200 -0.000000 0.000000 1.000000 -0.000000 0.000000 0.000000 0.000000 1.000000
1.000000 -0.000000 -0.000000 0.000000 0.000000 1.000000 -0.000000 3.415200 0.000000 0.000000 1.000000 -0.000000 0.000000 0.000000 0.000000 1.000000</float_array>
        <technique_common>
          <accessor source="#mixamorig_RightHandIndex3-Matrix-animation-output-transform-array" count="22" stride="16">
            <param type="float4x4"/>
          </accessor>
        </technique_common>
      </source>
      <source id="mixamorig_RightHandIndex3-Interpolations">
        <Name_array id="mixamorig_RightHandIndex3-Interpolations-array" count="22">
 LINEAR LINEAR LINEAR LINEAR LINEAR LINEAR LINEAR LINEAR LINEAR LINEAR LINEAR
LINEAR LINEAR LINEAR LINEAR LINEAR LINEAR LINEAR LINEAR LINEAR LINEAR LINEAR</Name_array>
        <technique_common>
          <accessor source="#mixamorig_RightHandIndex3-Interpolations-array" count="22">
            <param type="name"/>
          </accessor>
        </technique_common>
      </source>
      <sampler id="mixamorig_RightHandIndex3-Matrix-animation-transform">
        <input semantic="INPUT" source="#mixamorig_RightHandIndex3-Matrix-animation-input"/>
        <input semantic="OUTPUT" source="#mixamorig_RightHandIndex3-Matrix-animation-output-transform"/>
        <input semantic="INTERPOLATION" source="#mixamorig_RightHandIndex3-Interpolations"/>
      </sampler>
      <channel source="#mixamorig_RightHandIndex3-Matrix-animation-transform" target="mixamorig_RightHandIndex3/matrix"/>
    </animation>
    <animation id="mixamorig_RightHandMiddle1-anim" name="mixamorig_RightHandMiddle1">
      <source id="mixamorig_RightHandMiddle1-Matrix-animation-input">
        <float_array id="mixamorig_RightHandMiddle1-Matrix-animation-input-array" count="22">

0.000000 0.033333 0.066667 0.100000 0.133333 0.166667 0.200000 0.233333 0.266667 0.300000 0.333333 0.366667 0.400000 0.433333 0.466667 0.500000
0.533333 0.566667 0.600000 0.633333 0.666667 0.700000</float_array>
        <technique_common>
          <accessor source="#mixamorig_RightHandMiddle1-Matrix-animation-input-array" count="22">
            <param name="TIME" type="float"/>
          </accessor>
        </technique_common>
      </source>
      <source id="mixamorig_RightHandMiddle1-Matrix-animation-output-transform">
        <float_array id="mixamorig_RightHandMiddle1-Matrix-animation-output-transform-array" count="352">

0.998638 0.044588 -0.027100 0.000000 -0.035725 0.205750 -0.977952 12.775500 -0.038029 0.977588 0.207063 -0.000000 0.000000 0.000000 0.000000 1.000000
0.998570 0.045333 -0.028322 0.000000 -0.036540 0.192189 -0.980677 12.775500 -0.039014 0.980310 0.193571 0.000000 0.000000 0.000000 0.000000 1.000000
0.998400 0.047050 -0.031375 -0.000000 -0.038488 0.158831 -0.986555 12.775500 -0.041434 0.986184 0.160387 0.000000 0.000000 0.000000 0.000000 1.000000
0.998175 0.048983 -0.035309 0.000000 -0.040831 0.116754 -0.992321 12.775500 -0.044484 0.991952 0.118541 0.000000 0.000000 0.000000 0.000000 1.000000
0.997956 0.050559 -0.039073 0.000000 -0.042917 0.077320 -0.996082 12.775500 -0.047340 0.995724 0.079332 0.000000 0.000000 0.000000 0.000000 1.000000
0.997812 0.051449 -0.041518 -0.000000 -0.044197 0.052070 -0.997665 12.775500 -0.049167 0.997317 0.054230 0.000000 0.000000 0.000000 0.000000 1.000000
0.997803 0.051502 -0.041674 0.000000 -0.044276 0.050467 -0.997744 12.775500 -0.049283 0.997397 0.052636 0.000000 0.000000 0.000000 0.000000 1.000000
0.997892 0.050971 -0.040170 0.000000 -0.043498 0.065962 -0.996874 12.775500 -0.048162 0.996519 0.068040 -0.000000 0.000000 0.000000 0.000000 1.000000
0.998049 0.049929 -0.037496 -0.000000 -0.042060 0.093755 -0.994706 12.775500 -0.046150 0.994343 0.095672 0.000000 0.000000 0.000000 0.000000 1.000000
0.998250 0.048381 -0.034016 0.000000 -0.040080 0.130465 -0.990643 12.775500 -0.043490 0.990272 0.132175 0.000000 0.000000 0.000000 0.000000 1.000000
0.998471 0.046356 -0.030098 -0.000000 -0.037686 0.172676 -0.984258 12.775500 -0.040429 0.983887 0.174159 0.000000 0.000000 0.000000 0.000000 1.000000
0.998690 0.044031 -0.026054 0.000000 -0.035017 0.216982 -0.975547 12.775500 -0.037301 0.975182 0.218239 0.000000 0.000000 0.000000 0.000000 1.000000
0.998887 0.041630 -0.022163 0.000000 -0.032250 0.260046 -0.965057 12.775500 -0.034412 0.964698 0.261099 0.000000 0.000000 0.000000 0.000000 1.000000
0.999052 0.039305 -0.018727 -0.000000 -0.029631 0.298666 -0.953897 12.775500 -0.031900 0.953548 0.299548 0.000000 0.000000 0.000000 0.000000 1.000000
0.999176 0.037307 -0.015996 0.000000 -0.027422 0.329810 -0.943649 12.775500 -0.029929 0.943310 0.330562 -0.000000 0.000000 0.000000 0.000000 1.000000
0.999254 0.035911 -0.014193 -0.000000 -0.025897 0.350593 -0.936170 12.775500 -0.028643 0.935839 0.351261 0.000000 0.000000 0.000000 0.000000 1.000000
0.999282 0.035390 -0.013540 0.000000 -0.025331 0.358164 -0.933315 12.775500 -0.028180 0.932988 0.358803 -0.000000 0.000000 0.000000 0.000000 1.000000
0.999225 0.036450 -0.014878 0.000000 -0.026483 0.342673 -0.939081 12.775500 -0.029131 0.938747 0.343373 0.000000 0.000000 0.000000 0.000000 1.000000
0.999079 0.038886 -0.018138 0.000000 -0.029164 0.305359 -0.951791 12.775500 -0.031473 0.951443 0.306211 0.000000 0.000000 0.000000 0.000000 1.000000
0.998888 0.041623 -0.022150 0.000000 -0.032242 0.260202 -0.965016 12.775500 -0.034403 0.964657 0.261255 0.000000 0.000000 0.000000 0.000000 1.000000
0.998713 0.043769 -0.025608 0.000000 -0.034711 0.221915 -0.974448 12.775500 -0.036968 0.974083 0.223149 0.000000 0.000000 0.000000 0.000000 1.000000
0.998636 0.044644 -0.027074 -0.000000 -0.035711 0.205752 -0.977952 12.775500 -0.038089 0.977585 0.207066 0.000000 0.000000 0.000000 0.000000 1.000000</float_array>
        <technique_common>
          <accessor source="#mixamorig_RightHandMiddle1-Matrix-animation-output-transform-array" count="22" stride="16">
            <param type="float4x4"/>
          </accessor>
        </technique_common>
      </source>
      <source id="mixamorig_RightHandMiddle1-Interpolations">
        <Name_array id="mixamorig_RightHandMiddle1-Interpolations-array" count="22">
 LINEAR LINEAR LINEAR LINEAR LINEAR LINEAR LINEAR LINEAR LINEAR LINEAR LINEAR
LINEAR LINEAR LINEAR LINEAR LINEAR LINEAR LINEAR LINEAR LINEAR LINEAR LINEAR</Name_array>
        <technique_common>
          <accessor source="#mixamorig_RightHandMiddle1-Interpolations-array" count="22">
            <param type="name"/>
          </accessor>
        </technique_common>
      </source>
      <sampler id="mixamorig_RightHandMiddle1-Matrix-animation-transform">
        <input semantic="INPUT" source="#mixamorig_RightHandMiddle1-Matrix-animation-input"/>
        <input semantic="OUTPUT" source="#mixamorig_RightHandMiddle1-Matrix-animation-output-transform"/>
        <input semantic="INTERPOLATION" source="#mixamorig_RightHandMiddle1-Interpolations"/>
      </sampler>
      <channel source="#mixamorig_RightHandMiddle1-Matrix-animation-transform" target="mixamorig_RightHandMiddle1/matrix"/>
    </animation>
    <animation id="mixamorig_RightHandMiddle2-anim" name="mixamorig_RightHandMiddle2">
      <source id="mixamorig_RightHandMiddle2-Matrix-animation-input">
        <float_array id="mixamorig_RightHandMiddle2-Matrix-animation-input-array" count="22">

0.000000 0.033333 0.066667 0.100000 0.133333 0.166667 0.200000 0.233333 0.266667 0.300000 0.333333 0.366667 0.400000 0.433333 0.466667 0.500000
0.533333 0.566667 0.600000 0.633333 0.666667 0.700000</float_array>
        <technique_common>
          <accessor source="#mixamorig_RightHandMiddle2-Matrix-animation-input-array" count="22">
            <param name="TIME" type="float"/>
          </accessor>
        </technique_common>
      </source>
      <source id="mixamorig_RightHandMiddle2-Matrix-animation-output-transform">
        <float_array id="mixamorig_RightHandMiddle2-Matrix-animation-output-transform-array" count="352">

0.993763 0.087659 -0.068931 -0.000000 -0.075231 0.070719 -0.994655 3.614000 -0.082316 0.993637 0.076873 -0.000000 0.000000 0.000000 0.000000 1.000000
0.993657 0.087918 -0.070121 0.000000 -0.075286 0.056877 -0.995539 3.614000 -0.083538 0.994503 0.063135 0.000000 0.000000 0.000000 0.000000 1.000000
0.993390 0.088502 -0.073106 0.000000 -0.075408 0.022958 -0.996888 3.614000 -0.086548 0.995811 0.029480 0.000000 0.000000 0.000000 0.000000 1.000000
0.993053 0.089091 -0.076865 0.000000 -0.075411 -0.019582 -0.996960 3.614000 -0.090325 0.995831 -0.012728 0.000000 0.000000 0.000000 0.000000 1.000000
0.992737 0.089495 -0.080395 0.000000 -0.075271 -0.059231 -0.995402 3.614000 -0.093845 0.994224 -0.052065 -0.000000 0.000000 0.000000 0.000000 1.000000
0.992539 0.089675 -0.082615 0.000000 -0.075067 -0.084505 -0.993591 3.614000 -0.096082 0.992380 -0.077143 0.000000 0.000000 0.000000 0.000000 1.000000
0.992526 0.089685 -0.082753 0.000000 -0.075050 -0.086107 -0.993455 3.614000 -0.096223 0.992241 -0.078733 0.000000 0.000000 0.000000 0.000000 1.000000
0.992650 0.089580 -0.081376 -0.000000 -0.075169 -0.070611 -0.994668 3.614000 -0.094849 0.993473 -0.063358 0.000000 0.000000 0.000000 0.000000 1.000000
0.992869 0.089343 -0.078921 -0.000000 -0.075344 -0.042732 -0.996242 3.614000 -0.092380 0.995084 -0.035696 0.000000 0.000000 0.000000 0.000000 1.000000
0.993163 0.088915 -0.075635 0.000000 -0.075424 -0.005741 -0.997135 3.614000 -0.089094 0.996023 0.001004 0.000000 0.000000 0.000000 0.000000 1.000000
0.993501 0.088269 -0.071859 0.000000 -0.075364 0.037031 -0.996468 3.614000 -0.085296 0.995408 0.043443 0.000000 0.000000 0.000000 0.000000 1.000000
0.993856 0.087410 -0.067898 0.000000 -0.075123 0.082204 -0.993780 3.614000 -0.081285 0.992775 0.088265 0.000000 0.000000 0.000000 0.000000 1.000000
0.994200 0.086392 -0.064050 0.000000 -0.074708 0.126390 -0.989163 3.614000 -0.077360 0.988211 0.132111 0.000000 0.000000 0.000000 0.000000 1.000000
0.994509 0.085321 -0.060602 0.000000 -0.074182 0.166258 -0.983288 3.614000 -0.073820 0.982384 0.171674 0.000000 0.000000 0.000000 0.000000 1.000000
0.994757 0.084345 -0.057823 0.000000 -0.073646 0.198581 -0.977314 3.614000 -0.070949 0.976448 0.203751 0.000000 0.000000 0.000000 0.000000 1.000000
0.994923 0.083636 -0.055969 -0.000000 -0.073232 0.220239 -0.972693 3.614000 -0.069025 0.971854 0.225246 -0.000000 0.000000 0.000000 0.000000 1.000000
0.994984 0.083366 -0.055294 -0.000000 -0.073070 0.228147 -0.970881 3.614000 -0.068323 0.970051 0.233094 -0.000000 0.000000 0.000000 0.000000 1.000000
0.994860 0.083912 -0.056676 0.000000 -0.073396 0.211977 -0.974515 3.614000 -0.069759 0.973666 0.217046 0.000000 0.000000 0.000000 0.000000 1.000000
0.994562 0.085123 -0.060006 -0.000000 -0.074077 0.173187 -0.982099 3.614000 -0.073207 0.981204 0.178551 -0.000000 0.000000 0.000000 0.000000 1.000000
0.994201 0.086392 -0.064038 0.000000 -0.074708 0.126545 -0.989144 3.614000 -0.077350 0.988192 0.132265 -0.000000 0.000000 0.000000 0.000000 1.000000
0.993895 0.087307 -0.067459 0.000000 -0.075086 0.087244 -0.993353 3.614000 -0.080842 0.992354 0.093267 0.000000 0.000000 0.000000 0.000000 1.000000
0.993768 0.087643 -0.068873 0.000000 -0.075172 0.070720 -0.994660 3.614000 -0.082305 0.993638 0.076867 0.000000 0.000000 0.000000 0.000000 1.000000</float_array>
        <technique_common>
          <accessor source="#mixamorig_RightHandMiddle2-Matrix-animation-output-transform-array" count="22" stride="16">
            <param type="float4x4"/>
          </accessor>
        </technique_common>
      </source>
      <source id="mixamorig_RightHandMiddle2-Interpolations">
        <Name_array id="mixamorig_RightHandMiddle2-Interpolations-array" count="22">
 LINEAR LINEAR LINEAR LINEAR LINEAR LINEAR LINEAR LINEAR LINEAR LINEAR LINEAR
LINEAR LINEAR LINEAR LINEAR LINEAR LINEAR LINEAR LINEAR LINEAR LINEAR LINEAR</Name_array>
        <technique_common>
          <accessor source="#mixamorig_RightHandMiddle2-Interpolations-array" count="22">
            <param type="name"/>
          </accessor>
        </technique_common>
      </source>
      <sampler id="mixamorig_RightHandMiddle2-Matrix-animation-transform">
        <input semantic="INPUT" source="#mixamorig_RightHandMiddle2-Matrix-animation-input"/>
        <input semantic="OUTPUT" source="#mixamorig_RightHandMiddle2-Matrix-animation-output-transform"/>
        <input semantic="INTERPOLATION" source="#mixamorig_RightHandMiddle2-Interpolations"/>
      </sampler>
      <channel source="#mixamorig_RightHandMiddle2-Matrix-animation-transform" target="mixamorig_RightHandMiddle2/matrix"/>
    </animation>
    <animation id="mixamorig_RightHandMiddle3-anim" name="mixamorig_RightHandMiddle3">
      <source id="mixamorig_RightHandMiddle3-Matrix-animation-input">
        <float_array id="mixamorig_RightHandMiddle3-Matrix-animation-input-array" count="22">

0.000000 0.033333 0.066667 0.100000 0.133333 0.166667 0.200000 0.233333 0.266667 0.300000 0.333333 0.366667 0.400000 0.433333 0.466667 0.500000
0.533333 0.566667 0.600000 0.633333 0.666667 0.700000</float_array>
        <technique_common>
          <accessor source="#mixamorig_RightHandMiddle3-Matrix-animation-input-array" count="22">
            <param name="TIME" type="float"/>
          </accessor>
        </technique_common>
      </source>
      <source id="mixamorig_RightHandMiddle3-Matrix-animation-output-transform">
        <float_array id="mixamorig_RightHandMiddle3-Matrix-animation-output-transform-array" count="352">

1.000000 0.000000 0.000000 0.000000 -0.000000 1.000000 0.000000 3.459800 0.000000 -0.000000 1.000000 0.000000 0.000000 0.000000 0.000000 1.000000
1.000000 -0.000000 -0.000000 0.000000 0.000000 1.000000 -0.000000 3.459800 0.000000 0.000000 1.000000 0.000000 0.000000 0.000000 0.000000 1.000000
1.000000 0.000000 -0.000000 0.000000 -0.000000 1.000000 0.000000 3.459800 0.000000 -0.000000 1.000000 0.000000 0.000000 0.000000 0.000000 1.000000
1.000000 -0.000000 0.000000 0.000000 -0.000000 1.000000 0.000000 3.459800 -0.000000 -0.000000 1.000000 0.000000 0.000000 0.000000 0.000000 1.000000
1.000000 -0.000000 0.000000 0.000000 0.000000 1.000000 0.000000 3.459800 -0.000000 -0.000000 1.000000 0.000000 0.000000 0.000000 0.000000 1.000000
1.000000 0.000000 -0.000000 -0.000000 -0.000000 1.000000 -0.000000 3.459800 0.000000 -0.000000 1.000000 0.000000 0.000000 0.000000 0.000000 1.000000
1.000000 -0.000000 0.000000 0.000000 0.000000 1.000000 0.000000 3.459800 -0.000000 0.000000 1.000000 -0.000000 0.000000 0.000000 0.000000 1.000000
1.000000 0.000000 0.000000 -0.000000 0.000000 1.000000 0.000000 3.459800 -0.000000 0.000000 1.000000 0.000000 0.000000 0.000000 0.000000 1.000000
1.000000 -0.000000 -0.000000 0.000000 0.000000 1.000000 0.000000 3.459800 0.000000 -0.000000 1.000000 0.000000 0.000000 0.000000 0.000000 1.000000
1.000000 -0.000000 -0.000000 0.000000 0.000000 1.000000 -0.000000 3.459800 0.000000 0.000000 1.000000 0.000000 0.000000 0.000000 0.000000 1.000000
1.000000 0.000000 0.000000 0.000000 0.000000 1.000000 -0.000000 3.459800 0.000000 -0.000000 1.000000 0.000000 0.000000 0.000000 0.000000 1.000000
1.000000 0.000000 -0.000000 0.000000 0.000000 1.000000 0.000000 3.459800 -0.000000 -0.000000 1.000000 0.000000 0.000000 0.000000 0.000000 1.000000
1.000000 -0.000000 0.000000 -0.000000 -0.000000 1.000000 0.000000 3.459800 -0.000000 -0.000000 1.000000 -0.000000 0.000000 0.000000 0.000000 1.000000
1.000000 0.000000 0.000000 0.000000 0.000000 1.000000 0.000000 3.459800 -0.000000 -0.000000 1.000000 0.000000 0.000000 0.000000 0.000000 1.000000
1.000000 0.000000 0.000000 0.000000 0.000000 1.000000 0.000000 3.459800 0.000000 0.000000 1.000000 -0.000000 0.000000 0.000000 0.000000 1.000000
1.000000 -0.000000 0.000000 -0.000000 0.000000 1.000000 0.000000 3.459800 -0.000000 -0.000000 1.000000 0.000000 0.000000 0.000000 0.000000 1.000000
1.000000 0.000000 0.000000 0.000000 -0.000000 1.000000 0.000000 3.459800 -0.000000 -0.000000 1.000000 0.000000 0.000000 0.000000 0.000000 1.000000
1.000000 0.000000 0.000000 0.000000 0.000000 1.000000 -0.000000 3.459800 -0.000000 -0.000000 1.000000 0.000000 0.000000 0.000000 0.000000 1.000000
1.000000 0.000000 0.000000 0.000000 -0.000000 1.000000 0.000000 3.459800 -0.000000 -0.000000 1.000000 0.000000 0.000000 0.000000 0.000000 1.000000
1.000000 -0.000000 0.000000 -0.000000 0.000000 1.000000 0.000000 3.459800 -0.000000 -0.000000 1.000000 0.000000 0.000000 0.000000 0.000000 1.000000
1.000000 0.000000 0.000000 0.000000 0.000000 1.000000 -0.000000 3.459800 0.000000 0.000000 1.000000 -0.000000 0.000000 0.000000 0.000000 1.000000
1.000000 -0.000000 0.000000 0.000000 0.000000 1.000000 0.000000 3.459800 0.000000 0.000000 1.000000 -0.000000 0.000000 0.000000 0.000000 1.000000</float_array>
        <technique_common>
          <accessor source="#mixamorig_RightHandMiddle3-Matrix-animation-output-transform-array" count="22" stride="16">
            <param type="float4x4"/>
          </accessor>
        </technique_common>
      </source>
      <source id="mixamorig_RightHandMiddle3-Interpolations">
        <Name_array id="mixamorig_RightHandMiddle3-Interpolations-array" count="22">
 LINEAR LINEAR LINEAR LINEAR LINEAR LINEAR LINEAR LINEAR LINEAR LINEAR LINEAR
LINEAR LINEAR LINEAR LINEAR LINEAR LINEAR LINEAR LINEAR LINEAR LINEAR LINEAR</Name_array>
        <technique_common>
          <accessor source="#mixamorig_RightHandMiddle3-Interpolations-array" count="22">
            <param type="name"/>
          </accessor>
        </technique_common>
      </source>
      <sampler id="mixamorig_RightHandMiddle3-Matrix-animation-transform">
        <input semantic="INPUT" source="#mixamorig_RightHandMiddle3-Matrix-animation-input"/>
        <input semantic="OUTPUT" source="#mixamorig_RightHandMiddle3-Matrix-animation-output-transform"/>
        <input semantic="INTERPOLATION" source="#mixamorig_RightHandMiddle3-Interpolations"/>
      </sampler>
      <channel source="#mixamorig_RightHandMiddle3-Matrix-animation-transform" target="mixamorig_RightHandMiddle3/matrix"/>
    </animation>
    <animation id="mixamorig_RightHandRing1-anim" name="mixamorig_RightHandRing1">
      <source id="mixamorig_RightHandRing1-Matrix-animation-input">
        <float_array id="mixamorig_RightHandRing1-Matrix-animation-input-array" count="22">

0.000000 0.033333 0.066667 0.100000 0.133333 0.166667 0.200000 0.233333 0.266667 0.300000 0.333333 0.366667 0.400000 0.433333 0.466667 0.500000
0.533333 0.566667 0.600000 0.633333 0.666667 0.700000</float_array>
        <technique_common>
          <accessor source="#mixamorig_RightHandRing1-Matrix-animation-input-array" count="22">
            <param name="TIME" type="float"/>
          </accessor>
        </technique_common>
      </source>
      <source id="mixamorig_RightHandRing1-Matrix-animation-output-transform">
        <float_array id="mixamorig_RightHandRing1-Matrix-animation-output-transform-array" count="352">

0.996613 0.057110 0.059172 -2.216600 0.054618 0.078248 -0.995437 12.147000 -0.061479 0.995297 0.074863 -0.010000 0.000000 0.000000 0.000000 1.000000
0.996539 0.059259 0.058300 -2.216600 0.054453 0.064577 -0.996426 12.147000 -0.062812 0.996152 0.061127 -0.010000 0.000000 0.000000 0.000000 1.000000
0.996339 0.064405 0.056210 -2.216600 0.054299 0.031047 -0.998042 12.147000 -0.066024 0.997441 0.027436 -0.010000 0.000000 0.000000 0.000000 1.000000
0.996066 0.070752 0.053348 -2.216600 0.054261 -0.011035 -0.998466 12.147000 -0.070054 0.997433 -0.014831 -0.010000 0.000000 0.000000 0.000000 1.000000
0.995789 0.076555 0.050439 -2.216600 0.054377 -0.050259 -0.997255 12.147000 -0.073810 0.995798 -0.054210 -0.010000 0.000000 0.000000 0.000000 1.000000
0.995600 0.080200 0.048455 -2.216600 0.054522 -0.075269 -0.995672 12.147000 -0.076206 0.993933 -0.079310 -0.010000 0.000000 0.000000 0.000000 1.000000
0.995588 0.080427 0.048333 -2.216600 0.054539 -0.076854 -0.995550 12.147000 -0.076355 0.993793 -0.080902 -0.010000 0.000000 0.000000 0.000000 1.000000
0.995705 0.078202 0.049553 -2.216600 0.054431 -0.061520 -0.996621 12.147000 -0.074889 0.995038 -0.065512 -0.010000 0.000000 0.000000 0.000000 1.000000
0.995907 0.074154 0.051671 -2.216600 0.054303 -0.033937 -0.997948 12.147000 -0.072249 0.996669 -0.037825 -0.010000 0.000000 0.000000 0.000000 1.000000
0.996158 0.068700 0.054309 -2.216600 0.054255 0.002651 -0.998524 12.147000 -0.068742 0.997634 -0.001086 -0.010000 0.000000 0.000000 0.000000 1.000000
0.996424 0.062279 0.057099 -2.216600 0.054352 0.044945 -0.997510 12.147000 -0.064690 0.997046 0.041399 -0.010000 0.000000 0.000000 0.000000 1.000000
0.996677 0.055363 0.059750 -2.216600 0.054641 0.089594 -0.994478 12.147000 -0.060410 0.994438 0.086271 -0.010000 0.000000 0.000000 0.000000 1.000000
0.996896 0.048462 0.062046 -2.216600 0.055111 0.133252 -0.989549 12.147000 -0.056224 0.989897 0.130167 -0.010000 0.000000 0.000000 0.000000 1.000000
0.997069 0.042120 0.063863 -2.216600 0.055696 0.172629 -0.983411 12.147000 -0.052446 0.984086 0.169777 -0.010000 0.000000 0.000000 0.000000 1.000000
0.997193 0.036895 0.065156 -2.216600 0.056285 0.204543 -0.977238 12.147000 -0.049383 0.978162 0.201893 -0.010000 0.000000 0.000000 0.000000 1.000000
0.997267 0.033352 0.065931 -2.216600 0.056738 0.225921 -0.972492 12.147000 -0.047330 0.973574 0.223412 -0.010000 0.000000 0.000000 0.000000 1.000000
0.997291 0.032043 0.066207 -2.216600 0.056928 0.233726 -0.970634 12.147000 -0.046577 0.971774 0.231269 -0.010000 0.000000 0.000000 0.000000 1.000000
0.997239 0.034708 0.065644 -2.216600 0.056559 0.217769 -0.974360 12.147000 -0.048114 0.975383 0.215204 -0.010000 0.000000 0.000000 0.000000 1.000000
0.997097 0.041007 0.064154 -2.216600 0.055813 0.179473 -0.982178 12.147000 -0.051790 0.982908 0.176663 -0.010000 0.000000 0.000000 0.000000 1.000000
0.996897 0.048439 0.062052 -2.216600 0.055111 0.133410 -0.989527 12.147000 -0.056210 0.989876 0.130327 -0.010000 0.000000 0.000000 0.000000 1.000000
0.996703 0.054584 0.060024 -2.216600 0.054683 0.094582 -0.994014 12.147000 -0.059935 0.994019 0.091286 -0.010000 0.000000 0.000000 0.000000 1.000000
0.996616 0.057145 0.059080 -2.216600 0.054524 0.078254 -0.995441 12.147000 -0.061508 0.995294 0.074873 -0.010000 0.000000 0.000000 0.000000 1.000000</float_array>
        <technique_common>
          <accessor source="#mixamorig_RightHandRing1-Matrix-animation-output-transform-array" count="22" stride="16">
            <param type="float4x4"/>
          </accessor>
        </technique_common>
      </source>
      <source id="mixamorig_RightHandRing1-Interpolations">
        <Name_array id="mixamorig_RightHandRing1-Interpolations-array" count="22">
 LINEAR LINEAR LINEAR LINEAR LINEAR LINEAR LINEAR LINEAR LINEAR LINEAR LINEAR
LINEAR LINEAR LINEAR LINEAR LINEAR LINEAR LINEAR LINEAR LINEAR LINEAR LINEAR</Name_array>
        <technique_common>
          <accessor source="#mixamorig_RightHandRing1-Interpolations-array" count="22">
            <param type="name"/>
          </accessor>
        </technique_common>
      </source>
      <sampler id="mixamorig_RightHandRing1-Matrix-animation-transform">
        <input semantic="INPUT" source="#mixamorig_RightHandRing1-Matrix-animation-input"/>
        <input semantic="OUTPUT" source="#mixamorig_RightHandRing1-Matrix-animation-output-transform"/>
        <input semantic="INTERPOLATION" source="#mixamorig_RightHandRing1-Interpolations"/>
      </sampler>
      <channel source="#mixamorig_RightHandRing1-Matrix-animation-transform" target="mixamorig_RightHandRing1/matrix"/>
    </animation>
    <animation id="mixamorig_RightHandRing2-anim" name="mixamorig_RightHandRing2">
      <source id="mixamorig_RightHandRing2-Matrix-animation-input">
        <float_array id="mixamorig_RightHandRing2-Matrix-animation-input-array" count="22">

0.000000 0.033333 0.066667 0.100000 0.133333 0.166667 0.200000 0.233333 0.266667 0.300000 0.333333 0.366667 0.400000 0.433333 0.466667 0.500000
0.533333 0.566667 0.600000 0.633333 0.666667 0.700000</float_array>
        <technique_common>
          <accessor source="#mixamorig_RightHandRing2-Matrix-animation-input-array" count="22">
            <param name="TIME" type="float"/>
          </accessor>
        </technique_common>
      </source>
      <source id="mixamorig_RightHandRing2-Matrix-animation-output-transform">
        <float_array id="mixamorig_RightHandRing2-Matrix-animation-output-transform-array" count="352">

0.991546 0.086645 -0.096588 0.000000 -0.098994 0.023906 -0.994801 3.601200 -0.083886 0.995952 0.032281 0.000000 0.000000 0.000000 0.000000 1.000000
0.991434 0.086499 -0.097859 -0.000000 -0.099090 0.010038 -0.995028 3.601200 -0.085087 0.996201 0.018523 0.000000 0.000000 0.000000 0.000000 1.000000
0.991183 0.086028 -0.100778 0.000000 -0.099071 -0.023906 -0.994793 3.601200 -0.087989 0.996006 -0.015173 0.000000 0.000000 0.000000 0.000000 1.000000
0.990870 0.085300 -0.104404 0.000000 -0.098899 -0.066405 -0.992879 3.601200 -0.091625 0.994140 -0.057362 0.000000 0.000000 0.000000 0.000000 1.000000
0.990578 0.084483 -0.107788 -0.000000 -0.098632 -0.105938 -0.989469 3.601200 -0.095012 0.990777 -0.096607 0.000000 0.000000 0.000000 0.000000 1.000000
0.990391 0.083893 -0.109947 -0.000000 -0.098407 -0.131099 -0.986473 3.601200 -0.097172 0.987813 -0.121583 -0.000000 0.000000 0.000000 0.000000 1.000000
0.990379 0.083854 -0.110083 0.000000 -0.098391 -0.132692 -0.986262 3.601200 -0.097309 0.987604 -0.123165 0.000000 0.000000 0.000000 0.000000 1.000000
0.990492 0.084226 -0.108770 0.000000 -0.098546 -0.117271 -0.988198 3.601200 -0.095988 0.989522 -0.107856 0.000000 0.000000 0.000000 0.000000 1.000000
0.990698 0.084840 -0.106389 -0.000000 -0.098766 -0.089496 -0.991078 3.601200 -0.093605 0.992367 -0.080284 0.000000 0.000000 0.000000 0.000000 1.000000
0.990972 0.085552 -0.103224 -0.000000 -0.098968 -0.052588 -0.993700 3.601200 -0.090441 0.994945 -0.043647 -0.000000 0.000000 0.000000 0.000000 1.000000
0.991288 0.086234 -0.099562 0.000000 -0.099082 -0.009831 -0.995031 3.601200 -0.086785 0.996226 -0.001201 0.000000 0.000000 0.000000 0.000000 1.000000
0.991624 0.086784 -0.095659 0.000000 -0.099032 0.035419 -0.994454 3.601200 -0.082914 0.995597 0.043716 -0.000000 0.000000 0.000000 0.000000 1.000000
0.991956 0.087150 -0.091808 -0.000000 -0.098812 0.079773 -0.991903 3.601200 -0.079121 0.992996 0.087743 0.000000 0.000000 0.000000 0.000000 1.000000
0.992258 0.087334 -0.088303 0.000000 -0.098466 0.119874 -0.987894 3.601200 -0.075692 0.988940 0.127545 -0.000000 0.000000 0.000000 0.000000 1.000000
0.992504 0.087379 -0.085441 0.000000 -0.098081 0.152443 -0.983433 3.601200 -0.072907 0.984442 0.159870 -0.000000 0.000000 0.000000 0.000000 1.000000
0.992670 0.087356 -0.083512 0.000000 -0.097770 0.174295 -0.979828 3.601200 -0.071038 0.980811 0.181559 -0.000000 0.000000 0.000000 0.000000 1.000000
0.992733 0.087330 -0.082791 0.000000 -0.097630 0.182279 -0.978388 3.601200 -0.070352 0.979361 0.189481 0.000000 0.000000 0.000000 0.000000 1.000000
0.992607 0.087370 -0.084250 0.000000 -0.097894 0.165955 -0.981262 3.601200 -0.071752 0.982255 0.173281 0.000000 0.000000 0.000000 0.000000 1.000000
0.992310 0.087353 -0.087693 -0.000000 -0.098393 0.126851 -0.987030 3.601200 -0.075097 0.988068 0.134470 0.000000 0.000000 0.000000 0.000000 1.000000
0.991956 0.087154 -0.091797 0.000000 -0.098814 0.079929 -0.991891 3.601200 -0.079110 0.992983 0.087898 0.000000 0.000000 0.000000 0.000000 1.000000
0.991661 0.086838 -0.095225 0.000000 -0.099019 0.040475 -0.994262 3.601200 -0.082485 0.995400 0.048736 0.000000 0.000000 0.000000 0.000000 1.000000
0.991534 0.086672 -0.096684 0.000000 -0.099091 0.023906 -0.994791 3.601200 -0.083909 0.995950 0.032292 0.000000 0.000000 0.000000 0.000000 1.000000</float_array>
        <technique_common>
          <accessor source="#mixamorig_RightHandRing2-Matrix-animation-output-transform-array" count="22" stride="16">
            <param type="float4x4"/>
          </accessor>
        </technique_common>
      </source>
      <source id="mixamorig_RightHandRing2-Interpolations">
        <Name_array id="mixamorig_RightHandRing2-Interpolations-array" count="22">
 LINEAR LINEAR LINEAR LINEAR LINEAR LINEAR LINEAR LINEAR LINEAR LINEAR LINEAR
LINEAR LINEAR LINEAR LINEAR LINEAR LINEAR LINEAR LINEAR LINEAR LINEAR LINEAR</Name_array>
        <technique_common>
          <accessor source="#mixamorig_RightHandRing2-Interpolations-array" count="22">
            <param type="name"/>
          </accessor>
        </technique_common>
      </source>
      <sampler id="mixamorig_RightHandRing2-Matrix-animation-transform">
        <input semantic="INPUT" source="#mixamorig_RightHandRing2-Matrix-animation-input"/>
        <input semantic="OUTPUT" source="#mixamorig_RightHandRing2-Matrix-animation-output-transform"/>
        <input semantic="INTERPOLATION" source="#mixamorig_RightHandRing2-Interpolations"/>
      </sampler>
      <channel source="#mixamorig_RightHandRing2-Matrix-animation-transform" target="mixamorig_RightHandRing2/matrix"/>
    </animation>
    <animation id="mixamorig_RightHandRing3-anim" name="mixamorig_RightHandRing3">
      <source id="mixamorig_RightHandRing3-Matrix-animation-input">
        <float_array id="mixamorig_RightHandRing3-Matrix-animation-input-array" count="22">

0.000000 0.033333 0.066667 0.100000 0.133333 0.166667 0.200000 0.233333 0.266667 0.300000 0.333333 0.366667 0.400000 0.433333 0.466667 0.500000
0.533333 0.566667 0.600000 0.633333 0.666667 0.700000</float_array>
        <technique_common>
          <accessor source="#mixamorig_RightHandRing3-Matrix-animation-input-array" count="22">
            <param name="TIME" type="float"/>
          </accessor>
        </technique_common>
      </source>
      <source id="mixamorig_RightHandRing3-Matrix-animation-output-transform">
        <float_array id="mixamorig_RightHandRing3-Matrix-animation-output-transform-array" count="352">

1.000000 -0.000000 0.000000 0.000000 -0.000000 1.000000 0.000000 3.307300 0.000000 0.000000 1.000000 0.000000 0.000000 0.000000 0.000000 1.000000
1.000000 0.000000 -0.000000 0.000000 -0.000000 1.000000 0.000000 3.307300 0.000000 0.000000 1.000000 0.000000 0.000000 0.000000 0.000000 1.000000
1.000000 -0.000000 -0.000000 0.000000 0.000000 1.000000 0.000000 3.307300 -0.000000 -0.000000 1.000000 0.000000 0.000000 0.000000 0.000000 1.000000
1.000000 -0.000000 0.000000 0.000000 0.000000 1.000000 -0.000000 3.307300 -0.000000 0.000000 1.000000 -0.000000 0.000000 0.000000 0.000000 1.000000
1.000000 0.000000 0.000000 -0.000000 -0.000000 1.000000 -0.000000 3.307300 -0.000000 0.000000 1.000000 0.000000 0.000000 0.000000 0.000000 1.000000
1.000000 0.000000 0.000000 -0.000000 -0.000000 1.000000 0.000000 3.307300 -0.000000 -0.000000 1.000000 0.000000 0.000000 0.000000 0.000000 1.000000
1.000000 0.000000 -0.000000 0.000000 0.000000 1.000000 -0.000000 3.307300 0.000000 0.000000 1.000000 0.000000 0.000000 0.000000 0.000000 1.000000
1.000000 0.000000 0.000000 -0.000000 0.000000 1.000000 0.000000 3.307300 0.000000 0.000000 1.000000 0.000000 0.000000 0.000000 0.000000 1.000000
1.000000 0.000000 0.000000 -0.000000 -0.000000 1.000000 0.000000 3.307300 -0.000000 -0.000000 1.000000 0.000000 0.000000 0.000000 0.000000 1.000000
1.000000 -0.000000 0.000000 -0.000000 0.000000 1.000000 0.000000 3.307300 -0.000000 -0.000000 1.000000 0.000000 0.000000 0.000000 0.000000 1.000000
1.000000 0.000000 -0.000000 0.000000 -0.000000 1.000000 0.000000 3.307300 0.000000 0.000000 1.000000 0.000000 0.000000 0.000000 0.000000 1.000000
1.000000 0.000000 -0.000000 0.000000 0.000000 1.000000 0.000000 3.307300 0.000000 0.000000 1.000000 0.000000 0.000000 0.000000 0.000000 1.000000
1.000000 -0.000000 0.000000 0.000000 0.000000 1.000000 -0.000000 3.307300 -0.000000 0.000000 1.000000 -0.000000 0.000000 0.000000 0.000000 1.000000
1.000000 0.000000 0.000000 0.000000 -0.000000 1.000000 -0.000000 3.307300 0.000000 -0.000000 1.000000 0.000000 0.000000 0.000000 0.000000 1.000000
1.000000 -0.000000 0.000000 0.000000 0.000000 1.000000 -0.000000 3.307300 -0.000000 0.000000 1.000000 -0.000000 0.000000 0.000000 0.000000 1.000000
1.000000 -0.000000 -0.000000 0.000000 0.000000 1.000000 0.000000 3.307300 -0.000000 -0.000000 1.000000 0.000000 0.000000 0.000000 0.000000 1.000000
1.000000 0.000000 -0.000000 -0.000000 -0.000000 1.000000 0.000000 3.307300 0.000000 -0.000000 1.000000 -0.000000 0.000000 0.000000 0.000000 1.000000
1.000000 -0.000000 0.000000 0.000000 0.000000 1.000000 -0.000000 3.307300 -0.000000 0.000000 1.000000 0.000000 0.000000 0.000000 0.000000 1.000000
1.000000 -0.000000 -0.000000 0.000000 -0.000000 1.000000 0.000000 3.307300 0.000000 0.000000 1.000000 0.000000 0.000000 0.000000 0.000000 1.000000
1.000000 -0.000000 0.000000 0.000000 0.000000 1.000000 -0.000000 3.307300 -0.000000 -0.000000 1.000000 0.000000 0.000000 0.000000 0.000000 1.000000
1.000000 -0.000000 0.000000 0.000000 0.000000 1.000000 -0.000000 3.307300 -0.000000 -0.000000 1.000000 -0.000000 0.000000 0.000000 0.000000 1.000000
1.000000 -0.000000 0.000000 0.000000 0.000000 1.000000 0.000000 3.307300 0.000000 -0.000000 1.000000 0.000000 0.000000 0.000000 0.000000 1.000000</float_array>
        <technique_common>
          <accessor source="#mixamorig_RightHandRing3-Matrix-animation-output-transform-array" count="22" stride="16">
            <param type="float4x4"/>
          </accessor>
        </technique_common>
      </source>
      <source id="mixamorig_RightHandRing3-Interpolations">
        <Name_array id="mixamorig_RightHandRing3-Interpolations-array" count="22">
 LINEAR LINEAR LINEAR LINEAR LINEAR LINEAR LINEAR LINEAR LINEAR LINEAR LINEAR
LINEAR LINEAR LINEAR LINEAR LINEAR LINEAR LINEAR LINEAR LINEAR LINEAR LINEAR</Name_array>
        <technique_common>
          <accessor source="#mixamorig_RightHandRing3-Interpolations-array" count="22">
            <param type="name"/>
          </accessor>
        </technique_common>
      </source>
      <sampler id="mixamorig_RightHandRing3-Matrix-animation-transform">
        <input semantic="INPUT" source="#mixamorig_RightHandRing3-Matrix-animation-input"/>
        <input semantic="OUTPUT" source="#mixamorig_RightHandRing3-Matrix-animation-output-transform"/>
        <input semantic="INTERPOLATION" source="#mixamorig_RightHandRing3-Interpolations"/>
      </sampler>
      <channel source="#mixamorig_RightHandRing3-Matrix-animation-transform" target="mixamorig_RightHandRing3/matrix"/>
    </animation>
    <animation id="mixamorig_RightHandPinky1-anim" name="mixamorig_RightHandPinky1">
      <source id="mixamorig_RightHandPinky1-Matrix-animation-input">
        <float_array id="mixamorig_RightHandPinky1-Matrix-animation-input-array" count="22">

0.000000 0.033333 0.066667 0.100000 0.133333 0.166667 0.200000 0.233333 0.266667 0.300000 0.333333 0.366667 0.400000 0.433333 0.466667 0.500000
0.533333 0.566667 0.600000 0.633333 0.666667 0.700000</float_array>
        <technique_common>
          <accessor source="#mixamorig_RightHandPinky1-Matrix-animation-input-array" count="22">
            <param name="TIME" type="float"/>
          </accessor>
        </technique_common>
      </source>
      <source id="mixamorig_RightHandPinky1-Matrix-animation-output-transform">
        <float_array id="mixamorig_RightHandPinky1-Matrix-animation-output-transform-array" count="352">

0.988107 0.090202 0.124531 -4.725800 0.136403 -0.140327 -0.980664 10.908200 -0.070983 0.985988 -0.150962 0.226100 0.000000 0.000000 0.000000 1.000000
0.987973 0.093397 0.123232 -4.725800 0.136591 -0.153624 -0.978643 10.908200 -0.072471 0.983706 -0.164533 0.226100 0.000000 0.000000 0.000000 1.000000
0.987619 0.101140 0.119917 -4.725800 0.137185 -0.186055 -0.972915 10.908200 -0.076090 0.977320 -0.197626 0.226100 0.000000 0.000000 0.000000 1.000000
0.987122 0.110681 0.115495 -4.725800 0.138196 -0.226403 -0.964180 10.908200 -0.080568 0.967725 -0.238783 0.226100 0.000000 0.000000 0.000000 1.000000
0.986627 0.119399 0.110956 -4.725800 0.139252 -0.263660 -0.954511 10.908200 -0.084713 0.957198 -0.276761 0.226100 0.000000 0.000000 0.000000 1.000000
0.986287 0.124872 0.107914 -4.725800 0.140044 -0.287237 -0.947567 10.908200 -0.087328 0.949685 -0.300785 0.226100 0.000000 0.000000 0.000000 1.000000
0.986264 0.125217 0.107723 -4.725800 0.140103 -0.288726 -0.947105 10.908200 -0.087491 0.949188 -0.302303 0.226100 0.000000 0.000000 0.000000 1.000000
0.986478 0.121869 0.109588 -4.725800 0.139585 -0.274293 -0.951462 10.908200 -0.085895 0.953893 -0.287595 0.226100 0.000000 0.000000 0.000000 1.000000
0.986837 0.115791 0.112891 -4.725800 0.138796 -0.248198 -0.958714 10.908200 -0.082991 0.961764 -0.261002 0.226100 0.000000 0.000000 0.000000 1.000000
0.987288 0.107597 0.116981 -4.725800 0.137851 -0.213323 -0.967208 10.908200 -0.079114 0.971039 -0.225444 0.226100 0.000000 0.000000 0.000000 1.000000
0.987766 0.097943 0.121352 -4.725800 0.136953 -0.172643 -0.975417 10.908200 -0.074584 0.980103 -0.183945 0.226100 0.000000 0.000000 0.000000 1.000000
0.988219 0.087533 0.125541 -4.725800 0.136228 -0.129266 -0.982208 10.908200 -0.069748 0.987739 -0.139668 0.226100 0.000000 0.000000 0.000000 1.000000
0.988616 0.077140 0.129179 -4.725800 0.135708 -0.086422 -0.986972 10.908200 -0.064971 0.993268 -0.095907 0.226100 0.000000 0.000000 0.000000 1.000000
0.988933 0.067579 0.132079 -4.725800 0.135415 -0.047408 -0.989654 10.908200 -0.060619 0.996587 -0.056034 0.226100 0.000000 0.000000 0.000000 1.000000
0.989160 0.059699 0.134159 -4.725800 0.135302 -0.015524 -0.990683 10.908200 -0.057060 0.998096 -0.023433 0.226100 0.000000 0.000000 0.000000 1.000000
0.989297 0.054353 0.135414 -4.725800 0.135290 0.005963 -0.990788 10.908200 -0.054660 0.998504 -0.001454 0.226100 0.000000 0.000000 0.000000 1.000000
0.989344 0.052387 0.135845 -4.725800 0.135299 0.013841 -0.990708 10.908200 -0.053781 0.998531 0.006606 0.226100 0.000000 0.000000 0.000000 1.000000
0.989246 0.056398 0.134949 -4.725800 0.135289 -0.002240 -0.990804 10.908200 -0.055577 0.998406 -0.009845 0.226100 0.000000 0.000000 0.000000 1.000000
0.988984 0.065901 0.132544 -4.725800 0.135380 -0.040590 -0.989962 10.908200 -0.059860 0.997000 -0.049065 0.226100 0.000000 0.000000 0.000000 1.000000
0.988618 0.077104 0.129190 -4.725800 0.135705 -0.086265 -0.986987 10.908200 -0.064956 0.993284 -0.095747 0.226100 0.000000 0.000000 0.000000 1.000000
0.988267 0.086360 0.125977 -4.725800 0.136156 -0.124392 -0.982847 10.908200 -0.069208 0.988468 -0.134691 0.226100 0.000000 0.000000 0.000000 1.000000
0.988115 0.090205 0.124467 -4.725800 0.136340 -0.140326 -0.980673 10.908200 -0.070996 0.985988 -0.150957 0.226100 0.000000 0.000000 0.000000 1.000000</float_array>
        <technique_common>
          <accessor source="#mixamorig_RightHandPinky1-Matrix-animation-output-transform-array" count="22" stride="16">
            <param type="float4x4"/>
          </accessor>
        </technique_common>
      </source>
      <source id="mixamorig_RightHandPinky1-Interpolations">
        <Name_array id="mixamorig_RightHandPinky1-Interpolations-array" count="22">
 LINEAR LINEAR LINEAR LINEAR LINEAR LINEAR LINEAR LINEAR LINEAR LINEAR LINEAR
LINEAR LINEAR LINEAR LINEAR LINEAR LINEAR LINEAR LINEAR LINEAR LINEAR LINEAR</Name_array>
        <technique_common>
          <accessor source="#mixamorig_RightHandPinky1-Interpolations-array" count="22">
            <param type="name"/>
          </accessor>
        </technique_common>
      </source>
      <sampler id="mixamorig_RightHandPinky1-Matrix-animation-transform">
        <input semantic="INPUT" source="#mixamorig_RightHandPinky1-Matrix-animation-input"/>
        <input semantic="OUTPUT" source="#mixamorig_RightHandPinky1-Matrix-animation-output-transform"/>
        <input semantic="INTERPOLATION" source="#mixamorig_RightHandPinky1-Interpolations"/>
      </sampler>
      <channel source="#mixamorig_RightHandPinky1-Matrix-animation-transform" target="mixamorig_RightHandPinky1/matrix"/>
    </animation>
    <animation id="mixamorig_RightHandPinky2-anim" name="mixamorig_RightHandPinky2">
      <source id="mixamorig_RightHandPinky2-Matrix-animation-input">
        <float_array id="mixamorig_RightHandPinky2-Matrix-animation-input-array" count="22">

0.000000 0.033333 0.066667 0.100000 0.133333 0.166667 0.200000 0.233333 0.266667 0.300000 0.333333 0.366667 0.400000 0.433333 0.466667 0.500000
0.533333 0.566667 0.600000 0.633333 0.666667 0.700000</float_array>
        <technique_common>
          <accessor source="#mixamorig_RightHandPinky2-Matrix-animation-input-array" count="22">
            <param name="TIME" type="float"/>
          </accessor>
        </technique_common>
      </source>
      <source id="mixamorig_RightHandPinky2-Matrix-animation-output-transform">
        <float_array id="mixamorig_RightHandPinky2-Matrix-animation-output-transform-array" count="352">

0.982342 0.070703 -0.173223 0.000000 -0.162061 -0.141111 -0.976639 4.136700 -0.093495 0.987466 -0.127161 0.000000 0.000000 0.000000 0.000000 1.000000
0.982267 0.069341 -0.174193 0.000000 -0.161906 -0.154776 -0.974593 4.136700 -0.094540 0.985513 -0.140804 0.000000 0.000000 0.000000 0.000000 1.000000
0.982091 0.065955 -0.176484 0.000000 -0.161462 -0.188091 -0.968789 4.136700 -0.097091 0.979935 -0.174073 -0.000000 0.000000 0.000000 0.000000 1.000000
0.981884 0.061606 -0.179188 -0.000000 -0.160780 -0.229535 -0.959929 4.136700 -0.100267 0.971349 -0.215471 -0.000000 0.000000 0.000000 0.000000 1.000000
0.981704 0.057447 -0.181544 -0.000000 -0.160025 -0.267817 -0.950087 4.136700 -0.103200 0.961756 -0.253724 0.000000 0.000000 0.000000 0.000000 1.000000
0.981595 0.054744 -0.182961 -0.000000 -0.159482 -0.292046 -0.943014 4.136700 -0.105058 0.954836 -0.277940 0.000000 0.000000 0.000000 0.000000 1.000000
0.981588 0.054572 -0.183048 -0.000000 -0.159446 -0.293577 -0.942544 4.136700 -0.105175 0.954376 -0.279471 0.000000 0.000000 0.000000 0.000000 1.000000
0.981654 0.056236 -0.182189 -0.000000 -0.159785 -0.278743 -0.946980 4.136700 -0.104038 0.958718 -0.264644 0.000000 0.000000 0.000000 0.000000 1.000000
0.981777 0.059189 -0.180582 0.000000 -0.160353 -0.251928 -0.954369 4.136700 -0.101982 0.965934 -0.237846 -0.000000 0.000000 0.000000 0.000000 1.000000
0.981950 0.063033 -0.178326 0.000000 -0.161014 -0.216095 -0.963005 4.136700 -0.099236 0.974336 -0.202045 0.000000 0.000000 0.000000 0.000000 1.000000
0.982164 0.067368 -0.175544 0.000000 -0.161653 -0.174302 -0.971333 4.136700 -0.096034 0.982385 -0.160303 -0.000000 0.000000 0.000000 0.000000 1.000000
0.982405 0.071819 -0.172402 0.000000 -0.162178 -0.129743 -0.978195 4.136700 -0.092621 0.988943 -0.115813 -0.000000 0.000000 0.000000 0.000000 1.000000
0.982656 0.076047 -0.169126 0.000000 -0.162544 -0.085739 -0.982969 4.136700 -0.089252 0.993411 -0.071891 0.000000 0.000000 0.000000 0.000000 1.000000
0.982897 0.079752 -0.165994 -0.000000 -0.162746 -0.045673 -0.985610 4.136700 -0.086186 0.995768 -0.031913 0.000000 0.000000 0.000000 0.000000 1.000000
0.983101 0.082679 -0.163331 0.000000 -0.162819 -0.012934 -0.986571 4.136700 -0.083681 0.996492 0.000747 0.000000 0.000000 0.000000 0.000000 1.000000
0.983243 0.084601 -0.161481 -0.000000 -0.162821 0.009136 -0.986613 4.136700 -0.081993 0.996373 0.022758 0.000000 0.000000 0.000000 0.000000 1.000000
0.983295 0.085294 -0.160795 0.000000 -0.162813 0.017219 -0.986507 4.136700 -0.081375 0.996207 0.030818 0.000000 0.000000 0.000000 0.000000 1.000000
0.983188 0.083872 -0.162194 0.000000 -0.162826 0.000701 -0.986655 4.136700 -0.082639 0.996476 0.014346 0.000000 0.000000 0.000000 0.000000 1.000000
0.982939 0.080386 -0.165433 0.000000 -0.162769 -0.038674 -0.985906 4.136700 -0.085651 0.996013 -0.024930 0.000000 0.000000 0.000000 0.000000 1.000000
0.982657 0.076064 -0.169115 0.000000 -0.162546 -0.085582 -0.982982 4.136700 -0.089242 0.993423 -0.071734 0.000000 0.000000 0.000000 0.000000 1.000000
0.982432 0.072311 -0.172040 0.000000 -0.162229 -0.124743 -0.978836 4.136700 -0.092241 0.989551 -0.110821 -0.000000 0.000000 0.000000 0.000000 1.000000
0.982342 0.070703 -0.173223 0.000000 -0.162061 -0.141111 -0.976639 4.136700 -0.093495 0.987466 -0.127161 0.000000 0.000000 0.000000 0.000000 1.000000</float_array>
        <technique_common>
          <accessor source="#mixamorig_RightHandPinky2-Matrix-animation-output-transform-array" count="22" stride="16">
            <param type="float4x4"/>
          </accessor>
        </technique_common>
      </source>
      <source id="mixamorig_RightHandPinky2-Interpolations">
        <Name_array id="mixamorig_RightHandPinky2-Interpolations-array" count="22">
 LINEAR LINEAR LINEAR LINEAR LINEAR LINEAR LINEAR LINEAR LINEAR LINEAR LINEAR
LINEAR LINEAR LINEAR LINEAR LINEAR LINEAR LINEAR LINEAR LINEAR LINEAR LINEAR</Name_array>
        <technique_common>
          <accessor source="#mixamorig_RightHandPinky2-Interpolations-array" count="22">
            <param type="name"/>
          </accessor>
        </technique_common>
      </source>
      <sampler id="mixamorig_RightHandPinky2-Matrix-animation-transform">
        <input semantic="INPUT" source="#mixamorig_RightHandPinky2-Matrix-animation-input"/>
        <input semantic="OUTPUT" source="#mixamorig_RightHandPinky2-Matrix-animation-output-transform"/>
        <input semantic="INTERPOLATION" source="#mixamorig_RightHandPinky2-Interpolations"/>
      </sampler>
      <channel source="#mixamorig_RightHandPinky2-Matrix-animation-transform" target="mixamorig_RightHandPinky2/matrix"/>
    </animation>
    <animation id="mixamorig_RightHandPinky3-anim" name="mixamorig_RightHandPinky3">
      <source id="mixamorig_RightHandPinky3-Matrix-animation-input">
        <float_array id="mixamorig_RightHandPinky3-Matrix-animation-input-array" count="22">

0.000000 0.033333 0.066667 0.100000 0.133333 0.166667 0.200000 0.233333 0.266667 0.300000 0.333333 0.366667 0.400000 0.433333 0.466667 0.500000
0.533333 0.566667 0.600000 0.633333 0.666667 0.700000</float_array>
        <technique_common>
          <accessor source="#mixamorig_RightHandPinky3-Matrix-animation-input-array" count="22">
            <param name="TIME" type="float"/>
          </accessor>
        </technique_common>
      </source>
      <source id="mixamorig_RightHandPinky3-Matrix-animation-output-transform">
        <float_array id="mixamorig_RightHandPinky3-Matrix-animation-output-transform-array" count="352">

1.000000 -0.000000 0.000000 -0.000000 0.000000 1.000000 -0.000000 2.594800 -0.000000 0.000000 1.000000 0.000000 0.000000 0.000000 0.000000 1.000000
1.000000 -0.000000 0.000000 -0.000000 0.000000 1.000000 0.000000 2.594800 -0.000000 0.000000 1.000000 0.000000 0.000000 0.000000 0.000000 1.000000
1.000000 -0.000000 -0.000000 0.000000 0.000000 1.000000 0.000000 2.594800 0.000000 -0.000000 1.000000 0.000000 0.000000 0.000000 0.000000 1.000000
1.000000 0.000000 -0.000000 0.000000 -0.000000 1.000000 0.000000 2.594800 0.000000 -0.000000 1.000000 -0.000000 0.000000 0.000000 0.000000 1.000000
1.000000 -0.000000 -0.000000 -0.000000 0.000000 1.000000 0.000000 2.594800 -0.000000 0.000000 1.000000 0.000000 0.000000 0.000000 0.000000 1.000000
1.000000 -0.000000 0.000000 0.000000 0.000000 1.000000 0.000000 2.594800 0.000000 -0.000000 1.000000 0.000000 0.000000 0.000000 0.000000 1.000000
1.000000 -0.000000 -0.000000 -0.000000 0.000000 1.000000 -0.000000 2.594800 0.000000 0.000000 1.000000 0.000000 0.000000 0.000000 0.000000 1.000000
1.000000 -0.000000 0.000000 0.000000 0.000000 1.000000 0.000000 2.594800 0.000000 0.000000 1.000000 -0.000000 0.000000 0.000000 0.000000 1.000000
1.000000 -0.000000 0.000000 0.000000 0.000000 1.000000 0.000000 2.594800 -0.000000 -0.000000 1.000000 0.000000 0.000000 0.000000 0.000000 1.000000
1.000000 -0.000000 -0.000000 0.000000 0.000000 1.000000 0.000000 2.594800 0.000000 -0.000000 1.000000 0.000000 0.000000 0.000000 0.000000 1.000000
1.000000 -0.000000 -0.000000 0.000000 0.000000 1.000000 -0.000000 2.594800 -0.000000 0.000000 1.000000 -0.000000 0.000000 0.000000 0.000000 1.000000
1.000000 -0.000000 -0.000000 0.000000 0.000000 1.000000 -0.000000 2.594800 0.000000 -0.000000 1.000000 0.000000 0.000000 0.000000 0.000000 1.000000
1.000000 -0.000000 0.000000 -0.000000 0.000000 1.000000 0.000000 2.594800 -0.000000 0.000000 1.000000 0.000000 0.000000 0.000000 0.000000 1.000000
1.000000 -0.000000 -0.000000 0.000000 0.000000 1.000000 -0.000000 2.594800 -0.000000 0.000000 1.000000 -0.000000 0.000000 0.000000 0.000000 1.000000
1.000000 -0.000000 0.000000 0.000000 0.000000 1.000000 -0.000000 2.594800 0.000000 0.000000 1.000000 0.000000 0.000000 0.000000 0.000000 1.000000
1.000000 -0.000000 0.000000 0.000000 0.000000 1.000000 -0.000000 2.594800 0.000000 0.000000 1.000000 0.000000 0.000000 0.000000 0.000000 1.000000
1.000000 0.000000 -0.000000 0.000000 -0.000000 1.000000 0.000000 2.594800 0.000000 -0.000000 1.000000 0.000000 0.000000 0.000000 0.000000 1.000000
1.000000 -0.000000 0.000000 0.000000 0.000000 1.000000 0.000000 2.594800 -0.000000 -0.000000 1.000000 0.000000 0.000000 0.000000 0.000000 1.000000
1.000000 -0.000000 -0.000000 -0.000000 0.000000 1.000000 0.000000 2.594800 -0.000000 -0.000000 1.000000 0.000000 0.000000 0.000000 0.000000 1.000000
1.000000 -0.000000 0.000000 -0.000000 0.000000 1.000000 0.000000 2.594800 -0.000000 -0.000000 1.000000 0.000000 0.000000 0.000000 0.000000 1.000000
1.000000 -0.000000 -0.000000 0.000000 0.000000 1.000000 0.000000 2.594800 0.000000 -0.000000 1.000000 0.000000 0.000000 0.000000 0.000000 1.000000
1.000000 0.000000 -0.000000 0.000000 -0.000000 1.000000 -0.000000 2.594800 0.000000 0.000000 1.000000 0.000000 0.000000 0.000000 0.000000 1.000000</float_array>
        <technique_common>
          <accessor source="#mixamorig_RightHandPinky3-Matrix-animation-output-transform-array" count="22" stride="16">
            <param type="float4x4"/>
          </accessor>
        </technique_common>
      </source>
      <source id="mixamorig_RightHandPinky3-Interpolations">
        <Name_array id="mixamorig_RightHandPinky3-Interpolations-array" count="22">
 LINEAR LINEAR LINEAR LINEAR LINEAR LINEAR LINEAR LINEAR LINEAR LINEAR LINEAR
LINEAR LINEAR LINEAR LINEAR LINEAR LINEAR LINEAR LINEAR LINEAR LINEAR LINEAR</Name_array>
        <technique_common>
          <accessor source="#mixamorig_RightHandPinky3-Interpolations-array" count="22">
            <param type="name"/>
          </accessor>
        </technique_common>
      </source>
      <sampler id="mixamorig_RightHandPinky3-Matrix-animation-transform">
        <input semantic="INPUT" source="#mixamorig_RightHandPinky3-Matrix-animation-input"/>
        <input semantic="OUTPUT" source="#mixamorig_RightHandPinky3-Matrix-animation-output-transform"/>
        <input semantic="INTERPOLATION" source="#mixamorig_RightHandPinky3-Interpolations"/>
      </sampler>
      <channel source="#mixamorig_RightHandPinky3-Matrix-animation-transform" target="mixamorig_RightHandPinky3/matrix"/>
    </animation>
    <animation id="mixamorig_LeftUpLeg-anim" name="mixamorig_LeftUpLeg">
      <source id="mixamorig_LeftUpLeg-Matrix-animation-input">
        <float_array id="mixamorig_LeftUpLeg-Matrix-animation-input-array" count="22">

0.000000 0.033333 0.066667 0.100000 0.133333 0.166667 0.200000 0.233333 0.266667 0.300000 0.333333 0.366667 0.400000 0.433333 0.466667 0.500000
0.533333 0.566667 0.600000 0.633333 0.666667 0.700000</float_array>
        <technique_common>
          <accessor source="#mixamorig_LeftUpLeg-Matrix-animation-input-array" count="22">
            <param name="TIME" type="float"/>
          </accessor>
        </technique_common>
      </source>
      <source id="mixamorig_LeftUpLeg-Matrix-animation-output-transform">
        <float_array id="mixamorig_LeftUpLeg-Matrix-animation-output-transform-array" count="352">

-0.994931 -0.014735 0.099470 9.123900 0.076965 -0.748196 0.658999 -6.657200 0.064713 0.663315 0.745537 -0.055400 0.000000 0.000000 0.000000 1.000000
-0.998144 -0.012769 0.059540 9.123900 0.053479 -0.651413 0.756836 -6.657200 0.029121 0.758616 0.650887 -0.055400 0.000000 0.000000 0.000000 1.000000
-0.998839 -0.038386 0.029090 9.123900 0.047364 -0.673250 0.737896 -6.657200 -0.008740 0.738418 0.674287 -0.055400 0.000000 0.000000 0.000000 1.000000
-0.995136 -0.097046 -0.016925 9.123900 0.063687 -0.764861 0.641039 -6.657200 -0.075156 0.636843 0.767321 -0.055400 0.000000 0.000000 0.000000 1.000000
-0.991420 -0.115742 -0.060749 9.123900 0.051131 -0.771090 0.634670 -6.657200 -0.120301 0.626118 0.770392 -0.055400 0.000000 0.000000 0.000000 1.000000
-0.993044 -0.099289 -0.063285 9.123900 0.038645 -0.782566 0.621367 -6.657200 -0.111220 0.614599 0.780960 -0.055400 0.000000 0.000000 0.000000 1.000000
-0.990831 -0.111503 -0.076290 9.123900 0.052312 -0.837260 0.544297 -6.657200 -0.124566 0.535316 0.835416 -0.055400 0.000000 0.000000 0.000000 1.000000
-0.985263 -0.146948 -0.087541 9.123900 0.087134 -0.871605 0.482404 -6.657200 -0.147189 0.467666 0.871564 -0.055400 0.000000 0.000000 0.000000 1.000000
-0.987804 -0.143311 -0.060866 9.123900 0.090840 -0.847940 0.522251 -6.657200 -0.126455 0.510353 0.850617 -0.055400 0.000000 0.000000 0.000000 1.000000
-0.994544 -0.103811 -0.010227 9.123900 0.084106 -0.856014 0.510064 -6.657200 -0.061705 0.506421 0.860076 -0.055400 0.000000 0.000000 0.000000 1.000000
-0.997143 -0.074809 0.010434 9.123900 0.073765 -0.934755 0.347551 -6.657200 -0.016247 0.347328 0.937603 -0.055400 0.000000 0.000000 0.000000 1.000000
-0.998944 -0.034479 0.030371 9.123900 0.035099 -0.999181 0.020134 -6.657200 0.029652 0.021179 0.999336 -0.055400 0.000000 0.000000 0.000000 1.000000
-0.995436 0.004088 0.095344 9.123900 -0.027850 -0.968037 -0.249258 -6.657200 0.091277 -0.250775 0.963732 -0.055400 0.000000 0.000000 0.000000 1.000000
-0.982465 0.012929 0.185998 9.123900 -0.061099 -0.964833 -0.255665 -6.657200 0.176152 -0.262546 0.948704 -0.055400 0.000000 0.000000 0.000000 1.000000
-0.985922 -0.018032 0.166231 9.123900 -0.034319 -0.951179 -0.306726 -6.657200 0.163647 -0.308113 0.937169 -0.055400 0.000000 0.000000 0.000000 1.000000
-0.990418 -0.052825 0.127603 9.123900 0.009311 -0.947394 -0.319933 -6.657200 0.137791 -0.315679 0.938808 -0.055400 0.000000 0.000000 0.000000 1.000000
-0.988541 -0.056024 0.140174 9.123900 0.015109 -0.960638 -0.277392 -6.657200 0.150197 -0.272095 0.950476 -0.055400 0.000000 0.000000 0.000000 1.000000
-0.987627 -0.028086 0.154284 9.123900 0.003314 -0.987350 -0.158520 -6.657200 0.156785 -0.156048 0.975227 -0.055400 0.000000 0.000000 0.000000 1.000000
-0.989571 -0.001706 0.144035 9.123900 0.006383 -0.999467 0.032017 -6.657200 0.143904 0.032602 0.989054 -0.055400 0.000000 0.000000 0.000000 1.000000
-0.993034 0.025544 0.115022 9.123900 0.010369 -0.953481 0.301275 -6.657200 0.117367 0.300369 0.946575 -0.055400 0.000000 0.000000 0.000000 1.000000
-0.998478 0.012197 0.053790 9.123900 0.018052 -0.849260 0.527665 -6.657200 0.052117 0.527833 0.847747 -0.055400 0.000000 0.000000 0.000000 1.000000
-0.994931 -0.014735 0.099470 9.123900 0.076965 -0.748196 0.658999 -6.657200 0.064713 0.663315 0.745537 -0.055400 0.000000 0.000000 0.000000 1.000000</float_array>
        <technique_common>
          <accessor source="#mixamorig_LeftUpLeg-Matrix-animation-output-transform-array" count="22" stride="16">
            <param type="float4x4"/>
          </accessor>
        </technique_common>
      </source>
      <source id="mixamorig_LeftUpLeg-Interpolations">
        <Name_array id="mixamorig_LeftUpLeg-Interpolations-array" count="22">
 LINEAR LINEAR LINEAR LINEAR LINEAR LINEAR LINEAR LINEAR LINEAR LINEAR LINEAR
LINEAR LINEAR LINEAR LINEAR LINEAR LINEAR LINEAR LINEAR LINEAR LINEAR LINEAR</Name_array>
        <technique_common>
          <accessor source="#mixamorig_LeftUpLeg-Interpolations-array" count="22">
            <param type="name"/>
          </accessor>
        </technique_common>
      </source>
      <sampler id="mixamorig_LeftUpLeg-Matrix-animation-transform">
        <input semantic="INPUT" source="#mixamorig_LeftUpLeg-Matrix-animation-input"/>
        <input semantic="OUTPUT" source="#mixamorig_LeftUpLeg-Matrix-animation-output-transform"/>
        <input semantic="INTERPOLATION" source="#mixamorig_LeftUpLeg-Interpolations"/>
      </sampler>
      <channel source="#mixamorig_LeftUpLeg-Matrix-animation-transform" target="mixamorig_LeftUpLeg/matrix"/>
    </animation>
    <animation id="mixamorig_LeftLeg-anim" name="mixamorig_LeftLeg">
      <source id="mixamorig_LeftLeg-Matrix-animation-input">
        <float_array id="mixamorig_LeftLeg-Matrix-animation-input-array" count="22">

0.000000 0.033333 0.066667 0.100000 0.133333 0.166667 0.200000 0.233333 0.266667 0.300000 0.333333 0.366667 0.400000 0.433333 0.466667 0.500000
0.533333 0.566667 0.600000 0.633333 0.666667 0.700000</float_array>
        <technique_common>
          <accessor source="#mixamorig_LeftLeg-Matrix-animation-input-array" count="22">
            <param name="TIME" type="float"/>
          </accessor>
        </technique_common>
      </source>
      <source id="mixamorig_LeftLeg-Matrix-animation-output-transform">
        <float_array id="mixamorig_LeftLeg-Matrix-animation-output-transform-array" count="352">

0.971185 -0.050881 -0.232832 0.000000 0.215766 -0.227191 0.949647 40.599400 -0.101216 -0.972520 -0.209666 0.000000 0.000000 0.000000 0.000000 1.000000
0.986209 -0.022196 -0.164011 -0.000000 0.163790 -0.011467 0.986429 40.599400 -0.023776 -0.999688 -0.007673 -0.000000 0.000000 0.000000 0.000000 1.000000
0.984701 0.031366 -0.171404 0.000000 0.144819 0.399731 0.905120 40.599400 0.096906 -0.916096 0.389073 0.000000 0.000000 0.000000 0.000000 1.000000
0.987560 0.036196 -0.153018 0.000000 0.057246 0.823595 0.564282 40.599400 0.146450 -0.566023 0.811277 0.000000 0.000000 0.000000 0.000000 1.000000
0.991852 0.023199 -0.125264 0.000000 0.027646 0.920647 0.389415 40.599400 0.124358 -0.389705 0.912505 0.000000 0.000000 0.000000 0.000000 1.000000
0.999027 0.028016 -0.034060 -0.000000 -0.013465 0.929185 0.369371 40.599400 0.041996 -0.368553 0.928658 0.000000 0.000000 0.000000 0.000000 1.000000
0.999584 0.019242 -0.021488 0.000000 -0.011572 0.949907 0.312319 40.599400 0.026421 -0.311940 0.949734 0.000000 0.000000 0.000000 0.000000 1.000000
0.999172 0.011430 -0.039057 0.000000 0.002118 0.943842 0.330391 40.599400 0.040640 -0.330200 0.943036 -0.000000 0.000000 0.000000 0.000000 1.000000
0.999827 0.017025 -0.007529 -0.000000 -0.009260 0.805723 0.592220 40.599400 0.016149 -0.592047 0.805741 0.000000 0.000000 0.000000 0.000000 1.000000
0.998888 0.037634 0.028381 0.000000 -0.045606 0.619495 0.783674 40.599400 0.011911 -0.784098 0.620523 0.000000 0.000000 0.000000 0.000000 1.000000
0.998445 0.022654 0.050931 0.000000 -0.053794 0.631006 0.773911 40.599400 -0.014606 -0.775447 0.631243 -0.000000 0.000000 0.000000 0.000000 1.000000
0.996526 -0.022198 0.080266 0.000000 -0.024882 0.840437 0.541338 40.599400 -0.079475 -0.541455 0.836965 -0.000000 0.000000 0.000000 0.000000 1.000000
0.993133 -0.023531 0.114598 0.000000 -0.007014 0.965824 0.259103 40.599400 -0.116779 -0.258127 0.959027 0.000000 0.000000 0.000000 0.000000 1.000000
0.992967 -0.052760 0.105988 0.000000 0.012955 0.938262 0.345682 40.599400 -0.117683 -0.341877 0.932347 0.000000 0.000000 0.000000 0.000000 1.000000
0.990637 -0.087213 0.105035 -0.000000 0.033945 0.902546 0.429253 40.599400 -0.132235 -0.421668 0.897056 0.000000 0.000000 0.000000 0.000000 1.000000
0.988077 -0.129232 0.083687 0.000000 0.041844 0.748503 0.661810 40.599400 -0.148167 -0.650417 0.744986 -0.000000 0.000000 0.000000 0.000000 1.000000
0.991927 -0.126014 -0.014176 0.000000 0.079164 0.528029 0.845529 40.599400 -0.099063 -0.839825 0.533742 0.000000 0.000000 0.000000 0.000000 1.000000
0.987212 -0.105414 -0.119586 -0.000000 0.143536 0.261408 0.954496 40.599400 -0.069357 -0.959455 0.273196 0.000000 0.000000 0.000000 0.000000 1.000000
0.966184 -0.085519 -0.243260 0.000000 0.242673 -0.017357 0.969953 40.599400 -0.087172 -0.996185 0.003983 -0.000000 0.000000 0.000000 0.000000 1.000000
0.971299 -0.078040 -0.224697 0.000000 0.197051 -0.265108 0.943869 40.599400 -0.133228 -0.961056 -0.242121 0.000000 0.000000 0.000000 0.000000 1.000000
0.977448 -0.073739 -0.197886 -0.000000 0.161094 -0.345536 0.924475 40.599400 -0.136546 -0.935504 -0.325865 0.000000 0.000000 0.000000 0.000000 1.000000
0.971185 -0.050881 -0.232832 0.000000 0.215766 -0.227191 0.949647 40.599400 -0.101216 -0.972520 -0.209666 0.000000 0.000000 0.000000 0.000000 1.000000</float_array>
        <technique_common>
          <accessor source="#mixamorig_LeftLeg-Matrix-animation-output-transform-array" count="22" stride="16">
            <param type="float4x4"/>
          </accessor>
        </technique_common>
      </source>
      <source id="mixamorig_LeftLeg-Interpolations">
        <Name_array id="mixamorig_LeftLeg-Interpolations-array" count="22">
 LINEAR LINEAR LINEAR LINEAR LINEAR LINEAR LINEAR LINEAR LINEAR LINEAR LINEAR
LINEAR LINEAR LINEAR LINEAR LINEAR LINEAR LINEAR LINEAR LINEAR LINEAR LINEAR</Name_array>
        <technique_common>
          <accessor source="#mixamorig_LeftLeg-Interpolations-array" count="22">
            <param type="name"/>
          </accessor>
        </technique_common>
      </source>
      <sampler id="mixamorig_LeftLeg-Matrix-animation-transform">
        <input semantic="INPUT" source="#mixamorig_LeftLeg-Matrix-animation-input"/>
        <input semantic="OUTPUT" source="#mixamorig_LeftLeg-Matrix-animation-output-transform"/>
        <input semantic="INTERPOLATION" source="#mixamorig_LeftLeg-Interpolations"/>
      </sampler>
      <channel source="#mixamorig_LeftLeg-Matrix-animation-transform" target="mixamorig_LeftLeg/matrix"/>
    </animation>
    <animation id="mixamorig_LeftFoot-anim" name="mixamorig_LeftFoot">
      <source id="mixamorig_LeftFoot-Matrix-animation-input">
        <float_array id="mixamorig_LeftFoot-Matrix-animation-input-array" count="22">

0.000000 0.033333 0.066667 0.100000 0.133333 0.166667 0.200000 0.233333 0.266667 0.300000 0.333333 0.366667 0.400000 0.433333 0.466667 0.500000
0.533333 0.566667 0.600000 0.633333 0.666667 0.700000</float_array>
        <technique_common>
          <accessor source="#mixamorig_LeftFoot-Matrix-animation-input-array" count="22">
            <param name="TIME" type="float"/>
          </accessor>
        </technique_common>
      </source>
      <source id="mixamorig_LeftFoot-Matrix-animation-output-transform">
        <float_array id="mixamorig_LeftFoot-Matrix-animation-output-transform-array" count="352">

0.988442 -0.054096 0.141617 0.000000 0.149737 0.202505 -0.967766 42.098999 0.023674 0.977786 0.208265 0.000000 0.000000 0.000000 0.000000 1.000000
0.995165 0.028254 -0.094070 0.000000 -0.097387 0.159263 -0.982421 42.098999 -0.012775 0.986832 0.161245 -0.000000 0.000000 0.000000 0.000000 1.000000
0.999100 -0.018594 0.038137 -0.000000 0.040969 0.189062 -0.981110 42.098999 0.011033 0.981789 0.189654 -0.000000 0.000000 0.000000 0.000000 1.000000
0.999348 -0.019057 0.030662 0.000000 0.034329 0.238712 -0.970483 42.098999 0.011175 0.970903 0.239211 0.000000 0.000000 0.000000 0.000000 1.000000
0.999823 -0.015152 0.011123 0.000000 0.013165 0.142095 -0.989765 42.098999 0.013416 0.989737 0.142269 0.000000 0.000000 0.000000 0.000000 1.000000
0.999303 -0.022179 0.030016 0.000000 0.031414 0.065608 -0.997351 42.098999 0.020151 0.997599 0.066259 0.000000 0.000000 0.000000 0.000000 1.000000
0.999078 -0.024775 0.035059 0.000000 0.037149 0.089658 -0.995280 42.098999 0.021515 0.995664 0.090495 0.000000 0.000000 0.000000 0.000000 1.000000
0.987298 -0.061687 0.146413 0.000000 0.156752 0.227954 -0.960971 42.098999 0.025904 0.971716 0.234728 0.000000 0.000000 0.000000 0.000000 1.000000
0.988115 -0.065490 0.139069 0.000000 0.153174 0.343403 -0.926613 42.098999 0.012927 0.936902 0.349353 0.000000 0.000000 0.000000 0.000000 1.000000
0.984515 -0.057708 0.165532 -0.000000 0.168626 0.053640 -0.984219 42.098999 0.047919 0.996891 0.062541 0.000000 0.000000 0.000000 0.000000 1.000000
0.985966 -0.046992 0.160193 0.000000 0.153717 -0.118784 -0.980949 42.098999 0.065125 0.991807 -0.109894 0.000000 0.000000 0.000000 0.000000 1.000000
0.990479 -0.043785 0.130515 0.000000 0.124418 -0.121053 -0.984818 42.098999 0.058920 0.991680 -0.114453 0.000000 0.000000 0.000000 0.000000 1.000000
0.992423 -0.053447 0.110631 0.000000 0.120713 0.256359 -0.959014 42.098999 0.022895 0.965103 0.260868 0.000000 0.000000 0.000000 0.000000 1.000000
0.999655 -0.014714 0.021745 0.000000 0.026223 0.600806 -0.798964 42.098999 -0.001309 0.799259 0.600985 0.000000 0.000000 0.000000 0.000000 1.000000
0.999526 -0.015558 0.026576 0.000000 0.030784 0.527501 -0.848997 42.098999 -0.000810 0.849412 0.527729 0.000000 0.000000 0.000000 0.000000 1.000000
0.999736 0.006180 -0.022123 -0.000000 -0.022314 0.489783 -0.871559 42.098999 0.005449 0.871822 0.489792 0.000000 0.000000 0.000000 0.000000 1.000000
0.998252 0.022690 -0.054578 0.000000 -0.058629 0.497292 -0.865600 42.098999 0.007500 0.867286 0.497753 0.000000 0.000000 0.000000 0.000000 1.000000
0.999169 0.012507 -0.038798 0.000000 -0.040342 0.439930 -0.897126 42.098999 0.005847 0.897945 0.440068 0.000000 0.000000 0.000000 0.000000 1.000000
0.998778 0.013491 -0.047554 0.000000 -0.049166 0.370633 -0.927477 42.098999 0.005112 0.928682 0.370843 -0.000000 0.000000 0.000000 0.000000 1.000000
0.998784 -0.022984 0.043605 0.000000 0.048396 0.289378 -0.955991 42.098999 0.009354 0.956939 0.290139 0.000000 0.000000 0.000000 0.000000 1.000000
0.995863 -0.035726 0.083546 -0.000000 0.089483 0.225934 -0.970024 42.098999 0.015779 0.973487 0.228196 -0.000000 0.000000 0.000000 0.000000 1.000000
0.988442 -0.054096 0.141617 0.000000 0.149737 0.202505 -0.967766 42.098999 0.023674 0.977786 0.208265 0.000000 0.000000 0.000000 0.000000 1.000000</float_array>
        <technique_common>
          <accessor source="#mixamorig_LeftFoot-Matrix-animation-output-transform-array" count="22" stride="16">
            <param type="float4x4"/>
          </accessor>
        </technique_common>
      </source>
      <source id="mixamorig_LeftFoot-Interpolations">
        <Name_array id="mixamorig_LeftFoot-Interpolations-array" count="22">
 LINEAR LINEAR LINEAR LINEAR LINEAR LINEAR LINEAR LINEAR LINEAR LINEAR LINEAR
LINEAR LINEAR LINEAR LINEAR LINEAR LINEAR LINEAR LINEAR LINEAR LINEAR LINEAR</Name_array>
        <technique_common>
          <accessor source="#mixamorig_LeftFoot-Interpolations-array" count="22">
            <param type="name"/>
          </accessor>
        </technique_common>
      </source>
      <sampler id="mixamorig_LeftFoot-Matrix-animation-transform">
        <input semantic="INPUT" source="#mixamorig_LeftFoot-Matrix-animation-input"/>
        <input semantic="OUTPUT" source="#mixamorig_LeftFoot-Matrix-animation-output-transform"/>
        <input semantic="INTERPOLATION" source="#mixamorig_LeftFoot-Interpolations"/>
      </sampler>
      <channel source="#mixamorig_LeftFoot-Matrix-animation-transform" target="mixamorig_LeftFoot/matrix"/>
    </animation>
    <animation id="mixamorig_LeftToeBase-anim" name="mixamorig_LeftToeBase">
      <source id="mixamorig_LeftToeBase-Matrix-animation-input">
        <float_array id="mixamorig_LeftToeBase-Matrix-animation-input-array" count="22">

0.000000 0.033333 0.066667 0.100000 0.133333 0.166667 0.200000 0.233333 0.266667 0.300000 0.333333 0.366667 0.400000 0.433333 0.466667 0.500000
0.533333 0.566667 0.600000 0.633333 0.666667 0.700000</float_array>
        <technique_common>
          <accessor source="#mixamorig_LeftToeBase-Matrix-animation-input-array" count="22">
            <param name="TIME" type="float"/>
          </accessor>
        </technique_common>
      </source>
      <source id="mixamorig_LeftToeBase-Matrix-animation-output-transform">
        <float_array id="mixamorig_LeftToeBase-Matrix-animation-output-transform-array" count="352">

0.980704 0.066399 -0.183878 0.000000 -0.143032 0.884879 -0.443318 15.721600 0.133274 0.461064 0.877302 0.000000 0.000000 0.000000 0.000000 1.000000
0.999040 -0.020320 0.038819 0.000000 0.035075 0.901857 -0.430607 15.721600 -0.026259 0.431556 0.901704 0.000000 0.000000 0.000000 0.000000 1.000000
0.996661 0.057212 -0.058255 0.000000 -0.078340 0.871148 -0.484731 15.721600 0.023016 0.487676 0.872721 -0.000000 0.000000 0.000000 0.000000 1.000000
0.992486 0.081509 -0.091257 -0.000000 -0.116433 0.858416 -0.499564 15.721600 0.037617 0.506436 0.861457 0.000000 0.000000 0.000000 0.000000 1.000000
0.995158 0.071025 -0.067934 0.000000 -0.095468 0.862822 -0.496412 15.721600 0.023358 0.500494 0.865425 0.000000 0.000000 0.000000 0.000000 1.000000
0.986959 0.087082 -0.135380 0.000000 -0.142887 0.861242 -0.487694 15.721600 0.074126 0.500678 0.862454 0.000000 0.000000 0.000000 0.000000 1.000000
0.989857 0.081195 -0.116577 0.000000 -0.128341 0.862962 -0.488697 15.721600 0.060921 0.498702 0.864630 -0.000000 0.000000 0.000000 0.000000 1.000000
0.991137 0.082305 -0.104277 0.000000 -0.123484 0.860233 -0.494723 15.721600 0.048984 0.503215 0.862772 -0.000000 0.000000 0.000000 0.000000 1.000000
0.994058 0.082485 -0.071030 0.000000 -0.107334 0.851379 -0.513452 15.721600 0.018121 0.518025 0.855173 -0.000000 0.000000 0.000000 0.000000 1.000000
0.992850 0.086655 -0.082098 -0.000000 -0.116666 0.849969 -0.513752 15.721600 0.025261 0.519657 0.854001 0.000000 0.000000 0.000000 0.000000 1.000000
0.991529 0.089319 -0.094303 0.000000 -0.125215 0.850305 -0.511178 15.721600 0.034528 0.518656 0.854286 0.000000 0.000000 0.000000 0.000000 1.000000
0.994289 0.082284 -0.067962 0.000000 -0.105731 0.846047 -0.522519 15.721600 0.014504 0.526720 0.849915 -0.000000 0.000000 0.000000 0.000000 1.000000
0.996500 0.077257 -0.031923 0.000000 -0.070751 0.576109 -0.814305 15.721600 -0.044519 0.813713 0.579559 0.000000 0.000000 0.000000 0.000000 1.000000
0.994731 0.100496 0.020260 0.000000 -0.028990 0.465299 -0.884679 15.721600 -0.098334 0.879430 0.465761 0.000000 0.000000 0.000000 0.000000 1.000000
0.983371 0.104831 -0.148295 -0.000000 -0.148027 0.935746 -0.320106 15.721600 0.105209 0.336734 0.935703 0.000000 0.000000 0.000000 0.000000 1.000000
0.985018 0.088053 -0.148280 0.000000 -0.145094 0.887875 -0.436607 15.721600 0.093210 0.451580 0.887348 0.000000 0.000000 0.000000 0.000000 1.000000
0.985687 0.076972 -0.149986 0.000000 -0.139490 0.872002 -0.469207 15.721600 0.094672 0.483413 0.870258 0.000000 0.000000 0.000000 0.000000 1.000000
0.983393 0.092807 -0.155962 0.000000 -0.157889 0.861237 -0.483055 15.721600 0.089490 0.499658 0.861588 0.000000 0.000000 0.000000 0.000000 1.000000
0.991067 0.056197 -0.120947 0.000000 -0.106217 0.881014 -0.461013 15.721600 0.080648 0.469741 0.879113 0.000000 0.000000 0.000000 0.000000 1.000000
0.976716 0.095277 -0.192221 -0.000000 -0.176643 0.865625 -0.468499 15.721600 0.121754 0.491545 0.862299 0.000000 0.000000 0.000000 0.000000 1.000000
0.962162 0.133691 -0.237427 0.000000 -0.236654 0.841903 -0.484967 15.721600 0.135055 0.522805 0.841686 0.000000 0.000000 0.000000 0.000000 1.000000
0.980704 0.066399 -0.183878 0.000000 -0.143032 0.884879 -0.443318 15.721600 0.133274 0.461064 0.877302 0.000000 0.000000 0.000000 0.000000 1.000000</float_array>
        <technique_common>
          <accessor source="#mixamorig_LeftToeBase-Matrix-animation-output-transform-array" count="22" stride="16">
            <param type="float4x4"/>
          </accessor>
        </technique_common>
      </source>
      <source id="mixamorig_LeftToeBase-Interpolations">
        <Name_array id="mixamorig_LeftToeBase-Interpolations-array" count="22">
 LINEAR LINEAR LINEAR LINEAR LINEAR LINEAR LINEAR LINEAR LINEAR LINEAR LINEAR
LINEAR LINEAR LINEAR LINEAR LINEAR LINEAR LINEAR LINEAR LINEAR LINEAR LINEAR</Name_array>
        <technique_common>
          <accessor source="#mixamorig_LeftToeBase-Interpolations-array" count="22">
            <param type="name"/>
          </accessor>
        </technique_common>
      </source>
      <sampler id="mixamorig_LeftToeBase-Matrix-animation-transform">
        <input semantic="INPUT" source="#mixamorig_LeftToeBase-Matrix-animation-input"/>
        <input semantic="OUTPUT" source="#mixamorig_LeftToeBase-Matrix-animation-output-transform"/>
        <input semantic="INTERPOLATION" source="#mixamorig_LeftToeBase-Interpolations"/>
      </sampler>
      <channel source="#mixamorig_LeftToeBase-Matrix-animation-transform" target="mixamorig_LeftToeBase/matrix"/>
    </animation>
    <animation id="mixamorig_RightUpLeg-anim" name="mixamorig_RightUpLeg">
      <source id="mixamorig_RightUpLeg-Matrix-animation-input">
        <float_array id="mixamorig_RightUpLeg-Matrix-animation-input-array" count="22">

0.000000 0.033333 0.066667 0.100000 0.133333 0.166667 0.200000 0.233333 0.266667 0.300000 0.333333 0.366667 0.400000 0.433333 0.466667 0.500000
0.533333 0.566667 0.600000 0.633333 0.666667 0.700000</float_array>
        <technique_common>
          <accessor source="#mixamorig_RightUpLeg-Matrix-animation-input-array" count="22">
            <param name="TIME" type="float"/>
          </accessor>
        </technique_common>
      </source>
      <source id="mixamorig_RightUpLeg-Matrix-animation-output-transform">
        <float_array id="mixamorig_RightUpLeg-Matrix-animation-output-transform-array" count="352">

-0.992974 0.067465 -0.097214 -9.125000 -0.096451 -0.937396 0.334642 -6.655600 -0.068552 0.341668 0.937317 -0.055400 0.000000 0.000000 0.000000 1.000000
-0.990451 0.051663 -0.127819 -9.125000 -0.051161 -0.998664 -0.007213 -6.655600 -0.128021 -0.000605 0.991771 -0.055400 0.000000 0.000000 0.000000 1.000000
-0.982488 0.015890 -0.185649 -9.125000 0.040032 -0.955089 -0.293601 -6.655600 -0.181976 -0.295892 0.937727 -0.055400 0.000000 0.000000 0.000000 1.000000
-0.966628 0.010879 -0.255954 -9.125000 0.096643 -0.909796 -0.403647 -6.655600 -0.237258 -0.414912 0.878383 -0.055400 0.000000 0.000000 0.000000 1.000000
-0.972221 -0.008602 -0.233905 -9.125000 0.110470 -0.897885 -0.426143 -6.655600 -0.206354 -0.440145 0.873894 -0.055400 0.000000 0.000000 0.000000 1.000000
-0.982205 -0.034402 -0.184633 -9.125000 0.108473 -0.906444 -0.408158 -6.655600 -0.153318 -0.420923 0.894046 -0.055400 0.000000 0.000000 0.000000 1.000000
-0.984233 -0.045961 -0.170801 -9.125000 0.102261 -0.935766 -0.337468 -6.655600 -0.144320 -0.349614 0.925712 -0.055400 0.000000 0.000000 0.000000 1.000000
-0.988334 -0.064066 -0.138169 -9.125000 0.091169 -0.975591 -0.199775 -6.655600 -0.121997 -0.210042 0.970051 -0.055400 0.000000 0.000000 0.000000 1.000000
-0.992092 -0.089040 -0.088462 -9.125000 0.087627 -0.995958 0.019741 -6.655600 -0.089862 0.011833 0.995884 -0.055400 0.000000 0.000000 0.000000 1.000000
-0.992607 -0.117842 -0.029080 -9.125000 0.101049 -0.935031 0.339863 -6.655600 -0.067241 0.334412 0.940025 -0.055400 0.000000 0.000000 0.000000 1.000000
-0.991035 -0.133523 -0.004558 -9.125000 0.102234 -0.779878 0.617527 -6.655600 -0.086008 0.611525 0.786537 -0.055400 0.000000 0.000000 0.000000 1.000000
-0.992662 -0.117683 -0.027798 -9.125000 0.057238 -0.659787 0.749269 -6.655600 -0.106517 0.742180 0.661682 -0.055400 0.000000 0.000000 0.000000 1.000000
-0.997017 -0.065266 -0.041200 -9.125000 0.005483 -0.592350 0.805662 -6.655600 -0.076987 0.803033 0.590941 -0.055400 0.000000 0.000000 0.000000 1.000000
-0.999059 0.006026 -0.042960 -9.125000 -0.038460 -0.581138 0.812896 -6.655600 -0.020067 0.813783 0.580823 -0.055400 0.000000 0.000000 0.000000 1.000000
-0.998337 0.030268 -0.049068 -9.125000 -0.056967 -0.648750 0.758866 -6.655600 -0.008863 0.760399 0.649395 -0.055400 0.000000 0.000000 0.000000 1.000000
-0.998294 0.026340 -0.052105 -9.125000 -0.055996 -0.684567 0.726796 -6.655600 -0.016525 0.728474 0.684874 -0.055400 0.000000 0.000000 0.000000 1.000000
-0.997939 0.030799 -0.056297 -9.125000 -0.061554 -0.707427 0.704101 -6.655600 -0.018140 0.706115 0.707865 -0.055400 0.000000 0.000000 0.000000 1.000000
-0.997383 0.031443 -0.065100 -9.125000 -0.065859 -0.766593 0.638747 -6.655600 -0.029821 0.641363 0.766658 -0.055400 0.000000 0.000000 0.000000 1.000000
-0.996554 0.034675 -0.075351 -9.125000 -0.075258 -0.759944 0.645617 -6.655600 -0.034875 0.649063 0.759935 -0.055400 0.000000 0.000000 0.000000 1.000000
-0.995078 0.024350 -0.096057 -9.125000 -0.081399 -0.753687 0.652173 -6.655600 -0.056516 0.656782 0.751960 -0.055400 0.000000 0.000000 0.000000 1.000000
-0.992366 0.060920 -0.107231 -9.125000 -0.109819 -0.832155 0.543560 -6.655600 -0.056120 0.551186 0.832493 -0.055400 0.000000 0.000000 0.000000 1.000000
-0.992974 0.067465 -0.097214 -9.125000 -0.096451 -0.937396 0.334642 -6.655600 -0.068552 0.341668 0.937317 -0.055400 0.000000 0.000000 0.000000 1.000000</float_array>
        <technique_common>
          <accessor source="#mixamorig_RightUpLeg-Matrix-animation-output-transform-array" count="22" stride="16">
            <param type="float4x4"/>
          </accessor>
        </technique_common>
      </source>
      <source id="mixamorig_RightUpLeg-Interpolations">
        <Name_array id="mixamorig_RightUpLeg-Interpolations-array" count="22">
 LINEAR LINEAR LINEAR LINEAR LINEAR LINEAR LINEAR LINEAR LINEAR LINEAR LINEAR
LINEAR LINEAR LINEAR LINEAR LINEAR LINEAR LINEAR LINEAR LINEAR LINEAR LINEAR</Name_array>
        <technique_common>
          <accessor source="#mixamorig_RightUpLeg-Interpolations-array" count="22">
            <param type="name"/>
          </accessor>
        </technique_common>
      </source>
      <sampler id="mixamorig_RightUpLeg-Matrix-animation-transform">
        <input semantic="INPUT" source="#mixamorig_RightUpLeg-Matrix-animation-input"/>
        <input semantic="OUTPUT" source="#mixamorig_RightUpLeg-Matrix-animation-output-transform"/>
        <input semantic="INTERPOLATION" source="#mixamorig_RightUpLeg-Interpolations"/>
      </sampler>
      <channel source="#mixamorig_RightUpLeg-Matrix-animation-transform" target="mixamorig_RightUpLeg/matrix"/>
    </animation>
    <animation id="mixamorig_RightLeg-anim" name="mixamorig_RightLeg">
      <source id="mixamorig_RightLeg-Matrix-animation-input">
        <float_array id="mixamorig_RightLeg-Matrix-animation-input-array" count="22">

0.000000 0.033333 0.066667 0.100000 0.133333 0.166667 0.200000 0.233333 0.266667 0.300000 0.333333 0.366667 0.400000 0.433333 0.466667 0.500000
0.533333 0.566667 0.600000 0.633333 0.666667 0.700000</float_array>
        <technique_common>
          <accessor source="#mixamorig_RightLeg-Matrix-animation-input-array" count="22">
            <param name="TIME" type="float"/>
          </accessor>
        </technique_common>
      </source>
      <source id="mixamorig_RightLeg-Matrix-animation-output-transform">
        <float_array id="mixamorig_RightLeg-Matrix-animation-output-transform-array" count="352">

0.999846 0.017296 -0.002956 -0.000000 -0.008641 0.631958 0.774955 40.599400 0.015272 -0.774810 0.632010 0.000000 0.000000 0.000000 0.000000 1.000000
0.996725 0.031757 -0.074368 0.000000 0.013399 0.842088 0.539174 40.599400 0.079747 -0.538404 0.838905 0.000000 0.000000 0.000000 0.000000 1.000000
0.977707 0.020273 -0.208991 0.000000 0.026363 0.975599 0.217972 40.599400 0.208310 -0.218622 0.953316 0.000000 0.000000 0.000000 0.000000 1.000000
0.968752 0.047496 -0.243441 0.000000 0.002084 0.979901 0.199475 40.599400 0.248022 -0.193749 0.949182 0.000000 0.000000 0.000000 0.000000 1.000000
0.985848 0.030165 -0.164906 0.000000 0.041818 0.908331 0.416155 40.599400 0.162343 -0.417162 0.894215 0.000000 0.000000 0.000000 0.000000 1.000000
0.998923 0.030390 0.035071 -0.000000 -0.046076 0.739604 0.671464 40.599400 -0.005533 -0.672356 0.740207 0.000000 0.000000 0.000000 0.000000 1.000000
0.999605 0.027626 0.005259 0.000000 -0.017767 0.475411 0.879584 40.599400 0.021799 -0.879330 0.475714 0.000000 0.000000 0.000000 0.000000 1.000000
0.997416 -0.028118 0.066116 0.000000 -0.059638 0.189160 0.980134 40.599400 -0.040066 -0.981544 0.186994 0.000000 0.000000 0.000000 0.000000 1.000000
0.998636 -0.049106 0.017732 0.000000 -0.023166 -0.112411 0.993392 40.599400 -0.046788 -0.992448 -0.113395 -0.000000 0.000000 0.000000 0.000000 1.000000
0.997547 -0.058910 -0.037809 -0.000000 0.015407 -0.342099 0.939537 40.599400 -0.068283 -0.937815 -0.340353 0.000000 0.000000 0.000000 0.000000 1.000000
0.997312 -0.060299 -0.041638 0.000000 0.015976 -0.375628 0.926633 40.599400 -0.071516 -0.924807 -0.373655 0.000000 0.000000 0.000000 0.000000 1.000000
0.998023 -0.062707 -0.004199 0.000000 -0.008416 -0.199546 0.979852 40.599400 -0.062282 -0.977880 -0.199679 -0.000000 0.000000 0.000000 0.000000 1.000000
0.997193 -0.065495 0.036270 0.000000 -0.028837 0.111067 0.993394 40.599400 -0.069091 -0.991652 0.108867 0.000000 0.000000 0.000000 0.000000 1.000000
0.995930 -0.057928 0.069043 -0.000000 -0.029689 0.512448 0.858205 40.599400 -0.085095 -0.856762 0.508643 -0.000000 0.000000 0.000000 0.000000 1.000000
0.988161 -0.034562 0.149477 0.000000 -0.045028 0.866055 0.497916 40.599400 -0.146664 -0.498752 0.854246 0.000000 0.000000 0.000000 0.000000 1.000000
0.999015 -0.016500 0.041181 0.000000 0.002447 0.947342 0.320215 40.599400 -0.044296 -0.319799 0.946450 0.000000 0.000000 0.000000 0.000000 1.000000
0.998096 -0.003308 -0.061598 -0.000000 0.021971 0.952140 0.304871 40.599400 0.057641 -0.305644 0.950399 0.000000 0.000000 0.000000 0.000000 1.000000
0.998739 -0.003094 -0.050113 0.000000 0.016790 0.961216 0.275286 40.599400 0.047318 -0.275781 0.960055 0.000000 0.000000 0.000000 0.000000 1.000000
0.999923 -0.003799 -0.011839 0.000000 0.009289 0.861184 0.508209 40.599400 0.008265 -0.508279 0.861153 0.000000 0.000000 0.000000 0.000000 1.000000
0.999186 -0.039665 -0.007311 -0.000000 0.032004 0.669383 0.742228 40.599400 -0.024546 -0.741858 0.670108 0.000000 0.000000 0.000000 0.000000 1.000000
0.999070 -0.037951 0.020465 -0.000000 0.004784 0.569291 0.822123 40.599400 -0.042851 -0.821260 0.568943 -0.000000 0.000000 0.000000 0.000000 1.000000
0.999846 0.017296 -0.002956 -0.000000 -0.008641 0.631958 0.774955 40.599400 0.015272 -0.774810 0.632010 0.000000 0.000000 0.000000 0.000000 1.000000</float_array>
        <technique_common>
          <accessor source="#mixamorig_RightLeg-Matrix-animation-output-transform-array" count="22" stride="16">
            <param type="float4x4"/>
          </accessor>
        </technique_common>
      </source>
      <source id="mixamorig_RightLeg-Interpolations">
        <Name_array id="mixamorig_RightLeg-Interpolations-array" count="22">
 LINEAR LINEAR LINEAR LINEAR LINEAR LINEAR LINEAR LINEAR LINEAR LINEAR LINEAR
LINEAR LINEAR LINEAR LINEAR LINEAR LINEAR LINEAR LINEAR LINEAR LINEAR LINEAR</Name_array>
        <technique_common>
          <accessor source="#mixamorig_RightLeg-Interpolations-array" count="22">
            <param type="name"/>
          </accessor>
        </technique_common>
      </source>
      <sampler id="mixamorig_RightLeg-Matrix-animation-transform">
        <input semantic="INPUT" source="#mixamorig_RightLeg-Matrix-animation-input"/>
        <input semantic="OUTPUT" source="#mixamorig_RightLeg-Matrix-animation-output-transform"/>
        <input semantic="INTERPOLATION" source="#mixamorig_RightLeg-Interpolations"/>
      </sampler>
      <channel source="#mixamorig_RightLeg-Matrix-animation-transform" target="mixamorig_RightLeg/matrix"/>
    </animation>
    <animation id="mixamorig_RightFoot-anim" name="mixamorig_RightFoot">
      <source id="mixamorig_RightFoot-Matrix-animation-input">
        <float_array id="mixamorig_RightFoot-Matrix-animation-input-array" count="22">

0.000000 0.033333 0.066667 0.100000 0.133333 0.166667 0.200000 0.233333 0.266667 0.300000 0.333333 0.366667 0.400000 0.433333 0.466667 0.500000
0.533333 0.566667 0.600000 0.633333 0.666667 0.700000</float_array>
        <technique_common>
          <accessor source="#mixamorig_RightFoot-Matrix-animation-input-array" count="22">
            <param name="TIME" type="float"/>
          </accessor>
        </technique_common>
      </source>
      <source id="mixamorig_RightFoot-Matrix-animation-output-transform">
        <float_array id="mixamorig_RightFoot-Matrix-animation-output-transform-array" count="352">

0.996645 0.029569 -0.076321 0.000000 -0.076297 -0.001920 -0.997083 42.098999 -0.029629 0.999561 0.000342 0.000000 0.000000 0.000000 0.000000 1.000000
0.996317 0.029878 -0.080378 0.000000 -0.082944 0.097876 -0.991736 42.098999 -0.021764 0.994750 0.099993 0.000000 0.000000 0.000000 0.000000 1.000000
0.991527 -0.063947 0.113070 0.000000 0.129151 0.578639 -0.805293 42.098999 -0.013931 0.813073 0.581995 -0.000000 0.000000 0.000000 0.000000 1.000000
0.966917 -0.163047 0.196183 -0.000000 0.250051 0.757947 -0.602487 42.098999 -0.050462 0.631611 0.773642 0.000000 0.000000 0.000000 0.000000 1.000000
0.977000 -0.139147 0.161580 0.000000 0.210377 0.752688 -0.623861 42.098999 -0.034811 0.643505 0.764650 -0.000000 0.000000 0.000000 0.000000 1.000000
0.980790 -0.129963 0.145465 0.000000 0.193096 0.752564 -0.629572 42.098999 -0.027651 0.645567 0.763203 0.000000 0.000000 0.000000 0.000000 1.000000
0.990137 -0.092169 0.105519 0.000000 0.139664 0.709063 -0.691176 42.098999 -0.011114 0.699096 0.714942 0.000000 0.000000 0.000000 0.000000 1.000000
0.992447 -0.080881 0.092234 -0.000000 0.122673 0.657129 -0.743729 42.098999 -0.000457 0.749426 0.662088 0.000000 0.000000 0.000000 0.000000 1.000000
0.998674 -0.037278 0.035512 0.000000 0.050645 0.587145 -0.807896 42.098999 0.009267 0.808623 0.588254 0.000000 0.000000 0.000000 0.000000 1.000000
0.999729 -0.020156 0.011658 -0.000000 0.020624 0.534146 -0.845141 42.098999 0.010807 0.845152 0.534417 -0.000000 0.000000 0.000000 0.000000 1.000000
0.999788 0.002421 -0.020456 0.000000 -0.018729 0.520272 -0.853796 42.098999 0.008576 0.853997 0.520206 0.000000 0.000000 0.000000 0.000000 1.000000
0.998478 0.022562 -0.050317 0.000000 -0.054743 0.515425 -0.855185 42.098999 0.006640 0.856638 0.515875 0.000000 0.000000 0.000000 0.000000 1.000000
0.998054 0.024881 -0.057181 0.000000 -0.062179 0.466694 -0.882231 42.098999 0.004735 0.884069 0.467332 0.000000 0.000000 0.000000 0.000000 1.000000
0.998314 0.023009 -0.053285 0.000000 -0.057942 0.448777 -0.891763 42.098999 0.003395 0.893347 0.449354 0.000000 0.000000 0.000000 0.000000 1.000000
0.999442 0.013100 -0.030719 0.000000 -0.033287 0.464773 -0.884804 42.098999 0.002686 0.885333 0.464950 0.000000 0.000000 0.000000 0.000000 1.000000
0.999917 -0.005885 0.011423 0.000000 0.012784 0.365917 -0.930560 42.098999 0.001297 0.930629 0.365962 0.000000 0.000000 0.000000 0.000000 1.000000
0.995793 -0.032453 0.085690 0.000000 0.091398 0.285368 -0.954050 42.098999 0.006509 0.957868 0.287134 0.000000 0.000000 0.000000 0.000000 1.000000
0.996674 -0.028062 0.076508 0.000000 0.081432 0.306848 -0.948268 42.098999 0.003134 0.951345 0.308113 0.000000 0.000000 0.000000 0.000000 1.000000
0.996497 0.036572 -0.075207 0.000000 -0.083617 0.421516 -0.902957 42.098999 -0.001322 0.906083 0.423098 0.000000 0.000000 0.000000 0.000000 1.000000
0.994107 0.041997 -0.099942 0.000000 -0.107397 0.255990 -0.960695 42.098999 -0.014762 0.965767 0.258992 -0.000000 0.000000 0.000000 0.000000 1.000000
0.995065 0.033754 -0.093306 0.000000 -0.094511 0.036076 -0.994870 42.098999 -0.030215 0.998779 0.039088 -0.000000 0.000000 0.000000 0.000000 1.000000
0.996645 0.029569 -0.076321 0.000000 -0.076297 -0.001920 -0.997083 42.098999 -0.029629 0.999561 0.000342 0.000000 0.000000 0.000000 0.000000 1.000000</float_array>
        <technique_common>
          <accessor source="#mixamorig_RightFoot-Matrix-animation-output-transform-array" count="22" stride="16">
            <param type="float4x4"/>
          </accessor>
        </technique_common>
      </source>
      <source id="mixamorig_RightFoot-Interpolations">
        <Name_array id="mixamorig_RightFoot-Interpolations-array" count="22">
 LINEAR LINEAR LINEAR LINEAR LINEAR LINEAR LINEAR LINEAR LINEAR LINEAR LINEAR
LINEAR LINEAR LINEAR LINEAR LINEAR LINEAR LINEAR LINEAR LINEAR LINEAR LINEAR</Name_array>
        <technique_common>
          <accessor source="#mixamorig_RightFoot-Interpolations-array" count="22">
            <param type="name"/>
          </accessor>
        </technique_common>
      </source>
      <sampler id="mixamorig_RightFoot-Matrix-animation-transform">
        <input semantic="INPUT" source="#mixamorig_RightFoot-Matrix-animation-input"/>
        <input semantic="OUTPUT" source="#mixamorig_RightFoot-Matrix-animation-output-transform"/>
        <input semantic="INTERPOLATION" source="#mixamorig_RightFoot-Interpolations"/>
      </sampler>
      <channel source="#mixamorig_RightFoot-Matrix-animation-transform" target="mixamorig_RightFoot/matrix"/>
    </animation>
    <animation id="mixamorig_RightToeBase-anim" name="mixamorig_RightToeBase">
      <source id="mixamorig_RightToeBase-Matrix-animation-input">
        <float_array id="mixamorig_RightToeBase-Matrix-animation-input-array" count="22">

0.000000 0.033333 0.066667 0.100000 0.133333 0.166667 0.200000 0.233333 0.266667 0.300000 0.333333 0.366667 0.400000 0.433333 0.466667 0.500000
0.533333 0.566667 0.600000 0.633333 0.666667 0.700000</float_array>
        <technique_common>
          <accessor source="#mixamorig_RightToeBase-Matrix-animation-input-array" count="22">
            <param name="TIME" type="float"/>
          </accessor>
        </technique_common>
      </source>
      <source id="mixamorig_RightToeBase-Matrix-animation-output-transform">
        <float_array id="mixamorig_RightToeBase-Matrix-animation-output-transform-array" count="352">

0.972427 -0.229491 0.041470 0.000000 0.207966 0.772888 -0.599495 15.721600 0.105527 0.591590 0.799303 -0.000000 0.000000 0.000000 0.000000 1.000000
0.968768 -0.242973 0.049519 0.000000 0.207579 0.685399 -0.697954 15.721600 0.135644 0.686435 0.714429 -0.000000 0.000000 0.000000 0.000000 1.000000
0.967035 -0.222217 -0.124353 -0.000000 -0.031728 0.379391 -0.924692 15.721600 0.252661 0.898155 0.359834 0.000000 0.000000 0.000000 0.000000 1.000000
0.975676 -0.103452 -0.193273 0.000000 -0.059688 0.722973 -0.688294 15.721600 0.210937 0.683087 0.699212 0.000000 0.000000 0.000000 0.000000 1.000000
0.998764 -0.049699 -0.001028 -0.000000 0.041410 0.843275 -0.535884 15.721600 0.027499 0.535179 0.844291 -0.000000 0.000000 0.000000 0.000000 1.000000
0.995185 -0.097918 -0.004243 0.000000 0.074654 0.785364 -0.614517 15.721600 0.063505 0.611241 0.788892 -0.000000 0.000000 0.000000 0.000000 1.000000
0.984691 -0.169050 -0.042484 0.000000 0.087494 0.690169 -0.718340 15.721600 0.150756 0.703626 0.694394 0.000000 0.000000 0.000000 0.000000 1.000000
0.975270 -0.216266 -0.045573 0.000000 0.115860 0.675859 -0.727868 15.721600 0.188214 0.704588 0.684201 0.000000 0.000000 0.000000 0.000000 1.000000
0.984861 -0.170573 -0.030879 -0.000000 0.100710 0.708023 -0.698971 15.721600 0.141088 0.685280 0.714483 0.000000 0.000000 0.000000 0.000000 1.000000
0.986704 -0.161268 -0.020187 0.000000 0.106160 0.733560 -0.671282 15.721600 0.123065 0.660213 0.740927 0.000000 0.000000 0.000000 0.000000 1.000000
0.985077 -0.170993 -0.019636 0.000000 0.116256 0.745148 -0.656688 15.721600 0.126920 0.644605 0.753907 0.000000 0.000000 0.000000 0.000000 1.000000
0.987028 -0.158855 -0.023259 0.000000 0.104769 0.747082 -0.656424 15.721600 0.121652 0.645472 0.754034 0.000000 0.000000 0.000000 0.000000 1.000000
0.984224 -0.176245 -0.015544 0.000000 0.129164 0.775777 -0.617646 15.721600 0.120915 0.605894 0.786303 0.000000 0.000000 0.000000 0.000000 1.000000
0.983028 -0.182909 -0.014160 0.000000 0.138940 0.792674 -0.593603 15.721600 0.119800 0.581561 0.804634 0.000000 0.000000 0.000000 0.000000 1.000000
0.971343 -0.235638 -0.031091 0.000000 0.174156 0.794637 -0.581568 15.721600 0.161745 0.559488 0.812903 0.000000 0.000000 0.000000 0.000000 1.000000
0.972610 -0.230218 -0.032102 0.000000 0.172309 0.806769 -0.565184 15.721600 0.156014 0.544172 0.824340 0.000000 0.000000 0.000000 0.000000 1.000000
0.964686 -0.259046 -0.047718 0.000000 0.188707 0.806071 -0.560927 15.721600 0.183769 0.532113 0.826489 0.000000 0.000000 0.000000 0.000000 1.000000
0.968266 -0.242775 -0.059334 0.000000 0.162741 0.792658 -0.587544 15.721600 0.189673 0.559243 0.807014 -0.000000 0.000000 0.000000 0.000000 1.000000
0.972348 -0.227731 -0.051750 0.000000 0.160476 0.812531 -0.560393 15.721600 0.169667 0.536592 0.826609 -0.000000 0.000000 0.000000 0.000000 1.000000
0.975912 -0.217876 0.011174 0.000000 0.193415 0.840378 -0.506316 15.721600 0.100924 0.496282 0.862275 -0.000000 0.000000 0.000000 0.000000 1.000000
0.975255 -0.219789 0.023865 -0.000000 0.199553 0.828683 -0.522937 15.721600 0.095159 0.514760 0.852037 0.000000 0.000000 0.000000 0.000000 1.000000
0.972427 -0.229491 0.041470 0.000000 0.207966 0.772888 -0.599495 15.721600 0.105527 0.591590 0.799303 -0.000000 0.000000 0.000000 0.000000 1.000000</float_array>
        <technique_common>
          <accessor source="#mixamorig_RightToeBase-Matrix-animation-output-transform-array" count="22" stride="16">
            <param type="float4x4"/>
          </accessor>
        </technique_common>
      </source>
      <source id="mixamorig_RightToeBase-Interpolations">
        <Name_array id="mixamorig_RightToeBase-Interpolations-array" count="22">
 LINEAR LINEAR LINEAR LINEAR LINEAR LINEAR LINEAR LINEAR LINEAR LINEAR LINEAR
LINEAR LINEAR LINEAR LINEAR LINEAR LINEAR LINEAR LINEAR LINEAR LINEAR LINEAR</Name_array>
        <technique_common>
          <accessor source="#mixamorig_RightToeBase-Interpolations-array" count="22">
            <param type="name"/>
          </accessor>
        </technique_common>
      </source>
      <sampler id="mixamorig_RightToeBase-Matrix-animation-transform">
        <input semantic="INPUT" source="#mixamorig_RightToeBase-Matrix-animation-input"/>
        <input semantic="OUTPUT" source="#mixamorig_RightToeBase-Matrix-animation-output-transform"/>
        <input semantic="INTERPOLATION" source="#mixamorig_RightToeBase-Interpolations"/>
      </sampler>
      <channel source="#mixamorig_RightToeBase-Matrix-animation-transform" target="mixamorig_RightToeBase/matrix"/>
    </animation>
  </library_animations>
  <library_visual_scenes>
    <visual_scene id="RootNode" name="RootNode">
      <node id="mixamorig_Hips" name="mixamorig_Hips" sid="mixamorig_Hips" type="JOINT">
        <matrix sid="matrix">0.997202 0.054359 0.051307 0.141900 -0.049320 0.994272 -0.094820 91.887268 -0.056168 0.092024 0.994171 0.613348 0.000000 0.000000 0.000000 1.000000</matrix>
        <node id="mixamorig_Spine" name="mixamorig_Spine" sid="mixamorig_Spine" type="JOINT">
          <matrix sid="matrix">0.999391 -0.028754 0.019746 0.000900 0.028039 0.998974 0.035560 9.923500 -0.020749 -0.034984 0.999172 -1.227300 0.000000 0.000000 0.000000 1.000000</matrix>
          <node id="mixamorig_Spine1" name="mixamorig_Spine1" sid="mixamorig_Spine1" type="JOINT">
            <matrix sid="matrix">0.998356 -0.035680 0.044852 -0.000000 0.042874 0.984278 -0.171344 11.732000 -0.038033 0.172986 0.984190 0.000000 0.000000 0.000000 0.000000 1.000000</matrix>
            <node id="mixamorig_Spine2" name="mixamorig_Spine2" sid="mixamorig_Spine2" type="JOINT">
              <matrix sid="matrix">0.998355 -0.030299 0.048674 -0.000000 0.042886 0.958088 -0.283246 13.458800 -0.038052 0.284868 0.957811 0.000000 0.000000 0.000000 0.000000 1.000000</matrix>
              <node id="mixamorig_Neck" name="mixamorig_Neck" sid="mixamorig_Neck" type="JOINT">
                <matrix sid="matrix">0.998466 0.007576 -0.054851 -0.000000 -0.000679 0.992197 0.124675 15.027800 0.055368 -0.124447 0.990680 0.877900 0.000000 0.000000 0.000000 1.000000</matrix>
                <node id="mixamorig_Head" name="mixamorig_Head" sid="mixamorig_Head" type="JOINT">
                  <matrix sid="matrix">0.987596 0.090813 -0.128087 0.000000 -0.057730 0.968646 0.241643 10.321800 0.146016 -0.231251 0.961874 3.142400 0.000000 0.000000 0.000000 1.000000</matrix>
                  <node id="mixamorig_HeadTop_End" name="mixamorig_HeadTop_End" sid="mixamorig_HeadTop_End" type="JOINT">
                    <matrix sid="matrix">1.000000 -0.000000 0.000000 0.000200 -0.000000 1.000000 0.000000 18.474701 0.000000 0.000000 1.000000 6.636400 0.000000 0.000000 0.000000 1.000000</matrix>
                  </node>
                </node>
              </node>
              <node id="mixamorig_LeftShoulder" name="mixamorig_LeftShoulder" sid="mixamorig_LeftShoulder" type="JOINT">
                <matrix sid="matrix">-0.177004 0.967775 -0.179110 6.105800 0.060291 -0.170980 -0.983428 9.106300 -0.982362 -0.184869 -0.028084 0.757100 0.000000 0.000000 0.000000 1.000000</matrix>
                <node id="mixamorig_LeftArm" name="mixamorig_LeftArm" sid="mixamorig_LeftArm" type="JOINT">
                  <matrix sid="matrix">0.930183 0.360447 0.069554 0.000000 -0.100143 0.431439 -0.896567 12.922300 -0.353174 0.827006 0.437413 0.000000 0.000000 0.000000 0.000000 1.000000</matrix>
                  <node id="mixamorig_LeftForeArm" name="mixamorig_LeftForeArm" sid="mixamorig_LeftForeArm" type="JOINT">
                    <matrix sid="matrix">-0.240754 -0.951157 0.193228 0.000000 0.970339 -0.240371 0.025788 27.404699 0.021918 0.193705 0.980815 0.000000 0.000000 0.000000 0.000000 1.000000</matrix>
                    <node id="mixamorig_LeftHand" name="mixamorig_LeftHand" sid="mixamorig_LeftHand" type="JOINT">
                      <matrix sid="matrix">0.918341 -0.348410 0.187776 0.000000 0.346011 0.937078 0.046495 27.614500 -0.192160 0.022275 0.981111 -0.000000 0.000000 0.000000 0.000000 1.000000</matrix>
                      <node id="mixamorig_LeftHandThumb1" name="mixamorig_LeftHandThumb1" sid="mixamorig_LeftHandThumb1" type="JOINT">
                        <matrix sid="matrix">0.824389 -0.565604 0.021784 -3.003000 0.466476 0.657101 -0.592130 3.788800 0.320597 0.498308 0.805548 2.167100 0.000000 0.000000 0.000000 1.000000</matrix>
                        <node id="mixamorig_LeftHandThumb2" name="mixamorig_LeftHandThumb2" sid="mixamorig_LeftHandThumb2" type="JOINT">
                          <matrix sid="matrix">0.967933 0.251142 0.005771 0.000000 -0.250962 0.965710 0.066499 4.745000 0.011127 -0.065815 0.997770 0.000000 0.000000 0.000000 0.000000 1.000000</matrix>
                          <node id="mixamorig_LeftHandThumb3" name="mixamorig_LeftHandThumb3" sid="mixamorig_LeftHandThumb3" type="JOINT">
                            <matrix sid="matrix">1.000000 0.000000 0.000000 -0.000000 -0.000000 1.000000 0.000000 4.382100 -0.000000 -0.000000 1.000000 0.000000 0.000000 0.000000 0.000000 1.000000</matrix>
                            <node id="mixamorig_LeftHandThumb4" name="mixamorig_LeftHandThumb4" sid="mixamorig_LeftHandThumb4" type="JOINT">
                              <matrix sid="matrix">0.958041 -0.140321 0.249934 0.000000 0.144918 0.989444 0.000010 3.459100 -0.247297 0.036210 0.968263 -0.000000 0.000000 0.000000 0.000000 1.000000</matrix>
                            </node>
                          </node>
                        </node>
                      </node>
                      <node id="mixamorig_LeftHandIndex1" name="mixamorig_LeftHandIndex1" sid="mixamorig_LeftHandIndex1" type="JOINT">
                        <matrix sid="matrix">0.992389 -0.095985 0.077137 -2.822000 0.095574 0.205395 -0.974001 12.266600 0.077646 0.973961 0.213006 0.231800 0.000000 0.000000 0.000000 1.000000</matrix>
                        <node id="mixamorig_LeftHandIndex2" name="mixamorig_LeftHandIndex2" sid="mixamorig_LeftHandIndex2" type="JOINT">
                          <matrix sid="matrix">0.991670 -0.111276 0.064871 0.000000 0.072702 0.067821 -0.995045 3.892000 0.106325 0.991473 0.075346 -0.000000 0.000000 0.000000 0.000000 1.000000</matrix>
                          <node id="mixamorig_LeftHandIndex3" name="mixamorig_LeftHandIndex3" sid="mixamorig_LeftHandIndex3" type="JOINT">
                            <matrix sid="matrix">1.000000 0.000000 0.000000 0.000000 -0.000000 1.000000 0.000000 3.415200 -0.000000 -0.000000 1.000000 0.000000 0.000000 0.000000 0.000000 1.000000</matrix>
                            <node id="mixamorig_LeftHandIndex4" name="mixamorig_LeftHandIndex4" sid="mixamorig_LeftHandIndex4" type="JOINT">
                              <matrix sid="matrix">0.999968 -0.000045 0.008004 -0.000000 0.000045 1.000000 -0.000001 3.078000 -0.008004 0.000002 0.999968 0.000000 0.000000 0.000000 0.000000 1.000000</matrix>
                            </node>
                          </node>
                        </node>
                      </node>
                      <node id="mixamorig_LeftHandMiddle1" name="mixamorig_LeftHandMiddle1" sid="mixamorig_LeftHandMiddle1" type="JOINT">
                        <matrix sid="matrix">0.994355 -0.092421 0.052127 0.000000 0.065333 0.146172 -0.987099 12.775500 0.083609 0.984933 0.151385 0.000000 0.000000 0.000000 0.000000 1.000000</matrix>
                        <node id="mixamorig_LeftHandMiddle2" name="mixamorig_LeftHandMiddle2" sid="mixamorig_LeftHandMiddle2" type="JOINT">
                          <matrix sid="matrix">0.991617 -0.104450 0.076064 0.000000 0.093612 0.174978 -0.980112 3.614000 0.089064 0.979016 0.183289 0.000000 0.000000 0.000000 0.000000 1.000000</matrix>
                          <node id="mixamorig_LeftHandMiddle3" name="mixamorig_LeftHandMiddle3" sid="mixamorig_LeftHandMiddle3" type="JOINT">
                            <matrix sid="matrix">1.000000 -0.000000 -0.000000 0.000000 0.000000 1.000000 0.000000 3.459800 0.000000 0.000000 1.000000 -0.000000 0.000000 0.000000 0.000000 1.000000</matrix>
                            <node id="mixamorig_LeftHandMiddle4" name="mixamorig_LeftHandMiddle4" sid="mixamorig_LeftHandMiddle4" type="JOINT">
                              <matrix sid="matrix">0.999957 0.001309 0.009159 -0.000000 -0.001309 0.999999 -0.000003 3.680200 -0.009159 -0.000009 0.999958 0.000000 0.000000 0.000000 0.000000 1.000000</matrix>
                            </node>
                          </node>
                        </node>
                      </node>
                      <node id="mixamorig_LeftHandRing1" name="mixamorig_LeftHandRing1" sid="mixamorig_LeftHandRing1" type="JOINT">
                        <matrix sid="matrix">0.994790 -0.057519 -0.084167 2.216600 -0.079711 0.075801 -0.993932 12.147000 0.063550 0.995463 0.070821 -0.010000 0.000000 0.000000 0.000000 1.000000</matrix>
                        <node id="mixamorig_LeftHandRing2" name="mixamorig_LeftHandRing2" sid="mixamorig_LeftHandRing2" type="JOINT">
                          <matrix sid="matrix">0.995751 -0.062740 0.067404 0.000000 0.075028 0.128381 -0.988883 3.601200 0.053389 0.989738 0.132543 0.000000 0.000000 0.000000 0.000000 1.000000</matrix>
                          <node id="mixamorig_LeftHandRing3" name="mixamorig_LeftHandRing3" sid="mixamorig_LeftHandRing3" type="JOINT">
                            <matrix sid="matrix">1.000000 -0.000000 0.000000 -0.000000 0.000000 1.000000 -0.000000 3.307300 -0.000000 0.000000 1.000000 0.000000 0.000000 0.000000 0.000000 1.000000</matrix>
                            <node id="mixamorig_LeftHandRing4" name="mixamorig_LeftHandRing4" sid="mixamorig_LeftHandRing4" type="JOINT">
                              <matrix sid="matrix">0.999889 -0.001541 0.014793 0.000000 0.001541 0.999999 -0.000005 3.660100 -0.014793 0.000028 0.999891 0.000000 0.000000 0.000000 0.000000 1.000000</matrix>
                            </node>
                          </node>
                        </node>
                      </node>
                      <node id="mixamorig_LeftHandPinky1" name="mixamorig_LeftHandPinky1" sid="mixamorig_LeftHandPinky1" type="JOINT">
                        <matrix sid="matrix">0.980233 -0.061379 -0.188084 4.725800 -0.189740 -0.022321 -0.981581 10.908200 0.056050 0.997865 -0.033526 0.226100 0.000000 0.000000 0.000000 1.000000</matrix>
                        <node id="mixamorig_LeftHandPinky2" name="mixamorig_LeftHandPinky2" sid="mixamorig_LeftHandPinky2" type="JOINT">
                          <matrix sid="matrix">0.993692 -0.025500 0.109208 0.000000 0.108234 -0.036878 -0.993441 4.136700 0.029360 0.998994 -0.033885 -0.000000 0.000000 0.000000 0.000000 1.000000</matrix>
                          <node id="mixamorig_LeftHandPinky3" name="mixamorig_LeftHandPinky3" sid="mixamorig_LeftHandPinky3" type="JOINT">
                            <matrix sid="matrix">1.000000 0.000000 -0.000000 0.000000 -0.000000 1.000000 0.000000 2.594800 0.000000 -0.000000 1.000000 0.000000 0.000000 0.000000 0.000000 1.000000</matrix>
                            <node id="mixamorig_LeftHandPinky4" name="mixamorig_LeftHandPinky4" sid="mixamorig_LeftHandPinky4" type="JOINT">
                              <matrix sid="matrix">0.999966 0.001150 0.008199 0.000000 -0.001150 0.999999 -0.000002 2.923900 -0.008199 -0.000007 0.999966 0.000000 0.000000 0.000000 0.000000 1.000000</matrix>
                            </node>
                          </node>
                        </node>
                      </node>
                    </node>
                  </node>
                </node>
              </node>
              <node id="mixamorig_RightShoulder" name="mixamorig_RightShoulder" sid="mixamorig_RightShoulder" type="JOINT">
                <matrix sid="matrix">-0.093344 -0.978279 0.185089 -6.105700 -0.056573 -0.180389 -0.981967 9.106400 0.994025 -0.102132 -0.038506 0.757100 0.000000 0.000000 0.000000 1.000000</matrix>
                <node id="mixamorig_RightArm" name="mixamorig_RightArm" sid="mixamorig_RightArm" type="JOINT">
                  <matrix sid="matrix">0.995766 -0.062882 -0.067058 -0.000000 -0.016173 0.598248 -0.801148 12.922300 0.090496 0.798840 0.594698 0.000000 0.000000 0.000000 0.000000 1.000000</matrix>
                  <node id="mixamorig_RightForeArm" name="mixamorig_RightForeArm" sid="mixamorig_RightForeArm" type="JOINT">
                    <matrix sid="matrix">0.018779 0.996479 -0.081712 0.000000 -0.998352 0.014257 -0.055582 27.404699 -0.054222 0.082622 0.995105 0.000000 0.000000 0.000000 0.000000 1.000000</matrix>
                    <node id="mixamorig_RightHand" name="mixamorig_RightHand" sid="mixamorig_RightHand" type="JOINT">
                      <matrix sid="matrix">0.994847 0.101255 0.005143 0.000000 -0.100949 0.993993 -0.042287 27.614500 -0.009394 0.041550 0.999092 -0.000000 0.000000 0.000000 0.000000 1.000000</matrix>
                      <node id="mixamorig_RightHandThumb1" name="mixamorig_RightHandThumb1" sid="mixamorig_RightHandThumb1" type="JOINT">
                        <matrix sid="matrix">0.884615 0.464500 -0.041173 3.003000 -0.392175 0.693283 -0.604614 3.788800 -0.252298 0.550998 0.795454 2.167100 0.000000 0.000000 0.000000 1.000000</matrix>
                        <node id="mixamorig_RightHandThumb2" name="mixamorig_RightHandThumb2" sid="mixamorig_RightHandThumb2" type="JOINT">
                          <matrix sid="matrix">0.978983 -0.203903 -0.004051 -0.000000 0.203785 0.977250 0.058779 4.745000 -0.008026 -0.058369 0.998263 0.000000 0.000000 0.000000 0.000000 1.000000</matrix>
                          <node id="mixamorig_RightHandThumb3" name="mixamorig_RightHandThumb3" sid="mixamorig_RightHandThumb3" type="JOINT">
                            <matrix sid="matrix">1.000000 -0.000000 0.000000 0.000000 0.000000 1.000000 -0.000000 4.382100 -0.000000 0.000000 1.000000 0.000000 0.000000 0.000000 0.000000 1.000000</matrix>
                            <node id="mixamorig_RightHandThumb4" name="mixamorig_RightHandThumb4" sid="mixamorig_RightHandThumb4" type="JOINT">
                              <matrix sid="matrix">0.957214 0.140745 -0.252850 -0.000000 -0.145440 0.989367 0.000124 3.459100 0.250179 0.036655 0.967505 0.000000 0.000000 0.000000 0.000000 1.000000</matrix>
                            </node>
                          </node>
                        </node>
                      </node>
                      <node id="mixamorig_RightHandIndex1" name="mixamorig_RightHandIndex1" sid="mixamorig_RightHandIndex1" type="JOINT">
                        <matrix sid="matrix">0.996871 -0.041831 -0.067077 2.822000 -0.051849 0.294527 -0.954235 12.266600 0.059672 0.954727 0.291437 0.231800 0.000000 0.000000 0.000000 1.000000</matrix>
                        <node id="mixamorig_RightHandIndex2" name="mixamorig_RightHandIndex2" sid="mixamorig_RightHandIndex2" type="JOINT">
                          <matrix sid="matrix">0.993941 0.095299 -0.054761 -0.000000 -0.051425 -0.037112 -0.997987 3.892000 -0.097139 0.994757 -0.031986 0.000000 0.000000 0.000000 0.000000 1.000000</matrix>
                          <node id="mixamorig_RightHandIndex3" name="mixamorig_RightHandIndex3" sid="mixamorig_RightHandIndex3" type="JOINT">
                            <matrix sid="matrix">1.000000 0.000000 0.000000 0.000000 -0.000000 1.000000 -0.000000 3.415200 -0.000000 0.000000 1.000000 0.000000 0.000000 0.000000 0.000000 1.000000</matrix>
                            <node id="mixamorig_RightHandIndex4" name="mixamorig_RightHandIndex4" sid="mixamorig_RightHandIndex4" type="JOINT">
                              <matrix sid="matrix">0.999906 -0.002748 -0.013418 0.000000 0.002750 0.999996 0.000127 3.078000 0.013418 -0.000164 0.999910 0.000000 0.000000 0.000000 0.000000 1.000000</matrix>
                            </node>
                          </node>
                        </node>
                      </node>
                      <node id="mixamorig_RightHandMiddle1" name="mixamorig_RightHandMiddle1" sid="mixamorig_RightHandMiddle1" type="JOINT">
                        <matrix sid="matrix">0.998638 0.044588 -0.027100 0.000000 -0.035725 0.205750 -0.977952 12.775500 -0.038029 0.977588 0.207063 -0.000000 0.000000 0.000000 0.000000 1.000000</matrix>
                        <node id="mixamorig_RightHandMiddle2" name="mixamorig_RightHandMiddle2" sid="mixamorig_RightHandMiddle2" type="JOINT">
                          <matrix sid="matrix">0.993763 0.087659 -0.068931 -0.000000 -0.075231 0.070719 -0.994655 3.614000 -0.082316 0.993637 0.076873 -0.000000 0.000000 0.000000 0.000000 1.000000</matrix>
                          <node id="mixamorig_RightHandMiddle3" name="mixamorig_RightHandMiddle3" sid="mixamorig_RightHandMiddle3" type="JOINT">
                            <matrix sid="matrix">1.000000 0.000000 0.000000 0.000000 -0.000000 1.000000 0.000000 3.459800 0.000000 -0.000000 1.000000 0.000000 0.000000 0.000000 0.000000 1.000000</matrix>
                            <node id="mixamorig_RightHandMiddle4" name="mixamorig_RightHandMiddle4" sid="mixamorig_RightHandMiddle4" type="JOINT">
                              <matrix sid="matrix">0.999905 0.003417 -0.013389 -0.000000 -0.003415 0.999994 0.000126 3.680200 0.013390 -0.000080 0.999910 0.000000 0.000000 0.000000 0.000000 1.000000</matrix>
                            </node>
                          </node>
                        </node>
                      </node>
                      <node id="mixamorig_RightHandRing1" name="mixamorig_RightHandRing1" sid="mixamorig_RightHandRing1" type="JOINT">
                        <matrix sid="matrix">0.996613 0.057110 0.059172 -2.216600 0.054618 0.078248 -0.995437 12.147000 -0.061479 0.995297 0.074863 -0.010000 0.000000 0.000000 0.000000 1.000000</matrix>
                        <node id="mixamorig_RightHandRing2" name="mixamorig_RightHandRing2" sid="mixamorig_RightHandRing2" type="JOINT">
                          <matrix sid="matrix">0.991546 0.086645 -0.096588 0.000000 -0.098994 0.023906 -0.994801 3.601200 -0.083886 0.995952 0.032281 0.000000 0.000000 0.000000 0.000000 1.000000</matrix>
                          <node id="mixamorig_RightHandRing3" name="mixamorig_RightHandRing3" sid="mixamorig_RightHandRing3" type="JOINT">
                            <matrix sid="matrix">1.000000 -0.000000 0.000000 0.000000 -0.000000 1.000000 0.000000 3.307300 0.000000 0.000000 1.000000 0.000000 0.000000 0.000000 0.000000 1.000000</matrix>
                            <node id="mixamorig_RightHandRing4" name="mixamorig_RightHandRing4" sid="mixamorig_RightHandRing4" type="JOINT">
                              <matrix sid="matrix">0.999884 0.000602 -0.015226 0.000000 -0.000600 1.000000 0.000128 3.660100 0.015226 -0.000119 0.999884 0.000000 0.000000 0.000000 0.000000 1.000000</matrix>
                            </node>
                          </node>
                        </node>
                      </node>
                      <node id="mixamorig_RightHandPinky1" name="mixamorig_RightHandPinky1" sid="mixamorig_RightHandPinky1" type="JOINT">
                        <matrix sid="matrix">0.988107 0.090202 0.124531 -4.725800 0.136403 -0.140327 -0.980664 10.908200 -0.070983 0.985988 -0.150962 0.226100 0.000000 0.000000 0.000000 1.000000</matrix>
                        <node id="mixamorig_RightHandPinky2" name="mixamorig_RightHandPinky2" sid="mixamorig_RightHandPinky2" type="JOINT">
                          <matrix sid="matrix">0.982342 0.070703 -0.173223 0.000000 -0.162061 -0.141111 -0.976639 4.136700 -0.093495 0.987466 -0.127161 0.000000 0.000000 0.000000 0.000000 1.000000</matrix>
                          <node id="mixamorig_RightHandPinky3" name="mixamorig_RightHandPinky3" sid="mixamorig_RightHandPinky3" type="JOINT">
                            <matrix sid="matrix">1.000000 -0.000000 0.000000 -0.000000 0.000000 1.000000 -0.000000 2.594800 -0.000000 0.000000 1.000000 0.000000 0.000000 0.000000 0.000000 1.000000</matrix>
                            <node id="mixamorig_RightHandPinky4" name="mixamorig_RightHandPinky4" sid="mixamorig_RightHandPinky4" type="JOINT">
                              <matrix sid="matrix">0.999846 -0.004410 -0.016998 0.000000 0.004413 0.999990 0.000127 2.923900 0.016997 -0.000202 0.999856 0.000000 0.000000 0.000000 0.000000 1.000000</matrix>
                            </node>
                          </node>
                        </node>
                      </node>
                    </node>
                  </node>
                </node>
              </node>
            </node>
          </node>
        </node>
        <node id="mixamorig_LeftUpLeg" name="mixamorig_LeftUpLeg" sid="mixamorig_LeftUpLeg" type="JOINT">
          <matrix sid="matrix">-0.994931 -0.014735 0.099470 9.123900 0.076965 -0.748196 0.658999 -6.657200 0.064713 0.663315 0.745537 -0.055400 0.000000 0.000000 0.000000 1.000000</matrix>
          <node id="mixamorig_LeftLeg" name="mixamorig_LeftLeg" sid="mixamorig_LeftLeg" type="JOINT">
            <matrix sid="matrix">0.971185 -0.050881 -0.232832 0.000000 0.215766 -0.227191 0.949647 40.599400 -0.101216 -0.972520 -0.209666 0.000000 0.000000 0.000000 0.000000 1.000000</matrix>
            <node id="mixamorig_LeftFoot" name="mixamorig_LeftFoot" sid="mixamorig_LeftFoot" type="JOINT">
              <matrix sid="matrix">0.988442 -0.054096 0.141617 0.000000 0.149737 0.202505 -0.967766 42.098999 0.023674 0.977786 0.208265 0.000000 0.000000 0.000000 0.000000 1.000000</matrix>
              <node id="mixamorig_LeftToeBase" name="mixamorig_LeftToeBase" sid="mixamorig_LeftToeBase" type="JOINT">
                <matrix sid="matrix">0.980704 0.066399 -0.183878 0.000000 -0.143032 0.884879 -0.443318 15.721600 0.133274 0.461064 0.877302 0.000000 0.000000 0.000000 0.000000 1.000000</matrix>
                <node id="mixamorig_LeftToe_End" name="mixamorig_LeftToe_End" sid="mixamorig_LeftToe_End" type="JOINT">
                  <matrix sid="matrix">1.000000 -0.000000 -0.000000 0.000000 0.000000 1.000000 -0.000000 10.000000 -0.000000 0.000000 1.000000 0.000000 0.000000 0.000000 0.000000 1.000000</matrix>
                </node>
              </node>
            </node>
          </node>
        </node>
        <node id="mixamorig_RightUpLeg" name="mixamorig_RightUpLeg" sid="mixamorig_RightUpLeg" type="JOINT">
          <matrix sid="matrix">-0.992974 0.067465 -0.097214 -9.125000 -0.096451 -0.937396 0.334642 -6.655600 -0.068552 0.341668 0.937317 -0.055400 0.000000 0.000000 0.000000 1.000000</matrix>
          <node id="mixamorig_RightLeg" name="mixamorig_RightLeg" sid="mixamorig_RightLeg" type="JOINT">
            <matrix sid="matrix">0.999846 0.017296 -0.002956 -0.000000 -0.008641 0.631958 0.774955 40.599400 0.015272 -0.774810 0.632010 0.000000 0.000000 0.000000 0.000000 1.000000</matrix>
            <node id="mixamorig_RightFoot" name="mixamorig_RightFoot" sid="mixamorig_RightFoot" type="JOINT">
              <matrix sid="matrix">0.996645 0.029569 -0.076321 0.000000 -0.076297 -0.001920 -0.997083 42.098999 -0.029629 0.999561 0.000342 0.000000 0.000000 0.000000 0.000000 1.000000</matrix>
              <node id="mixamorig_RightToeBase" name="mixamorig_RightToeBase" sid="mixamorig_RightToeBase" type="JOINT">
                <matrix sid="matrix">0.972427 -0.229491 0.041470 0.000000 0.207966 0.772888 -0.599495 15.721600 0.105527 0.591590 0.799303 -0.000000 0.000000 0.000000 0.000000 1.000000</matrix>
                <node id="mixamorig_RightToe_End" name="mixamorig_RightToe_End" sid="mixamorig_RightToe_End" type="JOINT">
                  <matrix sid="matrix">1.000000 0.000000 0.000000 0.000000 -0.000000 1.000000 0.000000 10.000000 0.000000 0.000000 1.000000 0.000000 0.000000 0.000000 0.000000 1.000000</matrix>
                </node>
              </node>
            </node>
          </node>
        </node>
      </node>
    </visual_scene>
  </library_visual_scenes>
  <scene>
    <instance_visual_scene url="#RootNode"/>
  </scene>
</COLLADA>
